Tratta,Strada,Km,Comune,Pr,Consistenza gg,Leggeri,Pesanti
312011,A90,39.91,Roma,RM,360.0,137629,4371
312010,A90,33.093,Roma,RM,193.0,127167,3631
312013,A90,53.423,Roma,RM,359.0,123916,3595
312007,A90,14.236,Roma,RM,359.0,109070,3278
312014,A90,58.947,Roma,RM,336.0,106720,4188
312015,A90,63.893,Roma,RM,360.0,106048,2627
920004,A90,42.889,Roma,RM,358.0,103738,5033
16024,SS16,801.044,Bari,BA,357.0,102165,4908
920002,A90,25.202,Roma,RM,353.0,99505,4109
303002,SS36,17.013,Desio,MB,334.0,96620,4269
303001,SS36,10.366,Monza,MB,360.0,96165,3730
920001,A90,8.618,Roma,RM,360.0,95869,2924
416,SS36,23.269,Carate Brianza,MB,123.0,90915,3746
920102,A91,14.301,Fiumicino,RM,359.0,85509,1457
312006,A90,0.725,Roma,RM,283.0,84467,2985
1888_NEW,A2,22.136,Pontecagnano Faiano,SA,357.0,69910,5679
3488,SS36,49.281,Lecco,LC,315.0,66882,2208
920010,A91,9.302,Roma,RM,347.5,64949,1631
19105,RA15,6.983,Misterbianco,CT,358.0,64725,2384
19041,A19DIR,0.693,Palermo,PA,360.0,63736,1714
3433_NEW,RA12,12.719,San Giovanni Teatino,CH,353.0,60652,1102
303005,SS36,27.727,Giussano,MB,302.0,56993,3200
412018,SS2BIS,7.994,Roma,RM,360.0,56904,813
303003,SS36,34.5,Costa Masnaga,LC,360.0,56637,2810
412025,SS148,37.259,Ardea,RM,360.0,53216,2382
2279,SS18,61.326,Salerno,SA,360.0,52713,758
847,SS121,7.973,Motta Sant'Anastasia,CT,202.0,52618,1680
915,SS131DIR,4.382,Cagliari,CA,203.0,52198,721
900012,A2,11.594,Salerno,SA,350.0,52044,5738
671_NEW,A2,6.963,Salerno,SA,360.0,52022,5882
920072,SS75,0.927,Perugia,PG,231.0,51678,2174
1384,SS336,5.061,Gallarate,VA,360.0,49971,1778
15102,A2DIR-NA,1.401,Salerno,SA,360.0,46849,2145
50091,SS9VAR,3.032,Parma,PR,359.0,46446,1515
"920103
direz. Fiumicino",A91,12.882,Roma,RM,359.0,45826,739
16022,SS100,9.3,Capurso,BA,360.0,44525,2096
15104,A2,29.181,Battipaglia,SA,360.0,42219,4375
2275,RA10,5.057,Borgaro Torinese,TO,359.0,42118,1120
16008,SS694,2.612,Lecce,LE,360.0,41579,1412
16027,SS16,777.32,Molfetta,BA,361.0,40963,2580
3523,SS554,4.829,Monserrato,CA,358.0,40890,876
1898_NEW,A2DIR-RC,7.987,Reggio di Calabria,RC,360.0,39571,522
50001,SS9VAR,9.898,Parma,PR,357.0,39291,2558
50006,SS725,5.751,Piacenza,PC,359.0,39062,1861
508040,SS9VAR-A,2.127,Parma,PR,355.0,36347,980
16006,SS694,9.298,Cavallino,LE,128.0,36072,960
3226,A29,7.603,Carini,PA,359.0,35911,1075
10051,SS36,55.83,Abbadia Lariana,LC,349.0,35829,1038
412013,SS2,23.606,Formello,RM,360.0,35347,553
19016,A29,15.845,Cinisi,PA,360.0,34754,1135
513136,SS714,10.244,Pescara,PE,360.0,34282,658
WIM,RA15,1.488,Sant'Agata li Battiati,CT,314.0,32414,1715
"920101
direz. Fiumicino",A91,18.181,Fiumicino,RM,359.0,32198,605
10029,RA3,6.75,Monteriggioni,SI,179.0,31002,1668
412026,SS5,18.681,Guidonia Montecelio,RM,360.0,30794,773
10035,SS712,1.141,Malnate,VA,363.0,30215,970
409008,SS719,13.834,Agliana,PT,360.0,30184,646
19079,A19,11.737,Altavilla Milicia,PA,349.0,29961,1598
503062,SS9,298.114,Lodi,LO,352.0,29030,1530
19080,A29,21.537,Cinisi,PA,360.0,28525,1088
508060,SS724,19.086,Fiorano Modenese,MO,361.0,28361,1938
3207,SS613,18.068,Squinzano,LE,360.0,28041,1746
16012,SS7,653.404,Taranto,TA,360.0,27827,1409
127,SS7BIS,82.858,Avellino,AV,359.0,27817,343
50019,SS16,195.668,Rimini,RN,321.0,27778,737
452,SS45BIS,56.095,Prevalle,BS,349.0,27574,1891
15010,RA2,20.275,Solofra,AV,350.0,27363,556
10036,SS336DIR,8.247,Lonate Pozzolo,VA,322.0,27101,1627
1046,SS4,18.207,Roma,RM,323.0,26946,326
277,SS16,982.759,Melpignano,LE,360.0,26941,502
50051,SS9,3.274,Rimini,RN,177.0,26259,518
503061,SS9DIR,1.003,Lodi,LO,346.0,26093,1183
503063,SS42,22.651,Zanica,BG,358.0,25894,1345
19125,SS114,142.293,Priolo Gargallo,SR,360.0,25866,1063
920026,RA13,19.752,Trieste,TS,221.0,25841,2465
50020,SS16,208.325,Rimini,RN,359.0,25744,343
1889_NEW,A2,49.783,Campagna,SA,358.0,25362,3384
50002,SS722,4.468,Reggio nell'Emilia,RE,359.0,25046,2063
412012,SS2,29.78,Campagnano di Roma,RM,360.0,24858,513
310002,SS675,8.72,Terni,TR,360.0,24802,1374
50017,SS16,179.667,Cesenatico,FC,349.0,24173,1156
920022,RA13,3.992,Duino Aurisina,TS,295.0,24030,5192
15012,SS268RACC,0.034,Palma Campania,,360.0,23992,2072
505056,SS16,42.849,Rovigo,RO,360.0,23952,741
50018,SS16,187.402,Bellaria-Igea Marina,RN,257.0,23940,1384
920025,RA13,18.715,Trieste,TS,350.0,23872,2729
310001,SS675,11.387,Terni,TR,343.0,23654,2677
720,SS106,11.638,Reggio di Calabria,RC,358.0,23404,391
920042,A0,32.596,San Dorligo della Valle,TS,360.0,23127,1189
404,SS34,5.906,Verbania,VB,193.0,23093,413
15029,SS700,4.01,Caserta,CE,360.0,23021,574
412036,SS214,17.161,Veroli,FR,360.0,22638,621
230,SS16,14.541,Due Carrare,PD,298.0,22573,170
501024,SS703,15.468,Novara,NO,360.0,22260,1173
852,SS121,249.083,Misilmeri,PA,333.0,22154,456
50066,SS9,22.263,Cesena,FC,349.0,22143,1234
19112,A CT-SR,25.12,Augusta,SR,359.0,22118,1102
19108,A1,9.642,Carlentini,SR,360.0,22118,1405
508034,SS16,159.453,Ravenna,RA,362.0,22049,1108
412040,SS630,1.82,Cassino,FR,360.0,21613,966
312003,SS675,52.929,Vitorchiano,VT,358.0,21526,1017
2356,SS7VAR,7.046,Minturno,LT,362.0,21347,891
15021,SS18,94.458,Capaccio Paestum,SA,360.0,21302,319
412014,SS4DIR,3.005,Fiano Romano,RM,360.0,21186,1141
16,SS1,346.834,Vecchiano,PI,360.0,21156,505
14,SS1,311.534,Livorno,LI,360.0,21149,368
15013,SS268,21.887,Terzigno,,360.0,21104,1445
16011,SS7TER,10.556,Taranto,TA,348.0,21079,510
513135,SS714,18.687,Francavilla al Mare,CH,360.0,20995,558
1333,SS309,86.469,Chioggia,VE,350.0,20960,2717
50049,SS72,7.296,Coriano,RN,345.0,20782,679
2210,SS33,56.681,Castelletto sopra Ticino,NO,358.0,20746,329
17,SS1,393.289,Sarzana,SP,286.0,20731,347
739,SS106RADD,17.679,Corigliano-Rossano,CS,361.0,20677,686
106,SS700,12.771,Casapulla,CE,354.0,20575,474
15014,SS145,21.696,Meta,,359.0,20535,263
314,SS18,440.71,Vibo Valentia,VV,359.0,20401,404
50061,SS9,217.029,Fontanellato,PR,357.0,20359,1696
421,SS38,32.856,Castione Andevenno,SO,360.0,20340,809
2454,SS679,1.968,Arezzo,AR,307.0,20171,949
490,SS51,46.733,Longarone,BL,266.0,20050,587
10037,SS494,12.351,Vermezzo con Zelo,MI,281.0,20045,770
1563_NEW,SS434,5.32,San Giovanni Lupatoto,VR,171.5,19765,2875
10028,SS715,8.573,Asciano,SI,360.0,19712,1186
409159,SS439,55.771,Calcinaia,PI,176.0,19704,617
15020,SS18,81.121,Eboli,SA,359.0,19594,599
3139,SS3BIS,6.765,San Gemini,TR,360.0,19494,2371
1895_NEW,A2,306.947,Falerna,CZ,360.0,19460,2789
50056,SS9,143.19,Modena,MO,349.0,19417,792
3039,RA5,48.619,Potenza,PZ,360.0,19409,1062
501043,SS10,18.851,Chieri,TO,360.0,19335,384
16009,SS7,696.023,Latiano,BR,360.0,19303,955
1897_NEW,A2,402.895,Palmi,RC,360.0,19300,2218
417,SS36,59.037,Abbadia Lariana,LC,330.0,19276,1486
50013,SS12,191.462,Modena,MO,346.0,19230,967
50012,SS12,172.19,Modena,MO,359.0,19057,744
411009,SS16,285.146,Falconara Marittima,AN,352.0,19014,515
515118,SS372,68.474,Benevento,BN,363.0,19001,1602
1894_NEW,A2,245.66,Montalto Uffugo,CS,360.0,18814,2975
411001,SS746,5.202,Pesaro,PU,343.0,18743,307
724,SS106,175.094,Stalettì,CZ,283.0,18652,306
18003,A2,338.674,Francavilla Angitola,VV,360.0,18587,2375
19011,A29,39.223,Partinico,PA,319.0,18556,930
50054,SS9,124.137,Anzola dell'Emilia,BO,359.0,18487,1133
3210,SS624,3.476,Monreale,PA,352.0,18411,311
2105,SS16,398.737,Alba Adriatica,TE,361.0,18371,412
3150,SS318,2.383,Perugia,PG,351.0,18334,1192
3065,SS99,14.288,Matera,MT,316.0,18154,884
18024,SS280,14.503,Marcellinara,CZ,360.0,18098,904
50034,SS62,107.811,Collecchio,PR,219.0,17988,670
501025,SS703,5.181,Cameri,NO,363.0,17943,990
480,SS50,2.505,Belluno,BL,360.0,17853,332
1890_NEW,A2,64.475,Sicignano degli Alburni,SA,360.0,17788,2872
1003,SS172DIR,9.518,Fasano,BR,301.0,17681,342
16017,SS100,61.321,Mottola,TA,307.0,17584,1636
3191,SS14,14.485,Venezia,VE,332.0,17572,637
503049,SS38VAR,8.472,Cosio Valtellino,SO,314.0,17410,1019
1828,RA8,9.089,Voghiera,FE,175.0,17205,1129
208,SS13,13.004,Preganziol,TV,340.0,17139,354
16020,SS379,8.177,Fasano,BR,360.0,17117,1637
10018,SS3,152.223,Foligno,PG,359.0,17027,742
16021,SS100,24.147,Casamassima,BA,360.0,16975,1414
10050,A29RACC,1.151,Cinisi,PA,349.0,16886,323
513137,SS656,1.11,Chieti,CH,360.0,16875,183
50059,SS9,187.235,Reggio nell'Emilia,RE,359.0,16843,935
735,SS106,464.527,Castellaneta,TA,359.0,16787,2000
1502,SS394,4.701,Casciago,VA,347.0,16765,112
19127,SS114,154.013,Siracusa,SR,200.0,16728,780
16016,SS7,632.371,Massafra,TA,359.0,16649,918
50072,SS9,87.575,Castel San Pietro Terme,BO,252.0,16628,654
50014,SS12VAR-A,0.125,Medolla,MO,358.0,16542,1003
15009,SS7,233.78,Arpaia,BN,360.0,16472,601
505067,SS516DIR,3.714,Campolongo Maggiore,VE,360.0,16242,1035
3466,SS640,60.126,Caltanissetta,CL,360.0,16185,357
920035,SS202,8.751,San Dorligo della Valle,TS,337.0,16115,2594
16013,SS172,69.937,Taranto,TA,360.0,16080,321
3033_NEW,A2,387.737,Rizziconi,RC,361.0,16004,2199
3192,SS14,69.199,Fossalta di Portogruaro,VE,344.0,15945,435
2211,SS33,120.767,Domodossola,VB,297.0,15932,533
2276,SS26,92.456,Nus,AO,155.0,15876,212
412044,SS156,21.818,Prossedi,LT,360.0,15831,1607
1292,SS291VAR,8.506,Sassari,SS,112.0,15634,247
50032,SS45,132.439,Gossolengo,PC,352.0,15614,400
3399,SS342,67.783,Lurate Caccivio,CO,360.0,15586,150
16003,SS275,2.805,Muro Leccese,LE,361.0,15563,280
901001_NEW,A2,290.893,Martirano,CZ,357.0,15552,2472
251,SS16,422.222,Pineto,TE,360.0,15463,339
50022,SS16,222.605,Cattolica,RN,359.0,15380,326
412054,SS1,104.864,Montalto di Castro,VT,360.0,15329,1257
409005,SS223,61.751,Sovicille,SI,360.0,15313,713
501026,SS32,24.717,Pombia,NO,360.0,15244,308
50050,NSA313,0.991,San Lazzaro di Savena,BO,347.0,15139,340
950040_NEW,SS12,304.052,Sant'Ambrogio di Valpolicella,VR,363.0,15073,830
1001,SS99,5.074,Altamura,BA,359.0,15045,831
50055,SS9,130.76,Castelfranco Emilia,MO,343.0,14959,932
50021,SS16,216.62,Riccione,RN,350.0,14902,135
789,SS113,190.505,Cefalù,PA,360.0,14883,128
1151,SS233,65.434,Cugliate-Fabiasco,VA,296.0,14851,119
15026,A2,120.038,Casalbuono,SA,359.0,14805,2416
50037,SS63,99.582,Vezzano sul Crostolo,RE,352.0,14796,221
412042,SS2,21.162,Roma,RM,359.0,14795,123
50062,SS9,12.535,Savignano sul Rubicone,FC,352.0,14750,730
501030,SS393,6.121,Moncalieri,TO,349.0,14732,205
412034,SS6,73.198,Ferentino,FR,322.0,14658,196
209,SS13,44.777,Susegana,TV,211.0,14633,715
19008,SS115QUATER,0.959,Agrigento,AG,350.0,14595,144
517129,SS106,436.724,Pisticci,MT,360.0,14557,1897
50011,SS12,161.091,Maranello,MO,359.0,14511,756
19014,A29,48.973,Alcamo,TP,291.0,14459,839
1509,SS398,41.236,Piombino,LI,357.0,14390,837
515134,SS7,312.198,San Potito Ultra,AV,360.0,14237,465
1334,SS309,112.494,Campagna Lupia,VE,349.0,14234,2867
117,SS7,567.113,Matera,MT,360.0,14171,1067
15107,A2,355.558,Stefanaconi,VV,359.0,13991,2419
16019,SS172,44.043,Locorotondo,BA,360.0,13969,273
18013,A2,232.565,Bisignano,CS,360.0,13963,2234
3397,SS340,10.913,Laglio,CO,327.0,13910,162
862,SS554,15.701,Quartu Sant'Elena,CA,361.0,13806,237
50007,SS724DIR,3.11,Modena,MO,345.0,13752,941
411010,SS16,319.417,Castelfidardo,AN,360.0,13716,597
505071,SS14VAR,6.596,Portogruaro,VE,360.0,13650,545
900018,SS682,0.719,Rosarno,RC,314.0,13590,891
8,SS1,119.048,Montalto di Castro,VT,332.0,13506,1107
722,SS106,94.216,Portigliola,RC,360.0,13503,166
410004,SS318VAR,9.818,Valfabbrica,PG,360.0,13371,1002
632,SS85,35.267,Macchia d'Isernia,IS,340.0,13360,1369
19046,SS640,20.561,Favara,AG,360.0,13312,593
1891,A2,86.858,Atena Lucana,SA,360.0,13104,2524
409158,SS439,25.346,Lucca,LU,180.0,13089,80
3100,SS275,12.771,Surano,LE,360.0,13071,207
1896_NEW,A2,372.604,Mileto,VV,360.0,13022,2321
1332,SS309,68.175,Porto Viro,RO,283.0,12898,2667
19012,SS731,1.923,Alcamo,TP,360.0,12823,170
412056,SS6,47.03,Valmontone,RM,360.0,12807,265
411011,SS77DIR,102.415,Recanati,MC,240.0,12801,372
50053,SS9,102.782,San Lazzaro di Savena,BO,160.0,12763,249
412015,SS4,51.045,Poggio Nativo,RI,360.0,12691,378
16014,SS7,641.43,Taranto,TA,358.0,12610,783
508038,SS16,84.467,Ferrara,FE,358.0,12589,995
503051,SS629,0.962,Vergiate,VA,341.0,12551,811
363,SS25,25.868,Sant'Ambrogio di Torino,TO,346.0,12454,101
231,SS16,31.401,Stanghella,PD,334.0,12425,808
16010,SS7,677.55,Francavilla Fontana,BR,360.0,12294,1072
3116,SS113,241.683,Santa Flavia,PA,360.0,12268,120
50063,SS9,231.351,Alseno,PC,359.0,12264,1093
19010,SS113,307.458,Partinico,PA,360.0,12261,175
50038,SS63,104.456,Reggio nell'Emilia,RE,359.0,12258,215
18006,SS18,279.112,Belvedere Marittimo,CS,360.0,12202,222
412041,SS6,132.891,Villa Santa Lucia,FR,360.0,12183,166
412008,SS2,47.2,Sutri,VT,360.0,12131,253
508057,SS64VAR,7.273,Sasso Marconi,BO,360.0,12126,510
901002_NEW,A2,135.314,Rivello,PZ,360.0,12073,2201
412032,SS6,24.485,San Cesareo,RM,349.0,12070,222
503066,SS36RACC,6.328,Lecco,LC,308.0,12063,233
1893_NEW,A2,214.523,Altomonte,CS,352.0,12045,1866
409160,SS439,67.457,Ponsacco,PI,356.0,11964,99
50042,SS64,77.871,Sasso Marconi,BO,347.0,11945,127
481,SS50,15.863,Sedico,BL,285.0,11939,272
19106,SS106VAR-A,12.963,Catanzaro,CZ,345.0,11777,468
320002,S131DIR-CENT,108.776,Posada,NU,341.0,11720,409
19031,SS115,110.426,Sciacca,AG,361.0,11682,503
503,SS53,14.538,Carmignano di Brenta,PD,348.0,11652,2556
3219,SS189,56.022,Aragona,AG,360.0,11612,407
18004,A2,178.875,Morano Calabro,CS,207.0,11528,2088
19081,SS113,203.939,Campofelice di Roccella,PA,360.0,11501,152
240,SS16,243.197,Pesaro,PU,338.0,11303,94
505070,SS14VAR-B,1.553,San Donà di Piave,VE,360.0,11240,381
409156,SS439,7.783,Massarosa,LU,360.0,11229,139
307010,SS1,691.026,Ventimiglia,IM,360.0,11176,20
514100,SS710,4.096,Campobasso,CB,360.0,11105,514
2146,SS87,215.591,Termoli,CB,360.0,11095,630
2141,SS87,126.748,Vinchiaturo,CB,235.0,11086,531
3004,SS107,35.153,Cosenza,CS,360.0,11077,171
740,SS106RADD,26.228,Cassano all'Ionio,CS,237.0,11048,1010
780,SS113,20.6,Villafranca Tirrena,ME,360.0,11028,222
3209,SS113,97.973,Naso,ME,284.0,10990,110
154,SS9,291.177,San Martino in Strada,LO,337.0,10985,420
10040,NSA215,56.5,Ospitale di Cadore,BL,357.0,10966,403
3385,SS18,297.44,Cetraro,CS,359.0,10950,218
241,SS16,260.271,Fano,PU,360.0,10910,154
307009,SS1,658.623,Cipressa,IM,284.0,10779,133
796,SS113,311.009,Partinico,PA,360.0,10751,179
489,SS51,33.616,Ponte nelle Alpi,BL,360.0,10734,356
239,SS16,229.032,Pesaro,PU,360.0,10732,130
409016,SS1,238.412,Piombino,LI,360.0,10728,1106
1391,SS340,47.378,Porlezza,CO,352.0,10642,46
3445,SS89,179.428,Manfredonia,FG,362.0,10638,472
10062,A19,92.112,Alimena,PA,360.0,10623,1403
409017,SS680,4.176,Monte San Savino,AR,360.0,10588,263
782,SS113,47.444,Barcellona Pozzo di Gotto,ME,360.0,10550,98
90003,SS1VAR-A,0.251,Riccò del Golfo di Spezia,SP,235.0,10531,161
308,SS18,284.232,Belvedere Marittimo,CS,286.0,10515,194
3022,SS1DIR,2.094,Ventimiglia,IM,343.0,10483,213
307008,SS1,642.831,Diano Marina,IM,363.0,10475,81
320007,SS125VAR,5.582,Quartu Sant'Elena,CA,360.0,10439,147
10063,A29,64.027,Calatafimi-Segesta,TP,360.0,10425,530
3121,SS417,69.511,Catania,CT,341.0,10389,506
2108,SS80,93.044,Mosciano Sant'Angelo,TE,360.0,10373,196
320003,S131DIR-CENT,44.109,Orani,NU,358.0,10368,464
18025,SS106,166.06,Soverato,CZ,359.0,10365,240
19135,SS115,316.256,Ragusa,RG,360.0,10338,646
1394,SS341,12.957,Turbigo,MI,337.0,10288,274
3415,SS36,106.464,Novate Mezzola,SO,363.0,10276,194
2004,A29DIR,25.152,Trapani,TP,360.0,10269,484
307004,SS1,551.556,Arenzano,GE,359.0,10264,120
312004,SS675,36.17,Orte,VT,359.0,10260,941
508035,SS67,209.521,Ravenna,RA,360.0,10223,591
412007,SS2,58.348,Capranica,VT,360.0,10219,255
411008,SS424,1.976,Mondolfo,PU,360.0,10189,367
50010,SS12,135.999,Pavullo nel Frignano,MO,360.0,10113,181
508033,SS3BIS,244.939,Ravenna,RA,357.0,10052,2497
726,SS106,236.162,Isola di Capo Rizzuto,KR,363.0,10025,338
16028,SS96,75.595,Altamura,BA,360.0,10008,426
20001,SS3,112.569,Spoleto,PG,297.0,9999,643
10019,SS318,35.64,Gualdo Tadino,PG,360.0,9980,1049
501031,SS589,20.564,Cumiana,TO,360.0,9978,186
727,SS106,264.521,Strongoli,KR,363.0,9966,428
409109,SS65,9.518,Vaglia,FI,350.0,9951,195
15008,SS7,251.235,Ceppaloni,BN,354.0,9948,388
518,SS62,13.392,Aulla,MS,350.0,9898,65
411013,SS78,5.641,Urbisaglia,MC,360.0,9800,161
410015,SS219,10.092,Gubbio,PG,268.0,9774,592
19103,SS114,57.543,Calatabiano,CT,360.0,9765,43
19026,SS187,6.204,Erice,TP,347.0,9745,66
112,SS18VAR,121.416,Lustra,SA,360.0,9714,232
508059,SS12VAR-A,5.796,Mirandola,MO,350.0,9653,546
18027,SS106,158.075,ant'Andrea Apostolo dello Ioni,CZ,360.0,9646,162
258,SS16,531.081,Petacciato,CB,360.0,9633,470
18020,SS106,327.158,Corigliano-Rossano,CS,168.0,9614,424
920051,SS150,18.564,Canzano,TE,358.0,9610,290
503052,SS45BIS,81.967,Gargnano,BS,360.0,9610,101
411021,SS571,9.578,Recanati,MC,360.0,9570,410
257,SS16,510.337,Vasto,CH,359.0,9544,346
482,SS50BIS-VAR,15.129,Seren del Grappa,BL,344.0,9525,629
920074,SS13,62.268,Cordignano,TV,330.0,9502,460
18014,A2,206.892,Saracena,CS,358.0,9495,2154
19056,SS122,37.709,Canicattì,AG,360.0,9471,319
405,SS34,39.255,Cannobio,VB,210.0,9469,83
505069,SS14VAR-A,3.108,Musile di Piave,VE,360.0,9457,340
10045,SS372,5.27,Pietravairano,CE,363.0,9442,1602
15025,SS19,83.807,Padula,SA,344.0,9410,215
3470,SS658,10.875,Potenza,PZ,196.0,9403,452
658,SS89,161.883,Monte Sant'Angelo,FG,360.0,9362,163
494,SS51BIS,9.119,Lozzo di Cadore,BL,360.0,9354,169
3006,SS534,17.516,Cassano all'Ionio,CS,360.0,9316,1159
725,SS106,216.209,Cutro,KR,363.0,9286,408
411004,SS3,244.753,Acqualagna,PU,360.0,9170,564
3216,SS115,133.53,Sciacca,AG,351.0,9105,505
920068,SS3,155.466,Foligno,PG,363.0,9095,452
50015,SS12,221.783,Mirandola,MO,265.0,9004,616
10013,SS699,14.576,Roccasecca dei Volsci,LT,360.0,9004,353
15105,A2,164.454,Mormanno,CS,360.0,8983,2113
50023,SS309,22.399,Comacchio,FE,347.0,8973,3170
2237,SS26,43.75,Settimo Vittone,TO,357.0,8961,127
3459,SS67,56.523,Montelupo Fiorentino,FI,359.0,8915,20
19083,A19,80.057,Resuttano,CL,359.0,8875,1252
102,SS7,111.845,Monte San Biagio,LT,360.0,8793,250
16005,SS172,26.843,Castellana Grotte,BA,360.0,8788,257
411012,SS77DIR,0.0,Macerata,MC,332.0,8767,125
920039,SS52BIS,7.62,Arta Terme,UD,358.0,8701,101
4,SS1,45.038,Cerveteri,RM,360.0,8698,106
400,SS33,66.989,Meina,NO,266.0,8626,133
10032,SS33,126.759,Masera,VB,348.0,8606,349
999,SS172,12.844,Turi,BA,360.0,8579,203
3431,SS652,75.415,Mozzagrogna,CH,360.0,8557,1354
871,SS126,1.493,Sant'Antioco,SU,360.0,8554,115
19024,A29,70.251,Gibellina,TP,151.0,8523,455
316,SS18,482.107,Palmi,RC,360.0,8508,102
412046,SS7,78.254,Pontinia,LT,360.0,8480,444
3422,SS18,355.143,Nocera Terinese,CZ,360.0,8474,292
575,SS73,136.918,Arezzo,AR,355.0,8450,211
16018,SS7,623.643,Palagiano,TA,359.0,8385,194
233,SS16,65.223,Occhiobello,RO,295.0,8326,491
19114,SS194,22.108,Lentini,SR,157.0,8270,763
411019,SS77VAR,18.06,Serravalle di Chienti,MC,360.0,8236,784
50047,SS67,185.835,Forlì,FC,347.0,8229,163
15023,SS19,64.044,Atena Lucana,SA,360.0,8213,257
19115,SS114,106.167,Catania,CT,360.0,8207,694
19068,SS640,30.787,Canicattì,AG,360.0,8173,520
409110,SS65,13.546,Vaglia,FI,344.0,8124,74
10038,SS38,79.768,Grosio,SO,360.0,8115,321
66,SS4,86.027,Cittaducale,RI,349.0,8106,278
18010,SS283,35.622,San Marco Argentano,CS,360.0,8097,288
219,SS14,47.222,Ceggia,VE,193.0,7952,624
2216,SS231,57.208,Fossano,CN,360.0,7931,292
663,SS90,4.05,Mirabella Eclano,AV,360.0,7922,138
289,SS17,197.995,Cantalupo nel Sannio,IS,282.0,7914,579
492,SS51,96.419,Cortina d'Ampezzo,BL,281.0,7894,217
409166,SS439,40.882,Capannori,LU,356.0,7883,96
18022,SS106,319.626,Crosia,CS,360.0,7858,383
411025,SS362,5.267,Jesi,AN,358.0,7778,196
1387,SS337,15.019,Santa Maria Maggiore,VB,306.0,7772,16
838,SS118,143.205,Agrigento,AG,359.0,7735,119
19048,SS115,197.511,Favara,AG,353.0,7709,277
900014,SS107,129.666,Crotone,KR,363.0,7654,150
15002,SS7,161.173,Sessa Aurunca,CE,360.0,7653,325
50044,SS64,126.316,Malalbergo,BO,341.0,7556,322
2404,SS50BIS-VAR,3.781,Arsiè,BL,204.0,7551,707
3396,SS682,26.602,Mammola,RC,356.0,7513,284
812,SS115,88.168,Menfi,AG,306.0,7480,356
10017,SS79BIS,27.813,Terni,TR,173.0,7448,480
547,SS67,111.914,Rufina,FI,355.0,7438,103
19029,A29,89.362,Castelvetrano,TP,156.0,7410,389
19137,SS115,301.79,Vittoria,RG,360.0,7410,108
3521,SS7,298.104,Pratola Serra,AV,347.0,7402,151
1032,SS185,62.752,Gaggi,ME,363.0,7401,59
933,SS145,41.705,Piano di Sorrento,,363.0,7388,100
18005,SS106,371.869,Villapiana,CS,360.0,7333,1295
900013,SS106,273.605,Melissa,KR,360.0,7331,413
3193,SS52,79.217,Auronzo di Cadore,BL,360.0,7323,157
435,SS42,121.414,Monno,BS,358.0,7282,158
2238,SS28,48.522,Lesegno,CN,358.0,7268,219
19057,SS122,27.253,Canicattì,AG,359.0,7262,135
50036,SS63,80.959,Carpineti,RE,359.0,7245,140
1067,SS197,21.545,Sanluri,SU,360.0,7239,259
19109,SS114DIR,9.853,Carlentini,SR,324.0,7218,959
3429,SS650,76.162,San Salvo,CH,359.0,7214,905
1520,SS407,14.721,Brindisi Montagna,PZ,360.0,7193,821
412045,SS156,39.134,Sezze,LT,360.0,7124,926
411020,SS210,32.282,Servigliano,FM,357.0,7109,68
10031,SS717,5.843,Villanova d'Albenga,SV,345.0,7109,41
376,SS28,23.398,Magliano Alpi,CN,360.0,7086,212
2239,SS28,59.225,Nucetto,CN,344.0,7076,327
3520,SS647DIR-B,11.21,Ripalimosani,CB,359.0,7076,250
1147,SS231,69.87,Fossano,CN,360.0,7073,285
97,SS6DIR,5.722,Venafro,IS,244.0,7059,715
679,SS93,6.273,Barletta,BT,362.0,7023,564
920032,SS54,19.585,Cividale del Friuli,UD,317.0,7007,158
371,SS26,125.485,La Salle,AO,289.0,6936,151
412043,SS6,96.184,Ripi,FR,360.0,6924,143
3174,SS182,3.103,Vibo Valentia,VV,334.0,6911,230
513080,SS649,6.026,Torrevecchia Teatina,CH,327.0,6893,49
835,SS117BIS,83.277,Gela,CL,363.0,6888,429
517128,SS598,34.084,Marsico Nuovo,PZ,360.0,6869,241
19116,SS417,38.159,Mineo,CT,360.0,6797,438
15027,SS90DIR,1.361,Flumeri,AV,360.0,6777,183
501029,SS20,23.977,Carmagnola,TO,363.0,6770,175
67,SS4,96.528,Borgo Velino,RI,360.0,6768,213
410006,SS728,14.307,Corciano,PG,360.0,6734,336
3478,SS17,52.707,Barisciano,AQ,363.0,6711,193
412037,SS690,39.451,Sora,FR,360.0,6701,809
19120,SS514,34.545,Vizzini,CT,360.0,6699,704
16004,SS695,0.719,Otranto,LE,360.0,6613,76
369,SS26,66.959,Montjovet,AO,325.0,6602,99
519,SS62,35.191,Pontremoli,MS,359.0,6582,84
19047,SS189,60.036,Favara,AG,236.0,6577,173
885,SS128,2.723,Monastir,SU,279.0,6563,83
411003,SS745,5.633,Fermignano,PU,360.0,6556,247
312005,SS675,32.399,Orte,VT,357.0,6531,449
3059,SS7,582.022,Matera,MT,360.0,6494,280
507005,SS29VAR,0.815,Cairo Montenotte,SV,360.0,6490,547
409162,SS439,171.878,Follonica,GR,360.0,6461,142
825,SS115,394.649,Siracusa,SR,357.0,6455,109
543,SS67,24.844,Pontedera,PI,363.0,6447,69
50039,SS64,31.551,Alto Reno Terme,BO,124.0,6429,109
3505,SS21,3.724,Roccasparvera,CN,324.0,6414,479
19121,SS514,37.252,Vizzini,CT,363.0,6408,743
256,SS16,498.357,Casalbordino,CH,122.0,6390,279
320004,S131DIR-CENT,29.319,Ottana,NU,360.0,6377,386
19107,SS114,116.118,Carlentini,SR,360.0,6364,710
491,SS51,79.105,Valle di Cadore,BL,294.0,6354,321
910007,SS87,80.159,Torrecuso,BN,360.0,6354,644
307005,SS1,592.296,Finale Ligure,SV,360.0,6267,85
111,SS7,339.033,Nusco,AV,338.0,6264,328
920028,SS13,216.343,Tarvisio,UD,321.0,6231,90
515112,SS18VAR,140.402,Ceraso,SA,359.0,6208,94
2234,SS24,81.08,Oulx,TO,360.0,6163,174
3430,SS650,57.27,Tufillo,CH,349.0,6131,827
508042,SS723,4.63,Ferrara,FE,357.0,6112,441
10042,SS624,24.997,San Giuseppe Jato,PA,360.0,6108,126
10014,SS79,7.232,Contigliano,RI,361.0,6102,412
19065,SS640DIR,3.323,Caltanissetta,CL,360.0,6079,689
10058,SS73BIS,43.006,Sant'Angelo in Vado,PU,363.0,6078,215
18030,SS682,37.423,Siderno,RC,357.0,6060,107
50031,SS45,113.839,Travo,PC,353.0,5978,80
832,SS117BIS,41.582,Enna,EN,306.0,5921,180
313,SS18,426.647,Pizzo,VV,336.0,5900,214
3388,SS7RACC,7.192,Miglionico,MT,317.0,5898,487
3030,SS28,118.948,Chiusanico,IM,359.0,5828,164
19111,SS106VAR,0.216,Roseto Capo Spulico,CS,358.0,5823,1164
892,SS129,6.328,Onifai,NU,333.0,5806,138
3189,SS12VAR,1.536,Isola della Scala,VR,354.0,5787,891
19030,SS115,78.329,Castelvetrano,TP,228.0,5768,322
508037,SS16VAR,7.693,Alfonsine,RA,360.0,5730,728
320006,SS125VAR,40.134,San Vito,SU,359.0,5704,121
3512,SS653,1.292,Lauria,PZ,358.0,5703,249
15007,SS90BIS,5.456,Benevento,BN,360.0,5701,162
131,SS7BIS,65.316,Monteforte Irpino,AV,303.0,5684,121
3221,SS186,11.014,Monreale,PA,360.0,5672,62
16002,SS275,35.438,Gagliano del Capo,LE,357.0,5647,47
2284,SS19,56.566,Polla,SA,360.0,5635,322
728,SS106,305.514,Cariati,CS,360.0,5617,382
412029,SS5,55.474,Roviano,RM,360.0,5615,274
374,SS27,9.277,Gignod,AO,231.0,5606,151
320008,SS125VAR,27.687,Castiadas,SU,360.0,5597,112
517143,SS658,31.229,Filiano,PZ,360.0,5594,377
411007,SS360,8.022,Senigallia,AN,341.0,5561,105
1035,SS187,15.3,Valderice,TP,217.0,5525,149
19063,SS122TER,2.926,Canicattì,AG,341.0,5519,260
514097,SS647,28.948,Montagano,CB,323.0,5497,483
2283,SS19,11.536,Campagna,SA,246.0,5462,166
19054,SS115,221.716,Licata,AG,359.0,5455,275
409144,SS398,29.55,Suvereto,LI,354.0,5438,74
900050,SS517VAR,10.416,Caselle in Pittari,SA,360.0,5435,118
19075,SS121,83.112,Nissoria,EN,296.0,5416,30
19133,SS194,100.408,Modica,RG,355.0,5410,298
1715,SS526,16.268,Morimondo,MI,192.0,5407,71
977,SS163,40.071,Maiori,SA,253.0,5386,86
821,SS115,287.496,Acate,RG,360.0,5345,273
1527,SS410,15.206,Naro,AG,360.0,5333,23
3047,SS95VAR,8.216,Satriano di Lucania,PZ,360.0,5328,114
3040,RA5,26.336,Picerno,PZ,208.0,5270,678
261,SS16,630.411,Apricena,FG,360.0,5263,842
3222,SS187,30.333,Castellammare del Golfo,TP,283.0,5258,146
19036,SS115,138.374,Ribera,AG,338.0,5236,419
513079,SS263,9.9,Villamagna,CH,360.0,5231,71
1705,SS517VAR,26.454,Sanza,SA,356.0,5221,111
1068,SS197,28.563,Furtei,SU,363.0,5175,107
965,SS158,24.589,Rocchetta a Volturno,IS,257.0,5162,322
3552,SS336,23.49,Varallo Pombia,NO,268.0,5156,50
306,SS166,65.995,Atena Lucana,SA,360.0,5092,88
1627,SS466,5.463,Ussana,SU,358.0,5082,148
260,SS16,554.317,Campomarino,CB,284.0,5077,833
412048,SS7,66.893,Latina,LT,312.0,5062,397
411017,SS361,49.269,San Severino Marche,MC,360.0,5061,161
15019,SS163,47.755,Vietri sul Mare,SA,363.0,5060,46
3553,SS659,4.682,Crevoladossola,VB,338.0,5054,78
409007,SS146,9.709,Chiusi,SI,360.0,5046,111
409010,SS2,188.166,San Quirico d'Orcia,SI,359.0,5038,137
375,SS27,13.381,Etroubles,AO,291.0,5000,103
412030,SS578,6.791,Cittaducale,RI,360.0,4991,284
19132,SS115,346.656,Modica,RG,360.0,4989,61
19013,SS113,332.267,Alcamo,TP,360.0,4980,99
197,SS12,309.859,Dolcè,VR,312.0,4967,346
1751,SS557,2.289,Campobello di Licata,AG,360.0,4918,54
411016,SS256,31.35,Matelica,MC,360.0,4898,208
307003,SS1,485.166,Chiavari,GE,219.0,4886,28
19019,A29DIR-A,8.879,Misiliscemi,TP,360.0,4883,232
412006,SS675,80.733,Vetralla,VT,358.0,4860,352
15006,SS87,102.236,Sassinoro,BN,327.0,4837,567
577,SS73,175.335,Anghiari,AR,360.0,4824,371
307007,SS1,500.762,Camogli,GE,352.0,4813,60
304,SS18,148.135,Vallo della Lucania,SA,360.0,4731,33
3220,SS185,52.595,Francavilla di Sicilia,ME,363.0,4725,37
312001,SS675,74.165,Viterbo,VT,360.0,4707,343
19018,A29DIR-A,3.204,Paceco,TP,358.0,4680,221
15018,SS691,16.907,Valva,SA,351.0,4677,536
15017,SS7,360.175,Morra De Sanctis,AV,360.0,4564,487
19131,SS115,366.38,Noto,SR,357.0,4529,68
1887,SS189,2.99,Vicari,PA,334.0,4519,355
10001,SS653,66.407,Tursi,MT,362.0,4513,230
3211,SS113,298.179,Terrasini,PA,360.0,4499,32
19023,SS188,39.482,Salemi,TP,360.0,4480,63
19101,SS114,41.816,Letojanni,ME,363.0,4479,46
3117,SS287,1.463,Noto,SR,360.0,4460,56
527,SS63,16.742,Fivizzano,MS,307.0,4449,28
15024,SS19,54.751,Polla,SA,358.0,4435,184
517127,SS598,9.34,Brienza,PZ,363.0,4420,261
513141,SS263,23.855,Fara Filiorum Petri,CH,360.0,4405,84
515115,SS212VAR,9.302,Benevento,BN,360.0,4344,68
409117,SS68,40.867,Volterra,PI,360.0,4344,50
19059,SS190,35.398,Riesi,CL,360.0,4338,143
284,SS17,60.595,San Pio delle Camere,AQ,363.0,4322,172
551,SS67BIS,5.601,Cascina,PI,363.0,4301,111
286,SS17,103.925,Pettorano sul Gizio,AQ,352.0,4253,329
307001,SS1,431.507,Beverino,SP,356.0,4238,49
10010,SS87,213.996,Portocannone,CB,362.0,4221,174
2214,SS231,10.698,Isola d'Asti,AT,353.0,4219,119
411005,SS3,227.501,Cagli,PU,340.0,4196,353
919,SS133BIS,9.576,Santa Teresa Gallura,SS,359.0,4181,64
16035,SS16,607.151,Chieuti,FG,363.0,4176,866
517131,SS653,36.992,Senise,PZ,363.0,4119,203
378,SS28,98.882,Pornassio,IM,360.0,4098,121
18009,SS283,42.557,Tarsia,CS,360.0,4047,718
19053,SS115TER,0.176,Porto Empedocle,AG,319.0,4045,87
19064,SS191,21.46,Pietraperzia,EN,360.0,4045,45
18031,SS106,61.612,Brancaleone,RC,360.0,4024,68
498,SS52,85.016,Santo Stefano di Cadore,BL,236.0,3999,129
898,SS129BIS,27.732,Bosa,OR,360.0,3982,56
411006,SS424,53.248,Cagli,PU,348.0,3952,60
19055,SS626,9.481,Pietraperzia,EN,360.0,3947,851
3506,SS652,8.652,Rionero Sannitico,IS,349.0,3946,305
410007,SS71,95.332,Castiglione del Lago,PG,356.0,3926,119
19099,SS113DIR,18.502,Messina,ME,360.0,3914,52
19119,SS683,1.004,Licodia Eubea,CT,360.0,3893,109
526,SS63,11.809,Fivizzano,MS,321.0,3879,19
412019,SS698,5.137,Civitavecchia,RM,360.0,3866,574
1034,SS186,22.395,Borgetto,PA,156.0,3842,52
515113,SS18VAR,162.922,Roccagloriosa,SA,363.0,3820,46
19038,SS624,30.593,San Cipirello,PA,359.0,3814,120
409116,SS68,1.961,Cecina,LI,360.0,3806,119
409003,SS68,33.506,Volterra,PI,324.0,3766,44
428,SS39,9.469,Aprica,SO,356.0,3743,82
784,SS113,90.02,Piraino,ME,360.0,3737,28
19034,SS624,52.929,Poggioreale,TP,230.0,3728,114
187,SS12,38.624,Lucca,LU,187.0,3710,185
10068,SS196,31.67,Villacidro,SU,360.0,3642,70
666,SS90,79.706,Foggia,FG,346.0,3620,246
18021,SS531,2.892,Crosia,CS,360.0,3618,33
18008,SS283,49.299,Spezzano Albanese,CS,360.0,3591,698
19032,SS624,67.415,Santa Margherita di Belice,AG,360.0,3564,164
3223,SS624,79.415,Sciacca,AG,360.0,3561,180
19033,SS624,63.274,Santa Margherita di Belice,AG,359.0,3544,115
1048,SS190,6.873,Delia,CL,357.0,3453,46
50046,SS67,169.701,Dovadola,FC,183.0,3449,56
409011,SS439,153.784,Massa Marittima,GR,360.0,3442,46
513084,SS539,0.925,Manoppello,PE,360.0,3437,18
19090,SS123,35.671,Licata,AG,360.0,3436,69
501019,SS24,65.119,Exilles,TO,334.0,3435,117
513078,SS84,87.613,San Vito Chietino,CH,360.0,3427,33
19071,SS117BIS,11.932,Enna,EN,360.0,3420,76
3465,SS626,54.807,Butera,CL,360.0,3392,161
3475,SS626,29.67,Riesi,CL,338.0,3346,210
787,SS113,154.498,Reitano,ME,323.0,3342,29
19117,SS417,1.266,Caltagirone,CT,360.0,3309,367
920067,SS3,74.901,Narni,TR,326.0,3291,59
514094,SS627,70.183,Macchia d'Isernia,IS,360.0,3266,24
15005,SS6,160.831,Mignano Monte Lungo,CE,358.0,3243,62
19062,SS640,2.621,Agrigento,AG,355.0,3228,113
2201,SS20,96.274,Vernante,CN,323.0,3210,32
3526,SS3,182.939,Gualdo Tadino,PG,317.0,3163,313
19074,SS121,87.452,Leonforte,EN,360.0,3160,17
16032,SS170DIR-A,10.844,Andria,BT,360.0,3133,22
10034,SS36,129.428,San Giacomo Filippo,SO,360.0,3132,19
412011,SS3,48.323,Civita Castellana,VT,358.0,3122,171
1317,SS303,2.644,Mirabella Eclano,AV,348.0,3119,82
517121,SS655,69.795,Montemilone,PZ,360.0,3113,730
1301,SS293,61.042,Villaperuccio,SU,360.0,3099,44
1065,SS196DIR,8.932,Samassi,SU,360.0,3016,59
745,SS107,76.328,Casali del Manco,CS,295.0,3009,103
840,SS119,46.073,Partanna,TP,345.0,2989,73
10046,SS4,110.209,Posta,RI,358.0,2989,156
20002,SS219,36.769,Gubbio,PG,335.0,2986,241
501018,SS335,5.172,Oulx,TO,339.0,2979,40
1286,SS288,11.684,Ramacca,CT,267.0,2973,59
409006,SS2,165.545,Castiglione d'Orcia,SI,324.0,2966,127
412002,SS2,120.129,San Lorenzo Nuovo,VT,360.0,2962,83
1287,SS288,46.722,Aidone,EN,322.0,2961,46
530,SS64,5.956,Pistoia,PT,348.0,2952,55
10023,SS4,154.954,Acquasanta Terme,AP,360.0,2939,185
409013,SS439DIR,0.501,Lajatico,PI,360.0,2890,65
513101,SS650,35.327,Schiavi di Abruzzo,CH,360.0,2877,744
585,SS685,31.353,Norcia,PG,356.0,2873,127
689,SS96,64.234,Gravina in Puglia,BA,363.0,2853,260
411024,SS744,18.079,Urbino,PU,360.0,2837,222
10044,SS598,69.45,Gallicchio,PZ,363.0,2832,221
948,SS153,15.899,Ofena,AQ,345.0,2817,173
517132,SS653,52.714,Senise,PZ,360.0,2791,169
10012,SS17VAR-A,8.837,Forlì del Sannio,IS,334.0,2762,52
920029,SS13,228.383,Tarvisio,UD,232.0,2752,45
19061,SS626DIR,13.508,Ravanusa,AG,360.0,2734,72
680,SS93,33.381,Canosa di Puglia,BT,360.0,2697,498
348,SS21,27.908,Vinadio,CN,330.0,2686,449
19126,SS283VAR,5.359,San Marco Argentano,CS,359.0,2670,35
920038,SS54,104.363,Tarvisio,UD,276.0,2662,47
1054,SS192,67.447,Belpasso,CT,360.0,2661,104
18011,SS283,23.464,San Marco Argentano,CS,360.0,2657,33
410008,SS71,80.553,Città della Pieve,PG,360.0,2639,18
487,SS51,19.515,Vittorio Veneto,TV,359.0,2626,66
317,SS18,492.703,Seminara,RC,363.0,2620,18
10043,SS389VAR,35.837,Villagrande Strisaili,NU,360.0,2619,76
517126,SS743,30.994,Muro Lucano,PZ,360.0,2613,42
3225,SS190,18.412,Sommatino,CL,360.0,2603,74
1743,SS547,13.651,Ortacesus,SU,360.0,2598,36
878,SS127,51.33,Bortigiadas,SS,352.0,2594,79
10016,SS448,13.398,Baschi,TR,302.0,2575,162
920049,SS5QUATER,15.759,Sante Marie,AQ,353.0,2570,38
136,SS7TER,53.0,San Pancrazio Salentino,BR,360.0,2548,135
1062,SS195,88.315,Giba,SU,316.0,2512,19
1025,SS182,12.181,San Gregorio d'Ippona,VV,360.0,2497,2
514096,SS751,6.695,Oratino,CB,363.0,2489,28
1061,SS195,62.559,Teulada,SU,145.0,2453,62
411015,SS256,4.008,Camerino,MC,325.0,2441,50
619,SS81,115.803,Loreto Aprutino,PE,360.0,2421,40
3461,SS660,7.118,Bisignano,CS,340.0,2412,37
19102,SS283,2.972,Guardia Piemontese,CS,315.0,2366,38
3535,SS94DIR,1.822,Vietri di Potenza,PZ,360.0,2356,323
19087,SS120,71.602,Petralia Soprana,PA,361.0,2343,41
3537,SS655,112.389,Irsina,MT,363.0,2324,464
900004,SS126,98.416,Guspini,SU,360.0,2298,89
19089,SS117,12.701,Mistretta,ME,360.0,2291,10
2282,SS7,280.119,Venticano,AV,360.0,2242,101
842,SS120,74.198,Geraci Siculo,PA,360.0,2217,37
409112,SS65,42.305,Barberino di Mugello,FI,316.0,2216,82
19086,SS120,56.961,Petralia Sottana,PA,360.0,2206,34
3551,SS17,2.653,Antrodoco,RI,347.0,2191,72
3001,SS616,16.24,Altilia,CS,354.0,2174,72
2123,SS17,15.615,Scoppito,AQ,352.0,2167,86
830,SS117,1.569,Reitano,ME,235.0,2161,20
1255,SS7,598.442,Laterza,TA,223.0,2137,155
790,SS113,212.622,Termini Imerese,PA,360.0,2132,26
2291,SS7DIR-C,19.078,Pescopagano,PZ,357.0,2132,482
412055,SS578,36.785,Borgorose,RI,339.0,2123,262
517122,SS655,96.847,Genzano di Lucania,PZ,361.0,2079,566
854,SS122,53.058,Caltanissetta,CL,362.0,2063,16
1059,SS194,68.838,Giarratana,RG,354.0,2063,21
1107,SS212,58.817,Riccia,CB,343.0,2047,34
19042,SS121,200.741,Roccapalumba,PA,360.0,2035,65
10072,SS26DIR,8.21,Courmayeur,AO,358.0,2032,201
19022,SS188DIR-A,3.561,Salemi,TP,360.0,2018,21
849,SS121,98.054,Enna,EN,360.0,2009,33
409161,SS439,100.65,Volterra,PI,360.0,2003,105
548,SS67,121.544,San Godenzo,FI,336.0,1984,23
412057,SS4,120.377,Cittareale,RI,333.0,1982,141
15022,SS166,24.831,Castel San Lorenzo,SA,303.0,1979,33
50009,SS12,92.603,Fiumalbo,MO,350.0,1977,15
412003,SS2,138.516,Proceno,VT,360.0,1977,101
2106,SS17,90.862,Roccacasale,AQ,321.0,1963,81
410011,SS320,3.249,Cascia,PG,333.0,1948,84
18012,SS283,8.397,Guardia Piemontese,CS,299.0,1947,23
860,SS124,27.354,Grammichele,CT,360.0,1895,14
411023,SS78,64.497,Roccafluvione,AP,359.0,1847,56
2112,SS81,180.035,Casoli,CH,351.0,1845,63
1300,SS293,46.721,Siliqua,SU,360.0,1844,35
517130,SS742,13.836,Senise,PZ,361.0,1824,34
15016,SS303,15.697,Sturno,AV,360.0,1799,64
15030,SS18,203.076,Santa Marina,SA,360.0,1775,4
19017,SS113,360.823,Trapani,TP,360.0,1764,44
409002,SS439,109.732,Pomarance,PI,360.0,1759,95
1041,SS188,143.81,Castronovo di Sicilia,PA,360.0,1712,104
1296,SS292,80.555,Sennariolo,OR,360.0,1686,26
19095,SS116,50.221,Naso,ME,336.0,1635,77
1586,SS442,40.746,Masullas,OR,360.0,1592,29
797,SS113,343.032,Calatafimi-Segesta,TP,316.0,1580,23
412004,SS74,80.452,San Lorenzo Nuovo,VT,315.0,1538,93
1386,SS337,26.222,Re,VB,271.0,1533,0
1043,SS188DIR-A,10.275,Calatafimi-Segesta,TP,360.0,1497,42
1585,SS442,18.693,Assolo,OR,130.0,1484,28
1285,SS287,18.268,Noto,SR,360.0,1471,7
50045,SS67,156.764,Portico e San Benedetto,FC,360.0,1471,15
839,SS119,7.145,Alcamo,TP,358.0,1464,64
324,SS19,89.777,Montesano sulla Marcellana,SA,359.0,1451,30
410013,SS209,28.817,Scheggino,PG,360.0,1444,58
19118,SS117BIS,70.97,Caltagirone,CT,286.0,1426,64
990,SS169,17.983,Acerenza,PZ,357.0,1422,56
410001,SS418,12.086,Acquasparta,TR,360.0,1421,29
19084,SS121,196.789,Roccapalumba,PA,361.0,1391,32
1023,SS182,71.871,Chiaravalle Centrale,CZ,359.0,1391,16
19098,SS185,1.041,Rodì Milici,ME,360.0,1353,5
19060,SS626DIR,21.17,Naro,AG,360.0,1353,54
1052,SS191,49.079,Mazzarino,CL,360.0,1340,9
515114,SS369,39.186,Molinara,BN,363.0,1338,15
410009,SS71,50.664,Ficulle,TR,360.0,1331,13
3018,SS481,24.0,Oriolo,CS,360.0,1329,6
188,SS12,66.975,San Marcello Piteglio,PT,331.0,1324,50
1496,SS389DIR-A,3.203,Buddusò,SS,363.0,1299,33
1256,SS272,39.177,San Giovanni Rotondo,FG,360.0,1288,32
19052,SS118,127.558,Agrigento,AG,351.0,1278,5
1486,SS385,53.462,Caltagirone,CT,360.0,1273,43
1298,SS292DIR,6.09,Pozzomaggiore,SS,358.0,1242,52
18026,SS182,80.116,Petrizzi,CZ,360.0,1238,41
409009,SS65,53.408,Firenzuola,FI,349.0,1233,16
874,SS126,82.784,Arbus,SU,360.0,1225,10
19051,SS118,70.528,Santo Stefano Quisquina,AG,246.0,1209,51
409137,SS258,4.377,Sansepolcro,AR,360.0,1209,31
19122,SS120,126.15,Cerami,EN,355.0,1202,10
920037,SS54,81.991,Tarvisio,UD,321.0,1179,10
514099,SS87VAR,2.791,Ripabottoni,CB,360.0,1149,31
1050,SS190,64.877,Gela,CL,359.0,1144,87
918,SS133,28.393,Luogosanto,SS,360.0,1139,12
3554,SS659,22.653,Premia,VB,318.0,1135,23
18002,SS481,43.065,Amendolara,CS,359.0,1130,10
1720,SS531,6.725,Calopezzati,CS,360.0,1126,14
19082,SS120,39.968,Caltavuturo,PA,360.0,1123,34
1108,SS212,94.142,Sant'Elia a Pianisi,CB,359.0,1120,22
10049,SS113,16.333,Messina,ME,269.0,1117,7
365,SS25,55.981,Giaglione,TO,362.0,1107,8
754,SS108BIS,42.549,San Giovanni in Fiore,CS,341.0,1077,21
920031,SS52BIS,28.832,Paluzza,UD,345.0,1040,11
19093,SS120,119.505,Cerami,EN,327.0,1026,9
831,SS117,55.174,Nicosia,EN,194.0,1022,37
366,SS25,67.486,Venaus,TO,363.0,1007,4
19091,SS121,48.338,Regalbuto,EN,356.0,1005,9
10071,SS92,117.741,Sant'Arcangelo,PZ,342.0,976,27
50035,SS63,42.635,Ventasso,RE,353.0,964,15
19021,SS188,26.975,Salemi,TP,360.0,938,17
578,SS73BIS,27.782,Borgo Pace,PU,360.0,928,57
861,SS124,94.05,Palazzolo Acreide,SR,360.0,911,7
888,SS128,104.669,Sorgono,NU,360.0,904,22
1290,SS290,10.67,Alimena,PA,320.0,885,52
50030,SS45,64.547,Ottone,PC,354.0,876,2
1106,SS212,46.694,Colle Sannita,BN,359.0,867,27
858,SS123,15.034,Campobello di Licata,AG,360.0,856,60
1288,SS289,5.286,Acquedolci,ME,360.0,855,37
19069,SS121,125.235,Santa Caterina Villarmosa,CL,360.0,852,28
409220,SS258,29.796,Sestino,AR,363.0,847,27
19058,SS190,40.362,Butera,CL,359.0,830,78
19049,SS118,59.236,Prizzi,PA,340.0,821,23
618,SS81,90.182,Penne,PE,357.0,811,7
865,SS125,217.429,Orosei,NU,360.0,808,7
855,SS122,75.249,Caltanissetta,CL,360.0,795,16
889,SS128,147.925,Sarule,NU,360.0,793,14
15001,SS91,0.7,Contursi Terme,SA,359.0,703,21
882,SS127BIS,5.053,Sassari,SS,360.0,682,2
667,SS90BIS,43.408,Greci,AV,360.0,673,70
1494,SS389,87.593,Nuoro,NU,244.0,672,10
893,SS129,25.984,Oliena,NU,360.0,670,15
19123,SS124,86.614,Palazzolo Acreide,SR,213.0,666,17
19050,SS188,134.654,Prizzi,PA,360.0,666,11
19044,SS121,176.726,Vallelunga Pratameno,CL,360.0,659,12
513075,SS84,9.221,Palena,CH,251.0,650,3
1071,SS198,85.208,Lanusei,NU,351.0,636,26
1497,SS389DIR-B,13.694,Fonni,NU,360.0,631,9
2202,SS21,56.144,Argentera,CN,360.0,624,64
1303,SS295,6.975,Tonara,NU,291.0,589,11
848,SS121,140.387,Santa Caterina Villarmosa,CL,343.0,586,18
920076,SS52,64.208,Lorenzago di Cadore,BL,354.0,578,12
1070,SS198,13.485,Villanova Tulo,SU,360.0,571,7
1022,SS182,22.888,Francica,VV,349.0,560,2
327,SS19,102.932,Lagonegro,PZ,357.0,503,15
753,SS108BIS,33.591,Aprigliano,CS,360.0,495,8
3546,SS91,117.549,Campagna,SA,360.0,495,3
890,SS128BIS,17.821,Anela,SS,360.0,473,8
307002,SS1,457.568,Deiva Marina,SP,326.0,470,2
891,SS128BIS,66.284,Ozieri,SS,355.0,464,20
1281,SS285,23.644,Caccamo,PA,360.0,454,24
18019,SS177,39.626,Longobucco,CS,317.0,449,0
662,SS89DIR-B,8.452,Monte Sant'Angelo,FG,360.0,438,8
3049,SS481,2.778,San Paolo Albanese,PZ,360.0,436,6
3462,SS660,31.062,Acri,CS,360.0,419,3
1283,SS286,33.032,Geraci Siculo,PA,335.0,416,27
517125,SS743,2.824,Pescopagano,PZ,360.0,416,12
1294,SS292,13.474,Villanova Monteleone,SS,301.0,412,4
10067,SS388,28.089,Fordongianus,OR,360.0,409,10
16043,SS89,110.639,Vieste,FG,358.0,378,2
27,SS1BIS,19.331,Vetralla,VT,359.0,364,14
409015,SS398,15.808,Monterotondo Marittimo,GR,361.0,350,35
2110,SS81,76.438,Montefino,TE,359.0,320,5
19028,SS188,66.939,Montevago,AG,360.0,281,0
1024,SS182,79.469,Argusto,CZ,360.0,279,34
752,SS108BIS,9.194,Parenti,CS,352.0,278,34
1526,SS410,1.118,Castrofilippo,AG,292.0,227,0
1291,SS290,37.353,Villarosa,EN,187.0,220,0
1053,SS192,38.208,Agira,EN,343.0,205,4
1730,SS537,6.663,Orotelli,NU,211.0,203,0
1021,SS182,30.424,Soriano Calabro,VV,359.0,187,0
411018,SS361,96.354,Fiuminata,MC,329.0,176,4
887,SS128,69.523,Laconi,OR,314.0,152,0
1026,SS182,19.529,San Gregorio d'Ippona,VV,361.0,133,0
879,SS127,85.139,Martis,SS,355.0,130,2
962,SS158,4.835,Alfedena,AQ,360.0,125,0
288,SS17,160.203,Rionero Sannitico,IS,329.0,87,1
1027,SS182,62.309,Torre di Ruggiero,CZ,261.0,76,0
1500,SS392,26.887,Oschiri,SS,331.0,59,0
