Tratta,Strada,Comune,Pr,Leggeri,Pesanti,Postazioni,Latitudine inizio,Latitudine fine,Longitudine inizio,Longitudine fine
312011,A90,Roma,RM,137629,4371,312011A - 312011D,41.848437,41.847658,12.595825,12.59575
312010,A90,Roma,RM,127167,3631,312010D - 312010A,41.907122,41.907208,12.615758,12.615417
312013,A90,Roma,RM,123916,3595,312013D - 312013A,41.7987,41.798962,12.470603,12.470598
312007,A90,Roma,RM,109070,3278,312007A - 312007D,41.98171,41.981958,12.448968,12.447788
312014,A90,Roma,RM,106720,4188,312014A - 312014D,41.809693,41.809693,12.406042,12.406042
312015,A90,Roma,RM,106048,2627,312015D - 312015A,41.84697,41.846873,12.380872,12.381212
920004,A90,Roma,RM,103738,5033,920006 - 920004,41.824156,41.832961,12.580786,12.587347
16024,SS16,Bari,BA,102165,4908,16024D - 16024A,41.09584,41.094467,16.831677,16.835797
920002,A90,Roma,RM,99505,4109,920002,41.965006,0.0,12.566181,0.0
303002,SS36,Desio,MB,96620,4269,303002A - 303002D,45.618142,45.619107,9.224245,9.224008
303001,SS36,Monza,MB,96165,3730,303001D - 303001A,45.586062,45.566537,9.250037,9.244093
920001,A90,Roma,RM,95869,2924,920000 - 920001,41.959287,41.958572,12.388734,12.387111
416,SS36,Carate Brianza,MB,90915,3746,416,45.67368,0.0,9.21951,0.0
920102,A91,Fiumicino,RM,85509,1457,920102,41.806935,0.0,12.303205,0.0
312006,A90,Roma,RM,84467,2985,312006A - 312006D,41.890762,41.896778,12.381445,12.38182
1888_NEW,A2,Pontecagnano Faiano,SA,69910,5679,1888A - 1888D,40.639,40.6394,14.9034,14.9036
3488,SS36,Lecco,LC,66882,2208,3488,45.83884,0.0,9.39956,0.0
920010,A91,Roma,RM,64949,1631,920009 - 920010,41.81565,41.815847,12.361597,12.361886
19105,RA15,Misterbianco,CT,64725,2384,19105,37.5275,0.0,15.03175,0.0
19041,A19DIR,Palermo,PA,63736,1714,19041A - 19041D,38.087893,38.086005,13.391432,13.428727
3433_NEW,RA12,San Giovanni Teatino,CH,60652,1102,3433D - 3433A,42.424945,42.431907,14.173292,14.179205
303005,SS36,Giussano,MB,56993,3200,303005A - 303005D,45.709643,45.710323,9.228032,9.227613
412018,SS2BIS,Roma,RM,56904,813,412018,42.040306,0.0,12.42173,0.0
303003,SS36,Costa Masnaga,LC,56637,2810,303003A - 303003D,45.757317,45.75841,9.275443,9.276623
412025,SS148,Ardea,RM,53216,2382,412025A - 412025D,41.63149,41.634227,12.569155,12.56508
2279,SS18,Salerno,SA,52713,758,2279,40.651172,0.0,14.825208,0.0
847,SS121,Motta Sant'Anastasia,CT,52618,1680,847,37.521937,0.0,14.996557,0.0
915,SS131DIR,Cagliari,CA,52198,721,915,39.266333,0.0,9.095745,0.0
900012,A2,Salerno,SA,52044,5738,900012,40.698497,0.0,14.81921,0.0
671_NEW,A2,Salerno,SA,52022,5882,671D - 671A,40.7211,40.707198,14.7777,14.779293
920072,SS75,Perugia,PG,51678,2174,920072,43.085748,0.0,12.484123,0.0
1384,SS336,Gallarate,VA,49971,1778,1384,45.643176,0.0,8.792637,0.0
15102,A2DIR-NA,Salerno,SA,46849,2145,15102A - 15102D,40.686527,40.68536,14.769635,14.76174
50091,SS9VAR,Parma,PR,46446,1515,50091,44.809722,0.0,10.351667,0.0
16022,SS100,Capurso,BA,44525,2096,16022A - 16022D,41.054695,41.05476,16.910297,16.910405
15104,A2,Battipaglia,SA,42219,4375,15104A - 15104D,40.61776,40.618086,14.980985,14.981006
2275,RA10,Borgaro Torinese,TO,42118,1120,2275,45.146165,0.0,7.688464,0.0
16008,SS694,Lecce,LE,41579,1412,16008A - 16008D,40.354058,40.353888,18.131475,18.131668
16027,SS16,Molfetta,BA,40963,2580,16027A - 16027D,41.184878,41.18504,16.593582,16.593968
3523,SS554,Monserrato,CA,40890,876,3523,39.265077,0.0,9.12524,0.0
1898_NEW,A2DIR-RC,Reggio di Calabria,RC,39571,522,1898A - 1898D,38.1379,38.137201,15.6603,15.66027
50001,SS9VAR,Parma,PR,39291,2558,50001,44.816653,0.0,10.276572,0.0
50006,SS725,Piacenza,PC,39062,1861,50006,45.028101,0.0,9.700963,0.0
508040,SS9VAR-A,Parma,PR,36347,980,508040A - 508040D,44.79726,44.779891,10.28182,10.30015
16006,SS694,Cavallino,LE,36072,960,16006A - 16006D,40.323085,40.327248,18.175807,18.144263
3226,A29,Carini,PA,35911,1075,3226,38.174265,0.0,13.215403,0.0
10051,SS36,Abbadia Lariana,LC,35829,1038,10051 - 910051,45.883128,45.883536,9.364547,9.363265
412013,SS2,Formello,RM,35347,553,412013,42.064215,0.0,12.372711,0.0
19016,A29,Cinisi,PA,34754,1135,19016,38.179098,0.0,13.127675,0.0
513136,SS714,Pescara,PE,34282,658,513136D - 513136A,42.435488,42.435682,14.209978,14.213543
WIM,RA15,Sant'Agata li Battiati,CT,32414,1715,WIM,37.554568,0.0,15.086287,0.0
10029,RA3,Monteriggioni,SI,31002,1668,10029,43.389623,0.0,11.262397,0.0
412026,SS5,Guidonia Montecelio,RM,30794,773,412026,41.9481,0.0,12.6772,0.0
10035,SS712,Malnate,VA,30215,970,10035,45.786852,0.0,8.86462,0.0
409008,SS719,Agliana,PT,30184,646,409008,43.889977,0.0,11.017578,0.0
19079,A19,Altavilla Milicia,PA,29961,1598,19079D - 19079A,38.046608,38.041362,13.552063,13.558973
503062,SS9,Lodi,LO,29030,1530,503062A - 503062D,45.304687,45.30469,9.480552,9.480117
19080,A29,Cinisi,PA,28525,1088,19080A - 19080D,38.138608,38.15571,13.10111,13.114027
508060,SS724,Fiorano Modenese,MO,28361,1938,508060A - 508060D,44.553686,44.559528,10.816283,10.818373
3207,SS613,Squinzano,LE,28041,1746,3207,40.478252,0.0,18.045645,
16012,SS7,Taranto,TA,27827,1409,16012A - 16012D,40.508168,40.508748,17.275978,17.277545
127,SS7BIS,Avellino,AV,27817,343,127,40.902105,0.0,14.803795,0.0
50019,SS16,Rimini,RN,27778,737,50019,44.098314,0.0,12.499208,0.0
452,SS45BIS,Prevalle,BS,27574,1891,452,45.533537,0.0,10.403705,0.0
15010,RA2,Solofra,AV,27363,556,15010,40.837458,0.0,14.841477,0.0
10036,SS336DIR,Lonate Pozzolo,VA,27101,1627,10036,45.590748,0.0,8.714518,0.0
1046,SS4,Roma,RM,26946,326,1046,42.030903,0.0,12.546997,0.0
277,SS16,Melpignano,LE,26941,502,277,40.137263,0.0,18.291465,0.0
50051,SS9,Rimini,RN,26259,518,50051,44.069748,0.0,12.507055,0.0
503061,SS9DIR,Lodi,LO,26093,1183,503061A - 503061D,45.299212,45.299201,9.524048,9.523949
503063,SS42,Zanica,BG,25894,1345,503063,45.6311,0.0,9.6982,0.0
19125,SS114,Priolo Gargallo,SR,25866,1063,19125,37.146778,0.0,15.167462,0.0
920026,RA13,Trieste,TS,25841,2465,920026,45.666973,0.0,13.825377,0.0
50020,SS16,Rimini,RN,25744,343,50020,44.027031,0.0,12.613772,0.0
1889_NEW,A2,Campagna,SA,25362,3384,1889D - 1889A,40.62737,40.6269,15.206017,15.2062
50002,SS722,Reggio nell'Emilia,RE,25046,2063,50002,44.704072,0.0,10.6683,0.0
412012,SS2,Campagnano di Roma,RM,24858,513,412012A - 412012D,42.117066,42.142949,12.36399,12.350858
310002,SS675,Terni,TR,24802,1374,310002D - 310002A,42.569263,42.569942,12.585847,12.603505
50017,SS16,Cesenatico,FC,24173,1156,50017,44.207404,0.0,12.385416,0.0
920022,RA13,Duino Aurisina,TS,24030,5192,920022 - 920023,45.748762,45.747998,13.681005,13.682675
15012,SS268RACC,Palma Campania,,23992,2072,15012A - 15012D,40.844862,40.843638,14.53783,14.535663
505056,SS16,Rovigo,RO,23952,741,505056A - 505056D,45.066435,45.066371,11.805646,11.805901
50018,SS16,Bellaria-Igea Marina,RN,23940,1384,50018,44.1525,0.0,12.441389,0.0
920025,RA13,Trieste,TS,23872,2729,920025,45.674975,0.0,13.818505,0.0
310001,SS675,Terni,TR,23654,2677,310001D - 310001A,42.560692,42.568845,12.543798,12.570933
720,SS106,Reggio di Calabria,RC,23404,391,720,38.025562,0.0,15.655013,0.0
920042,A0,San Dorligo della Valle,TS,23127,1189,920043 - 920042,45.597885,45.604727,13.80943,13.824638
404,SS34,Verbania,VB,23093,413,404,45.943613,0.0,8.499372,0.0
15029,SS700,Caserta,CE,23021,574,15029,41.057528,0.0,14.360803,0.0
412036,SS214,Veroli,FR,22638,621,412036,41.667659,0.0,13.432394,0.0
230,SS16,Due Carrare,PD,22573,170,230,45.296247,0.0,11.790098,0.0
501024,SS703,Novara,NO,22260,1173,501024A - 501024D,45.424365,45.42422,8.609156,8.609031
852,SS121,Misilmeri,PA,22154,456,852,38.053722,0.0,13.46199,0.0
50066,SS9,Cesena,FC,22143,1234,50066,44.115833,0.0,12.303889,0.0
19112,A CT-SR,Augusta,SR,22118,1102,19112,37.247433,0.0,15.148786,0.0
19108,A1,Carlentini,SR,22118,1405,19108,37.343985,0.0,15.042139,0.0
508034,SS16,Ravenna,RA,22049,1108,508034,44.361526,0.0,12.254385,0.0
412040,SS630,Cassino,FR,21613,966,412040,41.4653,0.0,13.806,0.0
312003,SS675,Vitorchiano,VT,21526,1017,312003D - 312003A,42.455497,42.456732,12.156813,12.16413
2356,SS7VAR,Minturno,LT,21347,891,2356,41.261365,0.0,13.696255,0.0
15021,SS18,Capaccio Paestum,SA,21302,319,15021,40.431778,0.0,15.018288,0.0
412014,SS4DIR,Fiano Romano,RM,21186,1141,412014A - 412014D,42.146395,42.147331,12.618067,12.61959
16,SS1,Vecchiano,PI,21156,505,16,43.797128,0.0,10.314785,0.0
14,SS1,Livorno,LI,21149,368,14,43.516617,0.0,10.332178,0.0
15013,SS268,Terzigno,,21104,1445,15013,40.798727,0.0,14.51708,0.0
16011,SS7TER,Taranto,TA,21079,510,16011,40.460372,0.0,17.338722,0.0
513135,SS714,Francavilla al Mare,CH,20995,558,513135,42.4076,0.0,14.299,0.0
1333,SS309,Chioggia,VE,20960,2717,1333,45.19221,0.0,12.275363,0.0
50049,SS72,Coriano,RN,20782,679,50049,43.988973,0.0,12.527173,0.0
2210,SS33,Castelletto sopra Ticino,NO,20746,329,2210,45.719848,0.0,8.61982,0.0
17,SS1,Sarzana,SP,20731,347,17,44.091888,0.0,9.994188,0.0
739,SS106RADD,Corigliano-Rossano,CS,20677,686,739,39.663985,0.0,16.512083,0.0
106,SS700,Casapulla,CE,20575,474,106,41.087872,0.0,14.293735,0.0
15014,SS145,Meta,,20535,263,15014,40.646333,0.0,14.41329,0.0
314,SS18,Vibo Valentia,VV,20401,404,314,38.67074,0.0,16.083148,0.0
50061,SS9,Fontanellato,PR,20359,1696,50061,44.838889,0.0,10.1575,0.0
421,SS38,Castione Andevenno,SO,20340,809,421,46.161827,0.0,9.811223,0.0
2454,SS679,Arezzo,AR,20171,949,2454,43.464918,0.0,11.839112,0.0
490,SS51,Longarone,BL,20050,587,490,46.243285,0.0,12.29606,0.0
10037,SS494,Vermezzo con Zelo,MI,20045,770,10037,45.402613,0.0,8.972778,0.0
1563_NEW,SS434,San Giovanni Lupatoto,VR,19765,2875,1563A - 1563D,45.383183,45.389118,11.03073,11.023567
10028,SS715,Asciano,SI,19712,1186,10028,43.30673,0.0,11.444915,0.0
409159,SS439,Calcinaia,PI,19704,617,409159,43.6803,0.0,10.63077,0.0
15020,SS18,Eboli,SA,19594,599,15020,40.546182,0.0,14.9896,0.0
3139,SS3BIS,San Gemini,TR,19494,2371,3139,42.624582,0.0,12.55142,0.0
1895_NEW,A2,Falerna,CZ,19460,2789,1895D - 1895A,38.9911,38.9884,16.1387,16.1399
50056,SS9,Modena,MO,19417,792,50056,44.622612,0.0,10.996519,0.0
3039,RA5,Potenza,PZ,19409,1062,3039,40.62868,0.0,15.81653,0.0
501043,SS10,Chieri,TO,19335,384,501043,44.998485,0.0,7.850754,0.0
16009,SS7,Latiano,BR,19303,955,16009A - 16009D,40.563593,40.564548,17.742318,17.756588
1897_NEW,A2,Palmi,RC,19300,2218,1897A - 1897D,38.354,38.3612,15.8679,15.8651
417,SS36,Abbadia Lariana,LC,19276,1486,417,45.902707,0.0,9.335747,0.0
50013,SS12,Modena,MO,19230,967,50013,44.700725,0.0,10.949525,0.0
50012,SS12,Modena,MO,19057,744,50012,44.595132,0.0,10.923605,0.0
411009,SS16,Falconara Marittima,AN,19014,515,411009,43.648839,0.0,13.347999,0.0
515118,SS372,Benevento,BN,19001,1602,515118A - 515118D,41.1415,41.1416,14.7931,14.7933
1894_NEW,A2,Montalto Uffugo,CS,18814,2975,1894A - 1894D,39.4339,39.4373,16.2408,16.2406
411001,SS746,Pesaro,PU,18743,307,411001,43.8676,0.0,12.8288,0.0
724,SS106,Stalettì,CZ,18652,306,724,38.766093,0.0,16.56401,0.0
18003,A2,Francavilla Angitola,VV,18587,2375,18003D - 18003A,38.782478,38.782392,16.218202,16.217772
19011,A29,Partinico,PA,18556,930,19011A - 19011D,38.031373,38.031535,13.017768,13.018412
50054,SS9,Anzola dell'Emilia,BO,18487,1133,50054,44.54771,0.0,11.205603,0.0
3210,SS624,Monreale,PA,18411,311,3210,38.067935,0.0,13.322285,0.0
2105,SS16,Alba Adriatica,TE,18371,412,2105,42.834005,0.0,13.914922,0.0
3150,SS318,Perugia,PG,18334,1192,3150,43.110568,0.0,12.501952,0.0
3065,SS99,Matera,MT,18154,884,3065,40.706497,0.0,16.582503,0.0
18024,SS280,Marcellinara,CZ,18098,904,18024A - 18024D,38.907202,38.910763,16.411278,16.425203
50034,SS62,Collecchio,PR,17988,670,50034,44.756844,0.0,10.233017,0.0
501025,SS703,Cameri,NO,17943,990,501025A - 501025D,45.477736,45.47807,8.646713,8.646872
480,SS50,Belluno,BL,17853,332,480,46.172145,0.0,12.256667,0.0
1890_NEW,A2,Sicignano degli Alburni,SA,17788,2872,1890A - 1890D,40.5735,40.5954,15.3474,15.322
1003,SS172DIR,Fasano,BR,17681,342,1003,40.83118,0.0,17.350358,0.0
16017,SS100,Mottola,TA,17584,1636,16017A - 16017D,40.638202,40.608805,17.050008,17.06799
3191,SS14,Venezia,VE,17572,637,3191,45.537105,0.0,12.398713,0.0
503049,SS38VAR,Cosio Valtellino,SO,17410,1019,503049D - 503049A,46.1445,46.140318,9.4207,9.512907
1828,RA8,Voghiera,FE,17205,1129,1828,44.785305,0.0,11.740873,0.0
208,SS13,Preganziol,TV,17139,354,208,45.58728,0.0,12.234072,0.0
16020,SS379,Fasano,BR,17117,1637,16020A - 16020D,40.82395,40.823918,17.480063,17.481502
10018,SS3,Foligno,PG,17027,742,10018,42.953837,0.0,12.722685,0.0
16021,SS100,Casamassima,BA,16975,1414,16021D - 16021A,40.909707,40.926958,16.940723,16.932657
10050,A29RACC,Cinisi,PA,16886,323,10050,38.182798,0.0,13.140122,0.0
513137,SS656,Chieti,CH,16875,183,513137,42.382293,0.0,14.156384,0.0
50059,SS9,Reggio nell'Emilia,RE,16843,935,50059,44.741197,0.0,10.508408,0.0
735,SS106,Castellaneta,TA,16787,2000,735,40.490767,0.0,16.925287,0.0
1502,SS394,Casciago,VA,16765,112,1502,45.837697,0.0,8.775308,0.0
19127,SS114,Siracusa,SR,16728,780,19127,37.059995,0.0,15.225825,0.0
16016,SS7,Massafra,TA,16649,918,16016,40.591082,0.0,17.097215,0.0
50072,SS9,Castel San Pietro Terme,BO,16628,654,50072,44.394167,0.0,11.608633,0.0
50014,SS12VAR-A,Medolla,MO,16542,1003,50014,44.834761,0.0,11.052539,0.0
15009,SS7,Arpaia,BN,16472,601,15009,41.036232,0.0,14.535405,0.0
505067,SS516DIR,Campolongo Maggiore,VE,16242,1035,505067,45.323876,0.0,12.023922,0.0
3466,SS640,Caltanissetta,CL,16185,357,3466,37.482193,0.0,14.032115,0.0
920035,SS202,San Dorligo della Valle,TS,16115,2594,920035,45.612027,0.0,13.8449,0.0
16013,SS172,Taranto,TA,16080,321,16013A - 16013D,40.532127,40.534218,17.268253,17.269348
3033_NEW,A2,Rizziconi,RC,16004,2199,3033D - 3033A,38.4454,38.4511,15.9529,15.9667
3192,SS14,Fossalta di Portogruaro,VE,15945,435,3192,45.77867,0.0,12.911327,0.0
2211,SS33,Domodossola,VB,15932,533,2211,46.090062,0.0,8.293312,0.0
2276,SS26,Nus,AO,15876,212,2276,45.739728,0.0,7.434202,0.0
412044,SS156,Prossedi,LT,15831,1607,412044,41.5042,0.0,13.2315,0.0
1292,SS291VAR,Sassari,SS,15634,247,1292,40.728185,0.0,8.456617,0.0
50032,SS45,Gossolengo,PC,15614,400,50032,45.000954,0.0,9.668086,0.0
3399,SS342,Lurate Caccivio,CO,15586,150,3399,45.770563,0.0,8.985768,0.0
16003,SS275,Muro Leccese,LE,15563,280,16003D - 16003A,40.092147,40.099518,18.311677,18.314658
901001_NEW,A2,Martirano,CZ,15552,2472,901001A - 901001D,39.086592,39.0982,16.220667,16.2391
251,SS16,Pineto,TE,15463,339,251,42.648857,0.0,14.033693,0.0
50022,SS16,Cattolica,RN,15380,326,50022,43.951217,0.0,12.739174,0.0
412054,SS1,Montalto di Castro,VT,15329,1257,412054,42.3255,0.0,11.6366,0.0
409005,SS223,Sovicille,SI,15313,713,409005,43.249597,0.0,11.298519,0.0
501026,SS32,Pombia,NO,15244,308,501026,45.657937,0.0,8.618936,0.0
50050,NSA313,San Lazzaro di Savena,BO,15139,340,50050,44.479884,0.0,11.432613,0.0
950040_NEW,SS12,Sant'Ambrogio di Valpolicella,VR,15073,830,950040_NEW,45.517178,0.0,10.821261,0.0
1001,SS99,Altamura,BA,15045,831,1001,40.78534,0.0,16.555503,0.0
50055,SS9,Castelfranco Emilia,MO,14959,932,50055,44.569762,0.0,11.125846,0.0
50021,SS16,Riccione,RN,14902,135,50021,43.98344,0.0,12.679497,0.0
789,SS113,Cefalù,PA,14883,128,789,38.026268,0.0,13.981943,0.0
1151,SS233,Cugliate-Fabiasco,VA,14851,119,1151,45.930688,0.0,8.822505,0.0
15026,A2,Casalbuono,SA,14805,2416,15026,40.201357,0.0,15.686545,0.0
50037,SS63,Vezzano sul Crostolo,RE,14796,221,50037,44.611681,0.0,10.552814,0.0
412042,SS2,Roma,RM,14795,123,412042,42.043183,0.0,12.376169,0.0
50062,SS9,Savignano sul Rubicone,FC,14750,730,50062,44.09,0.0,12.413611,0.0
501030,SS393,Moncalieri,TO,14732,205,501030,44.955168,0.0,7.714113,0.0
412034,SS6,Ferentino,FR,14658,196,412034,41.6881,0.0,13.2486,0.0
209,SS13,Susegana,TV,14633,715,209,45.85897,0.0,12.26184,0.0
19008,SS115QUATER,Agrigento,AG,14595,144,19008A - 19008D,37.301577,37.301302,13.557343,13.557532
517129,SS106,Pisticci,MT,14557,1897,517129A - 517129D,40.298478,40.305287,16.727366,16.731831
50011,SS12,Maranello,MO,14511,756,50011,44.505959,0.0,10.874774,0.0
19014,A29,Alcamo,TP,14459,839,19014A - 19014D,38.000678,38.00041,12.919857,12.920372
1509,SS398,Piombino,LI,14390,837,1509,42.991033,0.0,10.571425,0.0
515134,SS7,San Potito Ultra,AV,14237,465,515134,40.9297,0.0,14.8667,0.0
1334,SS309,Campagna Lupia,VE,14234,2867,1334,45.363595,0.0,12.137612,0.0
117,SS7,Matera,MT,14171,1067,117,40.630602,0.0,16.591777,0.0
15107,A2,Stefanaconi,VV,13991,2419,15107A - 15107D,38.660128,38.660032,16.188252,16.188332
16019,SS172,Locorotondo,BA,13969,273,16019,40.748183,0.0,17.329795,0.0
18013,A2,Bisignano,CS,13963,2234,18013D - 18013A,39.519678,39.542863,16.212817,16.226033
3397,SS340,Laglio,CO,13910,162,3397,45.887578,0.0,9.14111,0.0
862,SS554,Quartu Sant'Elena,CA,13806,237,862,39.261327,,9.23213,0.0
50007,SS724DIR,Modena,MO,13752,941,50007 - 50008,44.608833,44.609293,10.906595,10.907027
411010,SS16,Castelfidardo,AN,13716,597,411010,43.469317,0.0,13.599699,0.0
505071,SS14VAR,Portogruaro,VE,13650,545,505071,45.783648,0.0,12.860071,0.0
900018,SS682,Rosarno,RC,13590,891,900018,38.473,0.0,16.001088,0.0
8,SS1,Montalto di Castro,VT,13506,1107,8,42.397357,0.0,11.51753,0.0
722,SS106,Portigliola,RC,13503,166,722,38.201655,0.0,16.23226,0.0
410004,SS318VAR,Valfabbrica,PG,13371,1002,410004,43.1813,0.0,12.6158,0.0
632,SS85,Macchia d'Isernia,IS,13360,1369,632,41.555828,0.0,14.168287,0.0
19046,SS640,Favara,AG,13312,593,19046D - 19046A,37.360703,37.360757,13.694887,13.694802
1891,A2,Atena Lucana,SA,13104,2524,1891,40.468015,0.0,15.538405,0.0
409158,SS439,Lucca,LU,13089,80,409158,43.85678,0.0,10.43867,0.0
3100,SS275,Surano,LE,13071,207,3100,40.014435,0.0,18.324235,0.0
1896_NEW,A2,Mileto,VV,13022,2321,1896A - 1896D,38.5525,38.4909,16.0696,16.01
1332,SS309,Porto Viro,RO,12898,2667,1332,45.034353,0.0,12.23908,0.0
19012,SS731,Alcamo,TP,12823,170,19012,38.014755,0.0,12.90872,0.0
412056,SS6,Valmontone,RM,12807,265,412056,41.76013,0.0,12.977735,0.0
411011,SS77DIR,Recanati,MC,12801,372,411011,43.3582,0.0,13.4923,0.0
50053,SS9,San Lazzaro di Savena,BO,12763,249,50053,44.457859,0.0,11.440615,0.0
412015,SS4,Poggio Nativo,RI,12691,378,412015,42.1999,0.0,12.803,0.0
16014,SS7,Taranto,TA,12610,783,16014,40.530657,0.0,17.166673,0.0
508038,SS16,Ferrara,FE,12589,995,508038,44.783541,0.0,11.641675,0.0
503051,SS629,Vergiate,VA,12551,811,503051A - 503051D,45.7315,45.7277,8.6806,8.6792
363,SS25,Sant'Ambrogio di Torino,TO,12454,101,363,45.094545,0.0,7.372353,0.0
231,SS16,Stanghella,PD,12425,808,231,45.157603,0.0,11.756597,0.0
16010,SS7,Francavilla Fontana,BR,12294,1072,16010D - 16010A,40.542812,40.545053,17.536927,17.541712
3116,SS113,Santa Flavia,PA,12268,120,3116,38.068903,0.0,13.535333,0.0
50063,SS9,Alseno,PC,12264,1093,50063,44.885713,0.0,9.993421,0.0
19010,SS113,Partinico,PA,12261,175,19010,38.05988,0.0,13.101968,0.0
50038,SS63,Reggio nell'Emilia,RE,12258,215,50038,44.645317,0.0,10.58425,0.0
18006,SS18,Belvedere Marittimo,CS,12202,222,18006,39.645517,0.0,15.839882,0.0
412041,SS6,Villa Santa Lucia,FR,12183,166,412041,41.4908,0.0,13.7734,0.0
412008,SS2,Sutri,VT,12131,253,412008,42.231086,0.0,12.253549,0.0
508057,SS64VAR,Sasso Marconi,BO,12126,510,508057,44.439651,0.0,11.27847,0.0
901002_NEW,A2,Rivello,PZ,12073,2201,901002A - 901002D,40.1006,40.1006,15.8016,15.8016
412032,SS6,San Cesareo,RM,12070,222,412032,41.8455,0.0,12.7491,0.0
503066,SS36RACC,Lecco,LC,12063,233,503066,45.87448,0.0,9.432683,0.0
1893_NEW,A2,Altomonte,CS,12045,1866,1893D - 1893A,39.693075,39.6895,16.234967,16.2295
409160,SS439,Ponsacco,PI,11964,99,409160,43.59946,0.0,10.66066,0.0
50042,SS64,Sasso Marconi,BO,11945,127,50042,44.409688,0.0,11.255714,0.0
481,SS50,Sedico,BL,11939,272,481,46.111127,0.0,12.124722,0.0
19106,SS106VAR-A,Catanzaro,CZ,11777,468,19106A - 19106D,38.862012,38.862075,16.62167,16.621563
320002,S131DIR-CENT,Posada,NU,11720,409,320002A - 320002D,40.668467,40.661438,9.71274,9.717527
19031,SS115,Sciacca,AG,11682,503,19031,37.529693,0.0,13.066413,0.0
503,SS53,Carmignano di Brenta,PD,11652,2556,503,45.618213,0.0,11.70598,0.0
3219,SS189,Aragona,AG,11612,407,3219,37.382693,0.0,13.63158,0.0
18004,A2,Morano Calabro,CS,11528,2088,18004D - 18004A,39.867572,39.863762,16.100613,16.090443
19081,SS113,Campofelice di Roccella,PA,11501,152,19081,37.982332,0.0,13.84833,0.0
240,SS16,Pesaro,PU,11303,94,240,43.885888,0.0,12.954982,0.0
505070,SS14VAR-B,San Donà di Piave,VE,11240,381,505070,45.602106,0.0,12.59476,0.0
409156,SS439,Massarosa,LU,11229,139,409156,43.90162,0.0,10.28061,0.0
307010,SS1,Ventimiglia,IM,11176,20,307010,43.793532,0.0,7.582968,0.0
514100,SS710,Campobasso,CB,11105,514,514100,41.5709,0.0,14.6835,0.0
2146,SS87,Termoli,CB,11095,630,2146,41.932053,0.0,14.985368,0.0
2141,SS87,Vinchiaturo,CB,11086,531,2141,41.51843,0.0,14.61168,0.0
3004,SS107,Cosenza,CS,11077,171,3004,39.29561,0.0,16.277095,0.0
740,SS106RADD,Cassano all'Ionio,CS,11048,1010,740,39.734312,0.0,16.476675,0.0
780,SS113,Villafranca Tirrena,ME,11028,222,780,38.244035,0.0,15.448577,0.0
3209,SS113,Naso,ME,10990,110,3209,38.151868,0.0,14.808278,0.0
154,SS9,San Martino in Strada,LO,10985,420,154,45.271177,0.0,9.549577,0.0
10040,NSA215,Ospitale di Cadore,BL,10966,403,10040,46.317592,0.0,12.316377,0.0
3385,SS18,Cetraro,CS,10950,218,3385,39.514475,0.0,15.939303,0.0
241,SS16,Fano,PU,10910,154,241,43.78812,0.0,13.10816,0.0
307009,SS1,Cipressa,IM,10779,133,307009,43.843142,0.0,7.915863,0.0
796,SS113,Partinico,PA,10751,179,796,38.032787,0.0,13.09693,0.0
489,SS51,Ponte nelle Alpi,BL,10734,356,489,46.153235,0.0,12.319612,0.0
239,SS16,Pesaro,PU,10732,130,239,43.94657,0.0,12.81678,0.0
409016,SS1,Piombino,LI,10728,1106,409016,42.979071,0.0,10.649923,0.0
1391,SS340,Porlezza,CO,10642,46,1391,46.024357,0.0,9.0827,0.0
3445,SS89,Manfredonia,FG,10638,472,3445,41.581805,0.0,15.775628,0.0
10062,A19,Alimena,PA,10623,1403,10062,37.645555,0.0,14.112142,0.0
409017,SS680,Monte San Savino,AR,10588,263,409017,43.350642,0.0,11.758035,0.0
782,SS113,Barcellona Pozzo di Gotto,ME,10550,98,782,38.143785,0.0,15.194435,0.0
90003,SS1VAR-A,Riccò del Golfo di Spezia,SP,10531,161,90003,44.130692,0.0,9.782332,0.0
308,SS18,Belvedere Marittimo,CS,10515,194,308,39.604952,0.0,15.86164,0.0
3022,SS1DIR,Ventimiglia,IM,10483,213,3022,43.783998,0.0,7.545502,0.0
307008,SS1,Diano Marina,IM,10475,81,307008,43.89361,0.0,8.073513,0.0
320007,SS125VAR,Quartu Sant'Elena,CA,10439,147,320007,39.185357,0.0,9.361252,0.0
10063,A29,Calatafimi-Segesta,TP,10425,530,10063,37.871782,0.0,12.94917,0.0
3121,SS417,Catania,CT,10389,506,3121,37.45872,0.0,14.99981,0.0
2108,SS80,Mosciano Sant'Angelo,TE,10373,196,2108,42.708132,0.0,13.894525,0.0
320003,S131DIR-CENT,Orani,NU,10368,464,320003A - 320003D,40.311443,40.320972,9.211435,9.266517
18025,SS106,Soverato,CZ,10365,240,18025,38.700798,0.0,16.534445,0.0
19135,SS115,Ragusa,RG,10338,646,19135,36.929062,0.0,14.658937,0.0
1394,SS341,Turbigo,MI,10288,274,1394,45.523715,0.0,8.72775,0.0
3415,SS36,Novate Mezzola,SO,10276,194,3415,46.224448,0.0,9.447918,0.0
2004,A29DIR,Trapani,TP,10269,484,2004,37.95271,0.0,12.668483,0.0
307004,SS1,Arenzano,GE,10264,120,307004,44.393668,0.0,8.664982,0.0
312004,SS675,Orte,VT,10260,941,312004D - 312004A,42.450872,42.452768,12.354898,12.36125
508035,SS67,Ravenna,RA,10223,591,508035,44.359632,0.0,12.15907,0.0
412007,SS2,Capranica,VT,10219,255,412007,42.272347,0.0,12.147144,0.0
411008,SS424,Mondolfo,PU,10189,367,411008,43.7527,0.0,13.128,0.0
50010,SS12,Pavullo nel Frignano,MO,10113,181,50010,44.32051,0.0,10.835145,0.0
508033,SS3BIS,Ravenna,RA,10052,2497,508033A - 508033D,44.334973,44.333958,12.212578,12.212734
726,SS106,Isola di Capo Rizzuto,KR,10025,338,726,39.0002,0.0,17.075394,0.0
16028,SS96,Altamura,BA,10008,426,16028,40.824627,0.0,16.488827,0.0
20001,SS3,Spoleto,PG,9999,643,20001,42.64294,0.0,12.729812,0.0
10019,SS318,Gualdo Tadino,PG,9980,1049,10019,43.265902,0.0,12.696252,0.0
501031,SS589,Cumiana,TO,9978,186,501031,44.958822,0.0,7.411425,0.0
727,SS106,Strongoli,KR,9966,428,727,39.236647,0.0,17.10316,0.0
409109,SS65,Vaglia,FI,9951,195,409109,43.83807,0.0,11.28935,0.0
15008,SS7,Ceppaloni,BN,9948,388,15008,41.069127,0.0,14.712688,0.0
518,SS62,Aulla,MS,9898,65,518,44.19939,0.0,9.954672,0.0
411013,SS78,Urbisaglia,MC,9800,161,411013,43.2133,0.0,13.3942,0.0
410015,SS219,Gubbio,PG,9774,592,410015,43.290849,0.0,12.657192,0.0
19103,SS114,Calatabiano,CT,9765,43,19103,37.804298,0.0,15.217932,0.0
19026,SS187,Erice,TP,9745,66,19026,38.023713,0.0,12.582285,0.0
112,SS18VAR,Lustra,SA,9714,232,112,40.267277,0.0,15.12828,0.0
508059,SS12VAR-A,Mirandola,MO,9653,546,508059,44.884218,0.0,11.050798,0.0
18027,SS106,ant'Andrea Apostolo dello Ioni,CZ,9646,162,18027,38.6353,0.0,16.549637,0.0
258,SS16,Petacciato,CB,9633,470,258,42.037668,0.0,14.842822,0.0
18020,SS106,Corigliano-Rossano,CS,9614,424,18020,39.606497,0.0,16.718293,0.0
920051,SS150,Canzano,TE,9610,290,920051,42.626933,0.0,13.815471,0.0
503052,SS45BIS,Gargnano,BS,9610,101,503052,45.669683,0.0,10.650136,0.0
411021,SS571,Recanati,MC,9570,410,411021,43.375537,0.0,13.573749,0.0
257,SS16,Vasto,CH,9544,346,257,42.165978,0.0,14.701478,0.0
482,SS50BIS-VAR,Seren del Grappa,BL,9525,629,482,46.007218,0.0,11.875208,0.0
920074,SS13,Cordignano,TV,9502,460,920074,45.94249,0.0,12.44436,0.0
18014,A2,Saracena,CS,9495,2154,18014A - 18014D,39.751657,39.751033,16.224082,16.22451
19056,SS122,Canicattì,AG,9471,319,19056,37.394413,0.0,13.854897,0.0
405,SS34,Cannobio,VB,9469,83,405,46.101348,0.0,8.696621,0.0
505069,SS14VAR-A,Musile di Piave,VE,9457,340,505069,45.599727,0.0,12.527958,0.0
10045,SS372,Pietravairano,CE,9442,1602,10045,41.31505,0.0,14.155445,0.0
15025,SS19,Padula,SA,9410,215,15025,40.307538,0.0,15.638543,0.0
3470,SS658,Potenza,PZ,9403,452,3470,40.722243,0.0,15.803592,0.0
658,SS89,Monte Sant'Angelo,FG,9362,163,658,41.65533,0.0,15.941793,0.0
494,SS51BIS,Lozzo di Cadore,BL,9354,169,494,46.47323,0.0,12.432988,0.0
3006,SS534,Cassano all'Ionio,CS,9316,1159,3006,39.723257,0.0,16.440125,0.0
725,SS106,Cutro,KR,9286,408,725,38.945053,0.0,16.927368,0.0
411004,SS3,Acqualagna,PU,9170,564,411004,43.6388,0.0,12.6987,0.0
3216,SS115,Sciacca,AG,9105,505,3216,37.492917,0.0,13.212313,0.0
920068,SS3,Foligno,PG,9095,452,920068,42.981172,0.0,12.720855,0.0
50015,SS12,Mirandola,MO,9004,616,50015,44.935832,0.0,11.072957,0.0
10013,SS699,Roccasecca dei Volsci,LT,9004,353,10013,41.44676,0.0,13.206572,0.0
15105,A2,Mormanno,CS,8983,2113,15105A - 15105D,39.9076,39.9136,15.9621,15.9646
50023,SS309,Comacchio,FE,8973,3170,50023,44.649688,0.0,12.234337,0.0
2237,SS26,Settimo Vittone,TO,8961,127,2237,45.554153,0.0,7.826962,0.0
3459,SS67,Montelupo Fiorentino,FI,8915,20,3459,43.733608,0.0,11.025042,0.0
19083,A19,Resuttano,CL,8875,1252,19083A - 19083D,37.718113,37.739528,14.037867,14.004907
102,SS7,Monte San Biagio,LT,8793,250,102,41.340577,0.0,13.334952,0.0
16005,SS172,Castellana Grotte,BA,8788,257,16005,40.828102,0.0,17.181458,0.0
411012,SS77DIR,Macerata,MC,8767,125,411012,43.3062,0.0,13.4415,0.0
920039,SS52BIS,Arta Terme,UD,8701,101,920039,46.46675,0.0,13.027043,0.0
4,SS1,Cerveteri,RM,8698,106,4,41.988362,0.0,12.041393,0.0
400,SS33,Meina,NO,8626,133,400,45.775903,0.0,8.542835,0.0
10032,SS33,Masera,VB,8606,349,10032,46.140403,0.0,8.309652,0.0
999,SS172,Turi,BA,8579,203,999,40.89164,0.0,17.04197,0.0
3431,SS652,Mozzagrogna,CH,8557,1354,3431,42.187707,0.0,14.468933,0.0
871,SS126,Sant'Antioco,SU,8554,115,871,39.063647,0.0,8.47882,0.0
19024,A29,Gibellina,TP,8523,455,19024D - 19024A,37.830637,37.830958,12.918418,12.918677
316,SS18,Palmi,RC,8508,102,316,38.396563,0.0,15.88451,0.0
412046,SS7,Pontinia,LT,8480,444,412046,41.4315,0.0,13.0431,0.0
3422,SS18,Nocera Terinese,CZ,8474,292,3422,39.031525,0.0,16.102605,0.0
575,SS73,Arezzo,AR,8450,211,575,43.42184,0.0,11.822787,0.0
16018,SS7,Palagiano,TA,8385,194,16018,40.585898,0.0,17.006963,0.0
233,SS16,Occhiobello,RO,8326,491,233,44.910493,0.0,11.652853,0.0
19114,SS194,Lentini,SR,8270,763,19114,37.262632,0.0,14.930398,0.0
411019,SS77VAR,Serravalle di Chienti,MC,8236,784,411019,43.0251,0.0,12.9068,0.0
50047,SS67,Forlì,FC,8229,163,50047,44.209167,0.0,12.001111,0.0
15023,SS19,Atena Lucana,SA,8213,257,15023,40.455715,0.0,15.542328,0.0
19115,SS114,Catania,CT,8207,694,19115,37.433446,0.0,15.065539,0.0
19068,SS640,Canicattì,AG,8173,520,19068D - 19068A,37.37817,37.377995,13.793742,13.79372
409110,SS65,Vaglia,FI,8124,74,409110,43.86798,0.0,11.29463,0.0
10038,SS38,Grosio,SO,8115,321,10038,46.305892,0.0,10.300423,0.0
66,SS4,Cittaducale,RI,8106,278,66,42.380663,0.0,12.964732,0.0
18010,SS283,San Marco Argentano,CS,8097,288,18010,39.613072,0.0,16.211957,0.0
219,SS14,Ceggia,VE,7952,624,219,45.699007,0.0,12.672272,0.0
2216,SS231,Fossano,CN,7931,292,2216,44.587022,0.0,7.752613,0.0
663,SS90,Mirabella Eclano,AV,7922,138,663,41.060227,0.0,14.979875,0.0
289,SS17,Cantalupo nel Sannio,IS,7914,579,289,41.53017,0.0,14.39459,0.0
492,SS51,Cortina d'Ampezzo,BL,7894,217,492,46.493933,0.0,12.17974,0.0
409166,SS439,Capannori,LU,7883,96,409166,43.793648,0.0,10.577575,0.0
18022,SS106,Crosia,CS,7858,383,18022,39.595433,0.0,16.801657,0.0
411025,SS362,Jesi,AN,7778,196,411025,43.487708,0.0,13.291052,0.0
1387,SS337,Santa Maria Maggiore,VB,7772,16,1387,46.134133,0.0,8.452688,0.0
838,SS118,Agrigento,AG,7735,119,838,37.339268,0.0,13.5675,0.0
19048,SS115,Favara,AG,7709,277,19048,37.247053,0.0,13.668215,0.0
900014,SS107,Crotone,KR,7654,150,900014,39.145403,0.0,17.04694,0.0
15002,SS7,Sessa Aurunca,CE,7653,325,15002,41.239812,0.0,13.827408,0.0
50044,SS64,Malalbergo,BO,7556,322,50044,44.722118,0.0,11.54212,0.0
2404,SS50BIS-VAR,Arsiè,BL,7551,707,2404,45.968738,0.0,11.754263,0.0
3396,SS682,Mammola,RC,7513,284,3396,38.35844,0.0,16.227167,0.0
812,SS115,Menfi,AG,7480,356,812,37.626403,0.0,12.947665,0.0
10017,SS79BIS,Terni,TR,7448,480,10017,42.574113,0.0,12.685325,0.0
547,SS67,Rufina,FI,7438,103,547,43.850562,0.0,11.516537,0.0
19029,A29,Castelvetrano,TP,7410,389,19029A - 19029D,37.700282,37.699723,12.819007,12.819222
19137,SS115,Vittoria,RG,7410,108,19137,36.955153,0.0,14.575273,0.0
3521,SS7,Pratola Serra,AV,7402,151,3521,40.988268,0.0,14.87809,0.0
1032,SS185,Gaggi,ME,7401,59,1032,37.852715,0.0,15.22589,0.0
933,SS145,Piano di Sorrento,,7388,100,933,40.617515,0.0,14.424098,0.0
18005,SS106,Villapiana,CS,7333,1295,18005,39.787073,0.0,16.473053,0.0
900013,SS106,Melissa,KR,7331,413,900013,39.316955,0.0,17.109017,0.0
3193,SS52,Auronzo di Cadore,BL,7323,157,3193,46.518032,0.0,12.46525,0.0
435,SS42,Monno,BS,7282,158,435,46.20132,0.0,10.346455,0.0
2238,SS28,Lesegno,CN,7268,219,2238,44.398338,0.0,7.980045,0.0
19057,SS122,Canicattì,AG,7262,135,19057,37.362012,0.0,13.790523,0.0
50036,SS63,Carpineti,RE,7245,140,50036,44.498947,0.0,10.488572,0.0
1067,SS197,Sanluri,SU,7239,259,1067,39.5559,0.0,8.869772,0.0
19109,SS114DIR,Carlentini,SR,7218,959,19109,37.318903,0.0,15.030112,0.0
3429,SS650,San Salvo,CH,7214,905,3429,42.04824,0.0,14.762448,0.0
1520,SS407,Brindisi Montagna,PZ,7193,821,1520,40.598837,0.0,15.984208,0.0
412045,SS156,Sezze,LT,7124,926,412045,41.4892,0.0,13.0459,0.0
411020,SS210,Servigliano,FM,7109,68,411020,43.0842,0.0,13.4977,0.0
10031,SS717,Villanova d'Albenga,SV,7109,41,10031,44.029842,0.0,8.131892,0.0
376,SS28,Magliano Alpi,CN,7086,212,376,44.435592,0.0,7.790213,0.0
2239,SS28,Nucetto,CN,7076,327,2239,44.351867,0.0,8.055955,0.0
3520,SS647DIR-B,Ripalimosani,CB,7076,250,3520,41.64176,0.0,14.64257,0.0
1147,SS231,Fossano,CN,7073,285,1147,44.495968,0.0,7.668833,0.0
97,SS6DIR,Venafro,IS,7059,715,97,41.441517,0.0,14.014217,0.0
679,SS93,Barletta,BT,7023,564,679,41.294197,0.0,16.214717,0.0
920032,SS54,Cividale del Friuli,UD,7007,158,920032,46.108223,0.0,13.467217,0.0
371,SS26,La Salle,AO,6936,151,371,45.73653,0.0,7.071332,0.0
412043,SS6,Ripi,FR,6924,143,412043,41.5834,0.0,13.422,0.0
3174,SS182,Vibo Valentia,VV,6911,230,3174,38.705542,0.0,16.123548,0.0
513080,SS649,Torrevecchia Teatina,CH,6893,49,513080,42.3816,0.0,14.2413,0.0
835,SS117BIS,Gela,CL,6888,429,835,37.131213,0.0,14.305737,0.0
517128,SS598,Marsico Nuovo,PZ,6869,241,517128,40.3642,0.0,15.7836,0.0
19116,SS417,Mineo,CT,6797,438,19116,37.354953,0.0,14.703397,0.0
15027,SS90DIR,Flumeri,AV,6777,183,15027,41.08921,0.0,15.099807,0.0
501029,SS20,Carmagnola,TO,6770,175,501029,44.81542,0.0,7.701918,0.0
67,SS4,Borgo Velino,RI,6768,213,67,42.407817,0.0,13.067152,0.0
410006,SS728,Corciano,PG,6734,336,410006,43.1679,0.0,12.3146,0.0
3478,SS17,Barisciano,AQ,6711,193,3478,42.317483,0.0,13.582333,0.0
412037,SS690,Sora,FR,6701,809,412037,41.7686,0.0,13.6017,0.0
19120,SS514,Vizzini,CT,6699,704,19120,37.182733,0.0,14.719898,0.0
16004,SS695,Otranto,LE,6613,76,16004,40.144257,0.0,18.480077,0.0
369,SS26,Montjovet,AO,6602,99,369,45.694578,0.0,7.670925,0.0
519,SS62,Pontremoli,MS,6582,84,519,44.360627,0.0,9.899337,0.0
19047,SS189,Favara,AG,6577,173,19047,37.355178,0.0,13.628025,0.0
885,SS128,Monastir,SU,6563,83,885,39.412123,0.0,9.058695,0.0
411003,SS745,Fermignano,PU,6556,247,411003,43.6672,0.0,12.6248,0.0
312005,SS675,Orte,VT,6531,449,312005D - 312005A,42.461097,42.454272,12.413885,12.404917
3059,SS7,Matera,MT,6494,280,3059,40.680085,0.0,16.617868,0.0
507005,SS29VAR,Cairo Montenotte,SV,6490,547,507005,44.369355,0.0,8.29406,0.0
409162,SS439,Follonica,GR,6461,142,409162,42.960035,0.0,10.796986,0.0
825,SS115,Siracusa,SR,6455,109,825,36.96895,0.0,15.18968,0.0
543,SS67,Pontedera,PI,6447,69,543,43.662072,0.0,10.684172,0.0
50039,SS64,Alto Reno Terme,BO,6429,109,50039,44.132448,0.0,10.990707,0.0
3505,SS21,Roccasparvera,CN,6414,479,3505,44.33361,0.0,7.442765,0.0
19121,SS514,Vizzini,CT,6408,743,19121,37.182272,0.0,14.748608,0.0
256,SS16,Casalbordino,CH,6390,279,256,42.199117,0.0,14.607998,0.0
320004,S131DIR-CENT,Ottana,NU,6377,386,320004A - 320004D,40.247553,40.248992,9.070867,9.077153
19107,SS114,Carlentini,SR,6364,710,19107,37.34792,0.0,15.08255,0.0
491,SS51,Valle di Cadore,BL,6354,321,491,46.413168,0.0,12.312862,0.0
910007,SS87,Torrecuso,BN,6354,644,910007,41.203552,0.0,14.736917,0.0
307005,SS1,Finale Ligure,SV,6267,85,307005,44.189148,0.0,8.412509,0.0
111,SS7,Nusco,AV,6264,328,111,40.87052,0.0,15.09005,0.0
920028,SS13,Tarvisio,UD,6231,90,920028,46.506362,0.0,13.520165,0.0
515112,SS18VAR,Ceraso,SA,6208,94,515112,40.1934,0.0,15.2666,0.0
2234,SS24,Oulx,TO,6163,174,2234,45.02005,0.0,6.83179,0.0
3430,SS650,Tufillo,CH,6131,827,3430,41.910198,0.0,14.6519,0.0
508042,SS723,Ferrara,FE,6112,441,508042,44.819673,0.0,11.581073,0.0
10042,SS624,San Giuseppe Jato,PA,6108,126,10042,37.976392,0.0,13.182825,0.0
10014,SS79,Contigliano,RI,6102,412,10014,42.419543,0.0,12.782327,0.0
19065,SS640DIR,Caltanissetta,CL,6079,689,19065,37.474408,0.0,14.060397,0.0
10058,SS73BIS,Sant'Angelo in Vado,PU,6078,215,10058,43.672423,0.0,12.437718,0.0
18030,SS682,Siderno,RC,6060,107,18030,38.296612,0.0,16.311028,0.0
50031,SS45,Travo,PC,5978,80,50031,44.864444,0.0,9.554722,0.0
832,SS117BIS,Enna,EN,5921,180,832,37.426947,0.0,14.370563,0.0
313,SS18,Pizzo,VV,5900,214,313,38.745302,0.0,16.18759,0.0
3388,SS7RACC,Miglionico,MT,5898,487,3388,40.560193,0.0,16.493167,0.0
3030,SS28,Chiusanico,IM,5828,164,3030,43.985775,0.0,7.970203,0.0
19111,SS106VAR,Roseto Capo Spulico,CS,5823,1164,19111A - 19111D,40.02404,40.023474,16.601952,16.602395
892,SS129,Onifai,NU,5806,138,892,40.396318,0.0,9.663243,0.0
3189,SS12VAR,Isola della Scala,VR,5787,891,3189,45.25387,0.0,11.01403,0.0
19030,SS115,Castelvetrano,TP,5768,322,19030,37.643945,0.0,12.838727,0.0
508037,SS16VAR,Alfonsine,RA,5730,728,508037,44.504218,0.0,12.061001,0.0
320006,SS125VAR,San Vito,SU,5704,121,320006,39.374485,0.0,9.537033,0.0
3512,SS653,Lauria,PZ,5703,249,3512,40.072478,0.0,15.878982,0.0
15007,SS90BIS,Benevento,BN,5701,162,15007,41.142437,0.0,14.838623,0.0
131,SS7BIS,Monteforte Irpino,AV,5684,121,131,40.925498,0.0,14.657395,0.0
3221,SS186,Monreale,PA,5672,62,3221,38.058925,0.0,13.259588,0.0
16002,SS275,Gagliano del Capo,LE,5647,47,16002,39.825046,0.0,18.368674,0.0
2284,SS19,Polla,SA,5635,322,2284,40.515865,0.0,15.507187,0.0
728,SS106,Cariati,CS,5617,382,728,39.514484,0.0,16.918641,0.0
412029,SS5,Roviano,RM,5615,274,412029,42.0243,0.0,12.9863,0.0
374,SS27,Gignod,AO,5606,151,374,45.791158,0.0,7.290442,0.0
320008,SS125VAR,Castiadas,SU,5597,112,320008,39.26887,0.0,9.537077,0.0
517143,SS658,Filiano,PZ,5594,377,517143,40.8664,0.0,15.6967,0.0
411007,SS360,Senigallia,AN,5561,105,411007,43.657,0.0,13.1663,0.0
1035,SS187,Valderice,TP,5525,149,1035,38.040473,0.0,12.664845,0.0
19063,SS122TER,Canicattì,AG,5519,260,19063,37.357657,0.0,13.864317,0.0
514097,SS647,Montagano,CB,5497,483,514097,41.66251,0.0,14.640098,0.0
2283,SS19,Campagna,SA,5462,166,2283,40.605912,0.0,15.102112,0.0
19054,SS115,Licata,AG,5455,275,19054,37.146277,0.0,13.841142,0.0
409144,SS398,Suvereto,LI,5438,74,409144,43.061,0.0,10.66342,0.0
900050,SS517VAR,Caselle in Pittari,SA,5435,118,900050,40.155532,0.0,15.52417,0.0
19075,SS121,Nissoria,EN,5416,30,19075,37.648247,0.0,14.418762,0.0
19133,SS194,Modica,RG,5410,298,19133,36.820882,0.0,14.775753,0.0
1715,SS526,Morimondo,MI,5407,71,1715,45.34177,0.0,8.96651,0.0
977,SS163,Maiori,SA,5386,86,977,40.637277,0.0,14.67634,0.0
821,SS115,Acate,RG,5345,273,821,36.990224,0.0,14.442036,0.0
1527,SS410,Naro,AG,5333,23,1527,37.275178,0.0,13.79625,0.0
3047,SS95VAR,Satriano di Lucania,PZ,5328,114,3047,40.553253,0.0,15.64853,0.0
3040,RA5,Picerno,PZ,5270,678,3040,40.621566,0.0,15.582017,0.0
261,SS16,Apricena,FG,5263,842,261,41.794465,0.0,15.310763,0.0
3222,SS187,Castellammare del Golfo,TP,5258,146,3222,38.031242,0.0,12.80838,0.0
19036,SS115,Ribera,AG,5236,419,19036,37.470653,0.0,13.227473,0.0
513079,SS263,Villamagna,CH,5231,71,513079,42.331701,0.0,14.254641,0.0
1705,SS517VAR,Sanza,SA,5221,111,1705,40.247242,0.0,15.591648,0.0
1068,SS197,Furtei,SU,5175,107,1068,39.573182,0.0,8.94529,0.0
965,SS158,Rocchetta a Volturno,IS,5162,322,965,41.631925,0.0,14.098317,0.0
3552,SS336,Varallo Pombia,NO,5156,50,3552,45.67002,0.0,8.651675,0.0
306,SS166,Atena Lucana,SA,5092,88,306,40.455697,0.0,15.528458,0.0
1627,SS466,Ussana,SU,5082,148,1627,39.385423,0.0,9.097653,0.0
260,SS16,Campomarino,CB,5077,833,260,41.93983,0.0,15.0721,0.0
412048,SS7,Latina,LT,5062,397,412048,41.5051,0.0,12.9483,0.0
411017,SS361,San Severino Marche,MC,5061,161,411017,43.2656,0.0,13.2545,0.0
15019,SS163,Vietri sul Mare,SA,5060,46,15019,40.664895,0.0,14.71286,0.0
3553,SS659,Crevoladossola,VB,5054,78,3553,46.187172,0.0,8.321737,0.0
409007,SS146,Chiusi,SI,5046,111,409007,43.028069,0.0,11.875764,0.0
409010,SS2,San Quirico d'Orcia,SI,5038,137,409010,43.0665,0.0,11.5691,0.0
375,SS27,Etroubles,AO,5000,103,375,45.807447,0.0,7.25067,0.0
412030,SS578,Cittaducale,RI,4991,284,412030,42.3612,0.0,12.9283,0.0
19132,SS115,Modica,RG,4989,61,19132,36.808393,0.0,14.830533,0.0
19013,SS113,Alcamo,TP,4980,99,19013,37.97877,0.0,12.937152,0.0
197,SS12,Dolcè,VR,4967,346,197,45.564888,0.0,10.825828,0.0
1751,SS557,Campobello di Licata,AG,4918,54,1751,37.264393,0.0,13.941562,0.0
411016,SS256,Matelica,MC,4898,208,411016,43.2942,0.0,12.9927,0.0
307003,SS1,Chiavari,GE,4886,28,307003,44.325062,0.0,9.303108,0.0
19019,A29DIR-A,Misiliscemi,TP,4883,232,19019A - 19019D,37.943655,37.942903,12.534992,12.533468
412006,SS675,Vetralla,VT,4860,352,412006D - 412006A,42.29907,42.29928,11.970231,11.970354
15006,SS87,Sassinoro,BN,4837,567,15006,41.364253,0.0,14.674837,0.0
577,SS73,Anghiari,AR,4824,371,577,43.531768,0.0,12.08961,0.0
307007,SS1,Camogli,GE,4813,60,307007,44.343898,0.0,9.177832,0.0
304,SS18,Vallo della Lucania,SA,4731,33,304,40.2187,0.0,15.27432,0.0
3220,SS185,Francavilla di Sicilia,ME,4725,37,3220,37.89267,0.0,15.15893,0.0
312001,SS675,Viterbo,VT,4707,343,312001A - 312001D,42.348035,42.346123,11.981148,11.981827
19018,A29DIR-A,Paceco,TP,4680,221,19018A - 19018D,37.953213,37.952623,12.597005,12.596038
15018,SS691,Valva,SA,4677,536,15018,40.766668,0.0,15.241427,0.0
15017,SS7,Morra De Sanctis,AV,4564,487,15017,40.888388,0.0,15.256555,0.0
19131,SS115,Noto,SR,4529,68,19131,36.849323,0.0,14.994685,0.0
1887,SS189,Vicari,PA,4519,355,1887,37.769892,0.0,13.596692000000001,0.0
10001,SS653,Tursi,MT,4513,230,10001,40.212367,0.0,16.503017,0.0
3211,SS113,Terrasini,PA,4499,32,3211,38.12312,0.0,13.076178,0.0
19023,SS188,Salemi,TP,4480,63,19023,37.814447,0.0,12.815337,0.0
19101,SS114,Letojanni,ME,4479,46,19101,37.891557,0.0,15.319362,0.0
3117,SS287,Noto,SR,4460,56,3117,37.046212,0.0,14.943547,0.0
527,SS63,Fivizzano,MS,4449,28,527,44.237135,0.0,10.125648,0.0
15024,SS19,Polla,SA,4435,184,15024,40.526987,0.0,15.491945,0.0
517127,SS598,Brienza,PZ,4420,261,517127,40.461779,0.0,15.591831,0.0
513141,SS263,Fara Filiorum Petri,CH,4405,84,513141,42.2363,0.0,14.178492,0.0
515115,SS212VAR,Benevento,BN,4344,68,515115,41.2078,0.0,14.7943,0.0
409117,SS68,Volterra,PI,4344,50,409117,43.395847,0.0,10.886878,0.0
19059,SS190,Riesi,CL,4338,143,19059,37.268232,0.0,14.107862,0.0
284,SS17,San Pio delle Camere,AQ,4322,172,284,42.278447,0.0,13.657177,0.0
551,SS67BIS,Cascina,PI,4301,111,551,43.657972,0.0,10.5054,0.0
286,SS17,Pettorano sul Gizio,AQ,4253,329,286,42.013985,0.0,13.943962,0.0
307001,SS1,Beverino,SP,4238,49,307001,44.19788,0.0,9.766158,0.0
10010,SS87,Portocannone,CB,4221,174,10010,41.91813,0.0,14.98028,0.0
2214,SS231,Isola d'Asti,AT,4219,119,2214,44.831263,0.0,8.173843,0.0
411005,SS3,Cagli,PU,4196,353,411005,43.5047,0.0,12.6358,0.0
919,SS133BIS,Santa Teresa Gallura,SS,4181,64,919,41.215405,0.0,9.245443,0.0
16035,SS16,Chieuti,FG,4176,866,16035,41.92387,0.0,15.141987,0.0
517131,SS653,Senise,PZ,4119,203,517131,40.101,0.0,16.2563,0.0
378,SS28,Pornassio,IM,4098,121,378,44.083447,0.0,7.872945,0.0
18009,SS283,Tarsia,CS,4047,718,18009,39.660547,0.0,16.261738,0.0
19053,SS115TER,Porto Empedocle,AG,4045,87,19053,37.295815,0.0,13.50033,0.0
19064,SS191,Pietraperzia,EN,4045,45,19064,37.418788,0.0,14.149017,0.0
18031,SS106,Brancaleone,RC,4024,68,18031,37.949823,0.0,16.087653,0.0
498,SS52,Santo Stefano di Cadore,BL,3999,129,498,46.538225,0.0,12.52161,0.0
898,SS129BIS,Bosa,OR,3982,56,898,40.288195,0.0,8.503677,0.0
411006,SS424,Cagli,PU,3952,60,411006,43.5409,0.0,12.6743,0.0
19055,SS626,Pietraperzia,EN,3947,851,19055,37.46634,0.0,14.131528,0.0
3506,SS652,Rionero Sannitico,IS,3946,305,3506,41.703182,0.0,14.142568,0.0
410007,SS71,Castiglione del Lago,PG,3926,119,410007,43.0714,0.0,12.0594,0.0
19099,SS113DIR,Messina,ME,3914,52,19099,38.290293,0.0,15.563507,0.0
19119,SS683,Licodia Eubea,CT,3893,109,19119,37.186038,0.0,14.681597,0.0
526,SS63,Fivizzano,MS,3879,19,526,44.21287,0.0,10.09206,0.0
412019,SS698,Civitavecchia,RM,3866,574,412019,42.137782,0.0,11.795031,0.0
1034,SS186,Borgetto,PA,3842,52,1034,38.057133,0.0,13.167757,0.0
515113,SS18VAR,Roccagloriosa,SA,3820,46,515113,40.0911,0.0,15.4295,0.0
19038,SS624,San Cipirello,PA,3814,120,19038,37.932647,0.0,13.162628,0.0
409116,SS68,Cecina,LI,3806,119,409116,43.33298,0.0,10.52904,0.0
409003,SS68,Volterra,PI,3766,44,409003,43.3895,0.0,10.8418,0.0
428,SS39,Aprica,SO,3743,82,428,46.15578,0.0,10.111897,0.0
784,SS113,Piraino,ME,3737,28,784,38.169118,0.0,14.88663,0.0
19034,SS624,Poggioreale,TP,3728,114,19034,37.784397,0.0,13.053538,0.0
187,SS12,Lucca,LU,3710,185,187,43.947472,0.0,10.505862,0.0
10068,SS196,Villacidro,SU,3642,70,10068,39.485032,0.0,8.731948,0.0
666,SS90,Foggia,FG,3620,246,666,41.432657,0.0,15.495342,0.0
18021,SS531,Crosia,CS,3618,33,18021,39.583332,0.0,16.764342,0.0
18008,SS283,Spezzano Albanese,CS,3591,698,18008,39.706628,0.0,16.303217,0.0
19032,SS624,Santa Margherita di Belice,AG,3564,164,19032,37.66669,0.0,13.052337,0.0
3223,SS624,Sciacca,AG,3561,180,3223,37.593962,0.0,13.043795,0.0
19033,SS624,Santa Margherita di Belice,AG,3544,115,19033,37.701323,0.0,13.052743,0.0
1048,SS190,Delia,CL,3453,46,1048,37.358422,0.0,13.918242,0.0
50046,SS67,Dovadola,FC,3449,56,50046,44.110833,0.0,11.8725,0.0
409011,SS439,Massa Marittima,GR,3442,46,409011,43.0728,0.0,10.9206,0.0
513084,SS539,Manoppello,PE,3437,18,513084,42.287613,0.0,14.046002,0.0
19090,SS123,Licata,AG,3436,69,19090,37.133123,0.0,13.917703,0.0
501019,SS24,Exilles,TO,3435,117,501019,45.108302,0.0,6.956497,0.0
513078,SS84,San Vito Chietino,CH,3427,33,513078,42.2866,0.0,14.4332,0.0
19071,SS117BIS,Enna,EN,3420,76,19071,37.533255,0.0,14.224418,0.0
3465,SS626,Butera,CL,3392,161,3465,37.150203,0.0,14.101857,0.0
3475,SS626,Riesi,CL,3346,210,3475,37.331668,0.0,14.125455,0.0
787,SS113,Reitano,ME,3342,29,787,38.013167,0.0,14.338167,0.0
19117,SS417,Caltagirone,CT,3309,367,19117,37.204448,0.0,14.381403,0.0
920067,SS3,Narni,TR,3291,59,920067,42.45525,0.0,12.482775,0.0
514094,SS627,Macchia d'Isernia,IS,3266,24,514094,41.589303,0.0,14.166525,0.0
15005,SS6,Mignano Monte Lungo,CE,3243,62,15005,41.38318,0.0,14.014198,0.0
19062,SS640,Agrigento,AG,3228,113,19062,37.283822,0.0,13.560153,0.0
2201,SS20,Vernante,CN,3210,32,2201,44.240895,0.0,7.537565,0.0
3526,SS3,Gualdo Tadino,PG,3163,313,3526,43.206623,0.0,12.76089,0.0
19074,SS121,Leonforte,EN,3160,17,19074,37.629418,0.0,14.396188,0.0
16032,SS170DIR-A,Andria,BT,3133,22,16032,41.167112,0.0,16.297723,0.0
10034,SS36,San Giacomo Filippo,SO,3132,19,10034,46.380167,0.0,9.355828,0.0
412011,SS3,Civita Castellana,VT,3122,171,412011,42.272263,0.0,12.446454,0.0
1317,SS303,Mirabella Eclano,AV,3119,82,1317,41.039729,0.0,15.037128,0.0
517121,SS655,Montemilone,PZ,3113,730,517121,40.9904,0.0,15.8994,0.0
1301,SS293,Villaperuccio,SU,3099,44,1301,39.099963,0.0,8.68362,0.0
1065,SS196DIR,Samassi,SU,3016,59,1065,39.457315,0.0,8.915812,0.0
745,SS107,Casali del Manco,CS,3009,103,745,39.309155,0.0,16.574073,0.0
840,SS119,Partanna,TP,2989,73,840,37.756398,0.0,12.850932,0.0
10046,SS4,Posta,RI,2989,156,10046,42.509813,0.0,13.090047,0.0
20002,SS219,Gubbio,PG,2986,241,20002,43.340313,0.0,12.419825,0.0
501018,SS335,Oulx,TO,2979,40,501018,45.04359,0.0,6.777913,0.0
1286,SS288,Ramacca,CT,2973,59,1286,37.425657,0.0,14.71634,0.0
409006,SS2,Castiglione d'Orcia,SI,2966,127,409006,42.975389,0.0,11.706332,0.0
412002,SS2,San Lorenzo Nuovo,VT,2962,83,412002,42.662645,0.0,11.908646,0.0
1287,SS288,Aidone,EN,2961,46,1287,37.41541,0.0,14.42921,0.0
530,SS64,Pistoia,PT,2952,55,530,43.987308,0.0,10.911783,0.0
10023,SS4,Acquasanta Terme,AP,2939,185,10023,42.76319,0.0,13.35668,0.0
409013,SS439DIR,Lajatico,PI,2890,65,409013,43.4717,0.0,10.7692,0.0
513101,SS650,Schiavi di Abruzzo,CH,2877,744,513101,41.787143,0.0,14.526572,0.0
585,SS685,Norcia,PG,2873,127,585,42.791178,0.0,12.994033,0.0
689,SS96,Gravina in Puglia,BA,2853,260,689,40.809672,0.0,16.380768,0.0
411024,SS744,Urbino,PU,2837,222,411024,43.8112,0.0,12.6011,0.0
10044,SS598,Gallicchio,PZ,2832,221,10044,40.262077,0.0,16.143165,0.0
948,SS153,Ofena,AQ,2817,173,948,42.285915,0.0,13.739403,0.0
517132,SS653,Senise,PZ,2791,169,517132,40.1814,0.0,16.3732,0.0
10012,SS17VAR-A,Forlì del Sannio,IS,2762,52,10012,41.68832,0.0,14.19797,0.0
920029,SS13,Tarvisio,UD,2752,45,920029,46.531668,0.0,13.638577,0.0
19061,SS626DIR,Ravanusa,AG,2734,72,19061,37.230508,0.0,13.969567,0.0
680,SS93,Canosa di Puglia,BT,2697,498,680,41.171058,0.0,15.95887,0.0
348,SS21,Vinadio,CN,2686,449,348,44.307178,0.0,7.170727,0.0
19126,SS283VAR,San Marco Argentano,CS,2670,35,19126,39.601432,0.0,16.194577,0.0
920038,SS54,Tarvisio,UD,2662,47,920038,46.497332,0.0,13.70088,0.0
1054,SS192,Belpasso,CT,2661,104,1054,37.45243,0.0,14.874675,0.0
18011,SS283,San Marco Argentano,CS,2657,33,18011,39.564397,0.0,16.103273,0.0
410008,SS71,Città della Pieve,PG,2639,18,410008,42.9829,0.0,11.9829,0.0
487,SS51,Vittorio Veneto,TV,2626,66,487,46.051607,0.0,12.314997,0.0
317,SS18,Seminara,RC,2620,18,317,38.324393,0.0,15.840328,0.0
10043,SS389VAR,Villagrande Strisaili,NU,2619,76,10043,40.034448,0.0,9.375903,0.0
517126,SS743,Muro Lucano,PZ,2613,42,517126,40.717251,0.0,15.518547,0.0
3225,SS190,Sommatino,CL,2603,74,3225,37.326385,0.0,14.01703,0.0
1743,SS547,Ortacesus,SU,2598,36,1743,39.541585,0.0,9.079263,0.0
878,SS127,Bortigiadas,SS,2594,79,878,40.89247,0.0,9.06148,0.0
10016,SS448,Baschi,TR,2575,162,10016,42.734103,0.0,12.314632,0.0
920049,SS5QUATER,Sante Marie,AQ,2570,38,920049,42.121067,0.0,13.187748,0.0
136,SS7TER,San Pancrazio Salentino,BR,2548,135,136,40.411673,0.0,17.82001,0.0
1062,SS195,Giba,SU,2512,19,1062,39.06017,0.0,8.582435,0.0
1025,SS182,San Gregorio d'Ippona,VV,2497,2,1025,38.66097,0.0,16.09887,0.0
514096,SS751,Oratino,CB,2489,28,514096,41.605633,0.0,14.589962,0.0
1061,SS195,Teulada,SU,2453,62,1061,38.962372,0.0,8.761287,0.0
411015,SS256,Camerino,MC,2441,50,411015,43.114,0.0,13.0532,0.0
619,SS81,Loreto Aprutino,PE,2421,40,619,42.386838,0.0,13.976017,0.0
3461,SS660,Bisignano,CS,2412,37,3461,39.482782,0.0,16.292122,0.0
19102,SS283,Guardia Piemontese,CS,2366,38,19102,39.466473,0.0,15.987488,0.0
3535,SS94DIR,Vietri di Potenza,PZ,2356,323,3535,40.635038,0.0,15.56512,0.0
19087,SS120,Petralia Soprana,PA,2343,41,19087,37.818397,0.0,14.144297,0.0
3537,SS655,Irsina,MT,2324,464,3537,40.784537,0.0,16.300257,0.0
900004,SS126,Guspini,SU,2298,89,900004,39.59835,0.0,8.662477,0.0
19089,SS117,Mistretta,ME,2291,10,19089,37.941068,0.0,14.353767,0.0
2282,SS7,Venticano,AV,2242,101,2282,41.079322,0.0,14.930472,0.0
842,SS120,Geraci Siculo,PA,2217,37,842,37.807083,0.0,14.155055,0.0
409112,SS65,Barberino di Mugello,FI,2216,82,409112,44.07684,0.0,11.28093,0.0
19086,SS120,Petralia Sottana,PA,2206,34,19086,37.790307,0.0,14.063187,0.0
3551,SS17,Antrodoco,RI,2191,72,3551,42.41153,0.0,13.089588,0.0
3001,SS616,Altilia,CS,2174,72,3001,39.100443,0.0,16.248803,0.0
2123,SS17,Scoppito,AQ,2167,86,2123,42.35268,0.0,13.200613,0.0
830,SS117,Reitano,ME,2161,20,830,38.007167,0.0,14.333333,0.0
1255,SS7,Laterza,TA,2137,155,1255,40.656593,0.0,16.782343,0.0
790,SS113,Termini Imerese,PA,2132,26,790,37.948812,0.0,13.775757,0.0
2291,SS7DIR-C,Pescopagano,PZ,2132,482,2291,40.868428,0.0,15.385328,0.0
412055,SS578,Borgorose,RI,2123,262,412055,42.2074,0.0,13.2067,0.0
517122,SS655,Genzano di Lucania,PZ,2079,566,517122,40.877131,0.0,16.170417,0.0
854,SS122,Caltanissetta,CL,2063,16,854,37.470037,0.0,13.9484,0.0
1059,SS194,Giarratana,RG,2063,21,1059,37.040837,0.0,14.794982,0.0
1107,SS212,Riccia,CB,2047,34,1107,41.48751,0.0,14.83998,0.0
19042,SS121,Roccapalumba,PA,2035,65,19042,37.78656,0.0,13.62318,0.0
10072,SS26DIR,Courmayeur,AO,2032,201,10072,45.813927,0.0,6.95816,0.0
19022,SS188DIR-A,Salemi,TP,2018,21,19022,37.853983,0.0,12.806968,0.0
849,SS121,Enna,EN,2009,33,849,37.601355,0.0,14.330615,0.0
409161,SS439,Volterra,PI,2003,105,409161,43.37049,0.0,10.80499,0.0
548,SS67,San Godenzo,FI,1984,23,548,43.913808,0.0,11.561938,0.0
412057,SS4,Cittareale,RI,1982,141,412057,42.579215,0.0,13.156915,0.0
15022,SS166,Castel San Lorenzo,SA,1979,33,15022,40.425878,0.0,15.224862,0.0
50009,SS12,Fiumalbo,MO,1977,15,50009,44.164042,0.0,10.64301,0.0
412003,SS2,Proceno,VT,1977,101,412003,42.780173,0.0,11.836077,0.0
2106,SS17,Roccacasale,AQ,1963,81,2106,42.117738,0.0,13.876752,0.0
410011,SS320,Cascia,PG,1948,84,410011,42.76497,0.0,13.003294,0.0
18012,SS283,Guardia Piemontese,CS,1947,23,18012,39.476053,0.0,16.006843,0.0
860,SS124,Grammichele,CT,1895,14,860,37.219577,0.0,14.604102,0.0
411023,SS78,Roccafluvione,AP,1847,56,411023,42.8762,0.0,13.4391,0.0
2112,SS81,Casoli,CH,1845,63,2112,42.159123,0.0,14.248515,0.0
1300,SS293,Siliqua,SU,1844,35,1300,39.19116,0.0,8.76974,0.0
517130,SS742,Senise,PZ,1824,34,517130,40.1204,0.0,16.3097,0.0
15016,SS303,Sturno,AV,1799,64,15016,40.982887,0.0,15.153752,0.0
15030,SS18,Santa Marina,SA,1775,4,15030,40.082748,0.0,15.497975,0.0
19017,SS113,Trapani,TP,1764,44,19017,37.937453,0.0,12.713542,0.0
409002,SS439,Pomarance,PI,1759,95,409002,43.320591,0.0,10.85157,0.0
1041,SS188,Castronovo di Sicilia,PA,1712,104,1041,37.697538,0.0,13.50729,0.0
1296,SS292,Sennariolo,OR,1686,26,1296,40.23248,0.0,8.536488,0.0
19095,SS116,Naso,ME,1635,77,19095,38.100747,0.0,14.786245,0.0
1586,SS442,Masullas,OR,1592,29,1586,39.712133,0.0,8.75689,0.0
797,SS113,Calatafimi-Segesta,TP,1580,23,797,37.940962,0.0,12.856698,0.0
412004,SS74,San Lorenzo Nuovo,VT,1538,93,412004,42.697184,0.0,11.927847,0.0
1386,SS337,Re,VB,1533,0,1386,46.138223,0.0,8.574462,0.0
1043,SS188DIR-A,Calatafimi-Segesta,TP,1497,42,1043,37.903167,0.0,12.832333,0.0
1585,SS442,Assolo,OR,1484,28,1585,39.809795,0.0,8.9029,0.0
1285,SS287,Noto,SR,1471,7,1285,36.94871,0.0,15.048233,0.0
50045,SS67,Portico e San Benedetto,FC,1471,15,50045,44.028056,0.0,11.785,0.0
839,SS119,Alcamo,TP,1464,64,839,37.928948,0.0,12.93216,0.0
324,SS19,Montesano sulla Marcellana,SA,1451,30,324,40.260173,0.0,15.668207,0.0
410013,SS209,Scheggino,PG,1444,58,410013,42.7049,0.0,12.8271,0.0
19118,SS117BIS,Caltagirone,CT,1426,64,19118,37.21849,0.0,14.37954,0.0
990,SS169,Acerenza,PZ,1422,56,990,40.756357,0.0,15.956717,0.0
410001,SS418,Acquasparta,TR,1421,29,410001,42.7194,0.0,12.6219,0.0
19084,SS121,Roccapalumba,PA,1391,32,19084,37.794707,0.0,13.648623,0.0
1023,SS182,Chiaravalle Centrale,CZ,1391,16,1023,38.665048,0.0,16.397797,0.0
19098,SS185,Rodì Milici,ME,1353,5,19098,38.116915,0.0,15.144523,0.0
19060,SS626DIR,Naro,AG,1353,54,19060,37.288842,0.0,13.970532,0.0
1052,SS191,Mazzarino,CL,1340,9,1052,37.273913,0.0,14.206877,0.0
515114,SS369,Molinara,BN,1338,15,515114,41.3198,0.0,14.9165,0.0
410009,SS71,Ficulle,TR,1331,13,410009,42.8273,0.0,12.0817,0.0
3018,SS481,Oriolo,CS,1329,6,3018,40.055465,0.0,16.451123,0.0
188,SS12,San Marcello Piteglio,PT,1324,50,188,44.03967,0.0,10.745212,0.0
1496,SS389DIR-A,Buddusò,SS,1299,33,1496,40.582567,0.0,9.228562,0.0
1256,SS272,San Giovanni Rotondo,FG,1288,32,1256,41.7078,0.0,15.809635,0.0
19052,SS118,Agrigento,AG,1278,5,19052,37.4241,0.0,13.506597,0.0
1486,SS385,Caltagirone,CT,1273,43,1486,37.228052,0.0,14.555998,0.0
1298,SS292DIR,Pozzomaggiore,SS,1242,52,1298,40.411713,0.0,8.685017,0.0
18026,SS182,Petrizzi,CZ,1238,41,18026,38.689942,0.0,16.458763,0.0
409009,SS65,Firenzuola,FI,1233,16,409009,44.141308,0.0,11.328299,0.0
874,SS126,Arbus,SU,1225,10,874,39.521218,0.0,8.583098,0.0
19051,SS118,Santo Stefano Quisquina,AG,1209,51,19051,37.646808,0.0,13.491125,0.0
409137,SS258,Sansepolcro,AR,1209,31,409137,43.60849,0.0,12.11026,0.0
19122,SS120,Cerami,EN,1202,10,19122,37.820092,0.0,14.528882,0.0
920037,SS54,Tarvisio,UD,1179,10,920037,46.419115,0.0,13.572257,0.0
514099,SS87VAR,Ripabottoni,CB,1149,31,514099,41.687954,0.0,14.850818,0.0
1050,SS190,Gela,CL,1144,87,1050,37.14774,0.0,14.301583,0.0
918,SS133,Luogosanto,SS,1139,12,918,41.090105,0.0,9.234118,0.0
3554,SS659,Premia,VB,1135,23,3554,46.309565,0.0,8.37728,0.0
18002,SS481,Amendolara,CS,1130,10,18002,39.960602,0.0,16.614503,0.0
1720,SS531,Calopezzati,CS,1126,14,1720,39.551822,0.0,16.7627,0.0
19082,SS120,Caltavuturo,PA,1123,34,19082,37.766413,0.0,13.952808,0.0
1108,SS212,Sant'Elia a Pianisi,CB,1120,22,1108,41.616776,0.0,14.879716,0.0
10049,SS113,Messina,ME,1117,7,10049,38.234397,0.0,15.472957,0.0
365,SS25,Giaglione,TO,1107,8,365,45.145453,0.0,7.017538,0.0
754,SS108BIS,San Giovanni in Fiore,CS,1077,21,754,39.249718,0.0,16.54538,0.0
920031,SS52BIS,Paluzza,UD,1040,11,920031,46.594873,0.0,12.95472,0.0
19093,SS120,Cerami,EN,1026,9,19093,37.808622,0.0,14.492038,0.0
831,SS117,Nicosia,EN,1022,37,831,37.7275,0.0,14.369205,0.0
366,SS25,Venaus,TO,1007,4,366,45.191783,0.0,6.985115,0.0
19091,SS121,Regalbuto,EN,1005,9,19091,37.653312,0.0,14.730455,0.0
10071,SS92,Sant'Arcangelo,PZ,976,27,10071,40.229182,0.0,16.294712,0.0
50035,SS63,Ventasso,RE,964,15,50035,44.332706,0.0,10.256469,0.0
19021,SS188,Salemi,TP,938,17,19021,37.80904,0.0,12.71955,0.0
578,SS73BIS,Borgo Pace,PU,928,57,578,43.639177,0.0,12.279583,0.0
861,SS124,Palazzolo Acreide,SR,911,7,861,37.10529,0.0,15.022383,0.0
888,SS128,Sorgono,NU,904,22,888,40.030752,0.0,9.114652,0.0
1290,SS290,Alimena,PA,885,52,1290,37.718428,0.0,14.108773,0.0
50030,SS45,Ottone,PC,876,2,50030,44.610944,0.0,9.318318,0.0
1106,SS212,Colle Sannita,BN,867,27,1106,41.406425,0.0,14.872512,0.0
858,SS123,Campobello di Licata,AG,856,60,858,37.252372,0.0,13.924592,0.0
1288,SS289,Acquedolci,ME,855,37,1288,38.045118,0.0,14.59645,0.0
19069,SS121,Santa Caterina Villarmosa,CL,852,28,19069,37.603037,0.0,14.130778,0.0
409220,SS258,Sestino,AR,847,27,409220,43.716667,0.0,12.195903,0.0
19058,SS190,Butera,CL,830,78,19058,37.258383,0.0,14.156657,0.0
19049,SS118,Prizzi,PA,821,23,19049,37.715227,0.0,13.449047,0.0
618,SS81,Penne,PE,811,7,618,42.497945,0.0,13.939725,0.0
865,SS125,Orosei,NU,808,7,865,40.348677,0.0,9.649643,0.0
855,SS122,Caltanissetta,CL,795,16,855,37.492842,0.0,14.132425,0.0
889,SS128,Sarule,NU,793,14,889,40.218293,0.0,9.165847,0.0
15001,SS91,Contursi Terme,SA,703,21,15001,40.639157,0.0,15.224347,0.0
882,SS127BIS,Sassari,SS,682,2,882,40.701173,0.0,8.516367,0.0
667,SS90BIS,Greci,AV,673,70,667,41.233248,0.0,15.140815,0.0
1494,SS389,Nuoro,NU,672,10,1494,40.381767,0.0,9.280023,0.0
893,SS129,Oliena,NU,670,15,893,40.332787,0.0,9.476275,0.0
19123,SS124,Palazzolo Acreide,SR,666,17,19123,37.071948,0.0,14.969128,0.0
19050,SS188,Prizzi,PA,666,11,19050,37.701355,0.0,13.396688,0.0
19044,SS121,Vallelunga Pratameno,CL,659,12,19044,37.712298,0.0,13.782348,0.0
513075,SS84,Palena,CH,650,3,513075,41.921668,0.0,14.108675,0.0
1071,SS198,Lanusei,NU,636,26,1071,39.88155,0.0,9.509958,0.0
1497,SS389DIR-B,Fonni,NU,631,9,1497,40.118468,0.0,9.234452,0.0
2202,SS21,Argentera,CN,624,64,2202,44.402168,0.0,6.925215,0.0
1303,SS295,Tonara,NU,589,11,1303,40.005457,0.0,9.19097,0.0
848,SS121,Santa Caterina Villarmosa,CL,586,18,848,37.593245,0.0,14.019617,0.0
920076,SS52,Lorenzago di Cadore,BL,578,12,920076,46.454125,0.0,12.513482,0.0
1070,SS198,Villanova Tulo,SU,571,7,1070,39.760267,0.0,9.211973,0.0
1022,SS182,Francica,VV,560,2,1022,38.63498,0.0,16.147045,0.0
327,SS19,Lagonegro,PZ,503,15,327,40.171793,0.0,15.716757,0.0
753,SS108BIS,Aprigliano,CS,495,8,753,39.239905,0.0,16.475637,0.0
3546,SS91,Campagna,SA,495,3,3546,40.646272,0.0,15.168133,0.0
890,SS128BIS,Anela,SS,473,8,890,40.43437,0.0,9.044995,0.0
307002,SS1,Deiva Marina,SP,470,2,307002,44.25401,0.0,9.553588,0.0
891,SS128BIS,Ozieri,SS,464,20,891,40.576395,0.0,8.979803,0.0
1281,SS285,Caccamo,PA,454,24,1281,37.856907,0.0,13.64061,0.0
18019,SS177,Longobucco,CS,449,0,18019,39.44361,0.0,16.613495,0.0
662,SS89DIR-B,Monte Sant'Angelo,FG,438,8,662,41.70168,0.0,15.99665,0.0
3049,SS481,San Paolo Albanese,PZ,436,6,3049,40.048878,0.0,16.342363,0.0
3462,SS660,Acri,CS,419,3,3462,39.46841,0.0,16.451207,0.0
1283,SS286,Geraci Siculo,PA,416,27,1283,37.879545,0.0,14.155285,0.0
517125,SS743,Pescopagano,PZ,416,12,517125,40.867501,0.0,15.440733,0.0
1294,SS292,Villanova Monteleone,SS,412,4,1294,40.502023,0.0,8.401852,0.0
10067,SS388,Fordongianus,OR,409,10,10067,40.000862,0.0,8.829647,0.0
16043,SS89,Vieste,FG,378,2,16043,41.850625,0.0,16.126083,0.0
27,SS1BIS,Vetralla,VT,364,14,27,42.296935,0.0,11.949235,0.0
409015,SS398,Monterotondo Marittimo,GR,350,35,409015,43.1239,0.0,10.7587,0.0
2110,SS81,Montefino,TE,320,5,2110,42.555213,0.0,13.895862,0.0
19028,SS188,Montevago,AG,281,0,19028,37.709467,0.0,12.951657,0.0
1024,SS182,Argusto,CZ,279,34,1024,38.688883,0.0,16.452025,0.0
752,SS108BIS,Parenti,CS,278,34,752,39.13431,0.0,16.42756,0.0
1526,SS410,Castrofilippo,AG,227,0,1526,37.33562,0.0,13.738947,0.0
1291,SS290,Villarosa,EN,220,0,1291,37.611397,0.0,14.211563,0.0
1053,SS192,Agira,EN,205,4,1053,37.564067,0.0,14.6488,0.0
1730,SS537,Orotelli,NU,203,0,1730,40.280038,0.0,9.09553,0.0
1021,SS182,Soriano Calabro,VV,187,0,1021,38.607772,0.0,16.186143,0.0
411018,SS361,Fiuminata,MC,176,4,411018,43.127516,0.0,12.857124,0.0
887,SS128,Laconi,OR,152,0,887,39.873868,0.0,9.058533,0.0
1026,SS182,San Gregorio d'Ippona,VV,133,0,1026,38.636615,0.0,16.119888,0.0
879,SS127,Martis,SS,130,2,879,40.780985,0.0,8.81806,0.0
962,SS158,Alfedena,AQ,125,0,962,41.721258,0.0,14.033018,0.0
288,SS17,Rionero Sannitico,IS,87,1,288,41.698295,0.0,14.152417,0.0
1027,SS182,Torre di Ruggiero,CZ,76,0,1027,38.640547,0.0,16.34129,0.0
1500,SS392,Oschiri,SS,59,0,1500,40.75352,0.0,9.076628,0.0
