Ambito,Postazione,Competenza,Strada,Km,Latitudine,Longitudine
ANAS,10021A,ANCONA,RA11,22+053,42.885923,13.853512
ANAS,10021D,ANCONA,RA11,22+895,42.889705,13.86246
ANAS,10022A,ANCONA,RA11,7+792,42.845392,13.694022
ANAS,10022D,ANCONA,RA11,8+516,42.846027,13.702785
ANAS,239,ANCONA,SS16,229+032,43.94657,12.81678
ANAS,240,ANCONA,SS16,243+197,43.885888,12.954982
ANAS,241,ANCONA,SS16,260+271,43.78812,13.10816
ANAS,411009,ANCONA,SS16,285+146,43.648839,13.347999
ANAS,1867,ANCONA,SS16,294+363,43.603347,13.423332
ANAS,243,ANCONA,SS16,301+288,43.578892,13.498425
ANAS,411010,ANCONA,SS16,319+417,43.469317,13.599699
ANAS,246,ANCONA,SS16,353+788,43.216865,13.779558
ANAS,247,ANCONA,SS16,377+827,43.01518,13.862978
ANAS,411020,ANCONA,SS210,32+282,43.0842,13.4977
ANAS,411016,ANCONA,SS256,31+350,43.2942,12.9927
ANAS,411015,ANCONA,SS256,4+008,43.114,13.0532
ANAS,411005,ANCONA,SS3,227+501,43.5047,12.6358
ANAS,411004,ANCONA,SS3,244+753,43.6388,12.6987
ANAS,411007,ANCONA,SS360,8+022,43.657,13.1663
ANAS,411017,ANCONA,SS361,49+269,43.2656,13.2545
ANAS,411018,ANCONA,SS361,96+354,43.127516,12.857124
ANAS,411025,ANCONA,SS362,5+267,43.487708,13.291052
ANAS,10023,ANCONA,SS4,154+954,42.76319,13.35668
ANAS,2314,ANCONA,SS4,172+877,42.830698,13.515297
ANAS,411002,ANCONA,SS423,18+656,43.7997,12.723
ANAS,411008,ANCONA,SS424,1+976,43.7527,13.128
ANAS,411006,ANCONA,SS424,53+248,43.5409,12.6743
ANAS,411022,ANCONA,SS433,3+282,43.0859,13.8033
ANAS,411021,ANCONA,SS571,9+578,43.375537,13.573749
ANAS,1866A,ANCONA,SS73BIS,101+864,43.76608,12.949971
ANAS,578,ANCONA,SS73BIS,27+782,43.639177,12.279583
ANAS,10058,ANCONA,SS73BIS,43+006,43.672423,12.437718
ANAS,579,ANCONA,SS73BIS,76+009,43.696837,12.693673
ANAS,1866D,ANCONA,SS73BIS,99+998,43.756178,12.931837
ANAS,411024,ANCONA,SS744,18+079,43.8112,12.6011
ANAS,411003,ANCONA,SS745,5+633,43.6672,12.6248
ANAS,411001,ANCONA,SS746,5+202,43.8676,12.8288
ANAS,10026,ANCONA,SS76,22+880,43.349725,12.994535
ANAS,10025A,ANCONA,SS76,29+291,43.402714,12.982526
ANAS,589,ANCONA,SS76,3+849,43.299492,12.806068
ANAS,10025D,ANCONA,SS76,33+947,43.43202,13.012043
ANAS,590,ANCONA,SS76,53+085,43.48501,13.209405
ANAS,611590D,ANCONA,SS76,57+073,43.503573,13.250988
ANAS,611590A,ANCONA,SS76,57+865,43.50705,13.25961
ANAS,10024,ANCONA,SS76,69+641,43.587697,13.345853
ANAS,3441,ANCONA,SS77,106+908,43.28421,13.695168
ANAS,411014,ANCONA,SS77,58+688,43.1404,13.18
ANAS,603A,ANCONA,SS77,65+944,43.171301,13.248023
ANAS,603D,ANCONA,SS77,66+181,43.173437,13.248317
ANAS,602A,ANCONA,SS77,87+951,43.260858,13.471427
ANAS,602D,ANCONA,SS77,88+157,43.261966,13.473491
ANAS,3440A,ANCONA,SS77,91+775,43.268525,13.516426
ANAS,3440D,ANCONA,SS77,93+478,43.264627,13.536203
ANAS,411012,ANCONA,SS77DIR,0+000,43.3062,13.4415
ANAS,411011,ANCONA,SS77DIR,102+415,43.3582,13.4923
ANAS,411019,ANCONA,SS77VAR,18+060,43.0251,12.9068
ANAS,411013,ANCONA,SS78,5+641,43.2133,13.3942
ANAS,411023,ANCONA,SS78,64+497,42.8762,13.4391
ANAS,371,AOSTA,SS26,125+485,45.73653,7.071332
ANAS,372,AOSTA,SS26,143+104,45.719338,6.94697
ANAS,369,AOSTA,SS26,66+959,45.694578,7.670925
ANAS,2276,AOSTA,SS26,92+456,45.739728,7.434202
ANAS,10072,AOSTA,SS26DIR,8+210,45.813927,6.95816
ANAS,375,AOSTA,SS27,13+381,45.807447,7.25067
ANAS,374,AOSTA,SS27,9+277,45.791158,7.290442
ANAS,190032,AUTOSTRADE SICILIA,A19,1+788,38.082262,13.46323
ANAS,19079D,AUTOSTRADE SICILIA,A19,10+884,38.046608,13.552063
ANAS,19079A,AUTOSTRADE SICILIA,A19,11+737,38.041362,13.558973
ANAS,19070D,AUTOSTRADE SICILIA,A19,112+492,37.567813,14.227595
ANAS,19070A,AUTOSTRADE SICILIA,A19,112+497,37.567608,14.227832
ANAS,1864,AUTOSTRADE SICILIA,A19,123+083,37.577912,14.338845
ANAS,1865,AUTOSTRADE SICILIA,A19,188+849,37.461403,15.007247
ANAS,1860,AUTOSTRADE SICILIA,A19,25+723,37.973388,13.688597
ANAS,1861,AUTOSTRADE SICILIA,A19,54+401,37.861612,13.891147
ANAS,1859,AUTOSTRADE SICILIA,A19,6+283,38.066952,13.508685
ANAS,1862,AUTOSTRADE SICILIA,A19,72+093,37.749698,13.963508
ANAS,19083D,AUTOSTRADE SICILIA,A19,75+942,37.739528,14.004907
ANAS,19083A,AUTOSTRADE SICILIA,A19,80+057,37.718113,14.037867
ANAS,10062,AUTOSTRADE SICILIA,A19,92+112,37.645555,14.112142
ANAS,19041A,AUTOSTRADE SICILIA,A19DIR,0+693,38.087893,13.391432
ANAS,19041D,AUTOSTRADE SICILIA,A19DIR,4+010,38.086005,13.428727
ANAS,10066,AUTOSTRADE SICILIA,A29,107+467,37.638713,12.662165
ANAS,1855,AUTOSTRADE SICILIA,A29,13+193,38.17541,13.155913
ANAS,19016,AUTOSTRADE SICILIA,A29,15+845,38.179098,13.127675
ANAS,19080D,AUTOSTRADE SICILIA,A29,19+383,38.15571,13.114027
ANAS,19080A,AUTOSTRADE SICILIA,A29,21+537,38.138608,13.10111
ANAS,19009D,AUTOSTRADE SICILIA,A29,30+424,38.078258,13.094437
ANAS,19009A,AUTOSTRADE SICILIA,A29,30+516,38.077603,13.093663
ANAS,19011D,AUTOSTRADE SICILIA,A29,39+171,38.031535,13.018412
ANAS,19011A,AUTOSTRADE SICILIA,A29,39+223,38.031373,13.017768
ANAS,19014A,AUTOSTRADE SICILIA,A29,48+973,38.000678,12.919857
ANAS,19014D,AUTOSTRADE SICILIA,A29,48+980,38.00041,12.920372
ANAS,10063,AUTOSTRADE SICILIA,A29,64+027,37.871782,12.94917
ANAS,3226,AUTOSTRADE SICILIA,A29,7+603,38.174265,13.215403
ANAS,19024A,AUTOSTRADE SICILIA,A29,70+251,37.830958,12.918677
ANAS,19024D,AUTOSTRADE SICILIA,A29,70+285,37.830637,12.918418
ANAS,19025A,AUTOSTRADE SICILIA,A29,77+381,37.799105,12.86132
ANAS,19025D,AUTOSTRADE SICILIA,A29,77+478,37.798247,12.861492
ANAS,19029A,AUTOSTRADE SICILIA,A29,89+362,37.700282,12.819007
ANAS,19029D,AUTOSTRADE SICILIA,A29,89+421,37.699723,12.819222
ANAS,19015A,AUTOSTRADE SICILIA,A29DIR,12+963,37.94388,12.786153
ANAS,19015D,AUTOSTRADE SICILIA,A29DIR,14+960,37.932852,12.769482
ANAS,2004,AUTOSTRADE SICILIA,A29DIR,25+152,37.95271,12.668483
ANAS,19001,AUTOSTRADE SICILIA,A29DIR,36+600,38.008528,12.5723
ANAS,19018A,AUTOSTRADE SICILIA,A29DIR-A,3+204,37.953213,12.597005
ANAS,19018D,AUTOSTRADE SICILIA,A29DIR-A,3+311,37.952623,12.596038
ANAS,19019A,AUTOSTRADE SICILIA,A29DIR-A,8+879,37.943655,12.534992
ANAS,19019D,AUTOSTRADE SICILIA,A29DIR-A,9+037,37.942903,12.533468
ANAS,10050,AUTOSTRADE SICILIA,A29RACC,1+151,38.182798,13.140122
ANAS,19003,AUTOSTRADE SICILIA,A29RACC-BIS,5+034,38.15562,13.317679
ANAS,19012,AUTOSTRADE SICILIA,SS731,1+923,38.014755,12.90872
ANAS,16021A,BARI,SS100,24+147,40.926958,16.932657
ANAS,16021D,BARI,SS100,26+184,40.909707,16.940723
ANAS,704,BARI,SS100,29+785,40.879051,16.941152
ANAS,16017A,BARI,SS100,61+321,40.638202,17.050008
ANAS,16017D,BARI,SS100,65+362,40.608805,17.06799
ANAS,16022D,BARI,SS100,9+293,41.05476,16.910405
ANAS,16022A,BARI,SS100,9+300,41.054695,16.910297
ANAS,708,BARI,SS101,23+608,40.16083,18.057128
ANAS,707,BARI,SS101,5+265,40.309818,18.136605
ANAS,735,BARI,SS106,464+527,40.490767,16.925287
ANAS,16015A,BARI,SS106,480+504,40.530957,17.102773
ANAS,16015D,BARI,SS106,480+833,40.531312,17.107687
ANAS,160462,BARI,SS106,489+889,40.487977,17.196563
ANAS,16035,BARI,SS16,607+151,41.92387,15.141987
ANAS,261,BARI,SS16,630+411,41.794465,15.310763
ANAS,16036,BARI,SS16,668+635,41.513472,15.511193
ANAS,265,BARI,SS16,705+137,41.295418,15.82749
ANAS,16031A,BARI,SS16,739+285,41.31782,16.201013
ANAS,16031D,BARI,SS16,739+440,41.317658,16.202988
ANAS,16030A,BARI,SS16,744+145,41.304592,16.255517
ANAS,16030D,BARI,SS16,744+966,41.301567,16.264185
ANAS,16029D,BARI,SS16,749+166,41.302253,16.313067
ANAS,16029A,BARI,SS16,749+208,41.301942,16.313323
ANAS,16027A,BARI,SS16,777+320,41.184878,16.593582
ANAS,16027D,BARI,SS16,777+338,41.18504,16.593968
ANAS,16026D,BARI,SS16,791+767,41.148465,16.751123
ANAS,16026A,BARI,SS16,792+229,41.146073,16.75754
ANAS,160472,BARI,SS16,797+650,41.124411,16.820551
ANAS,160471,BARI,SS16,797+668,41.124412,16.821935
ANAS,16024D,BARI,SS16,800+729,41.09584,16.831677
ANAS,16024A,BARI,SS16,801+044,41.094467,16.835797
ANAS,16023A,BARI,SS16,806+547,41.098652,16.908043
ANAS,16023D,BARI,SS16,807+316,41.101022,16.918708
ANAS,994,BARI,SS16,815+522,41.082691,17.015424
ANAS,272,BARI,SS16,853+433,40.876343,17.340358
ANAS,274,BARI,SS16,915+786,40.620598,17.930003
ANAS,160452,BARI,SS16,917+173,40.618653,17.945222
ANAS,16007A,BARI,SS16,958+720,40.332312,18.188338
ANAS,16007D,BARI,SS16,960+105,40.320573,18.187177
ANAS,276,BARI,SS16,964+483,40.282982,18.200567
ANAS,277,BARI,SS16,982+759,40.137263,18.291465
ANAS,16034,BARI,SS17,279+115,41.505348,14.998848
ANAS,3055,BARI,SS17,317+590,41.499238,15.29853
ANAS,283,BARI,SS17,332+184,41.480193,15.463413
ANAS,16032,BARI,SS170DIR-A,10+844,41.167112,16.297723
ANAS,995,BARI,SS170DIR-A,22+824,41.26824,16.29213
ANAS,999,BARI,SS172,12+844,40.89164,17.04197
ANAS,16005,BARI,SS172,26+843,40.828102,17.181458
ANAS,1000,BARI,SS172,39+273,40.764307,17.282823
ANAS,16019,BARI,SS172,44+043,40.748183,17.329795
ANAS,16013D,BARI,SS172,69+685,40.534218,17.269348
ANAS,16013A,BARI,SS172,69+937,40.532127,17.268253
ANAS,1003,BARI,SS172DIR,9+518,40.83118,17.350358
ANAS,3447,BARI,SS17VAR,7+779,41.468518,15.094837
ANAS,1254,BARI,SS272,10+845,41.715565,15.512968
ANAS,1256,BARI,SS272,39+177,41.7078,15.809635
ANAS,3075,BARI,SS272,49+469,41.719959,15.907478
ANAS,3208,BARI,SS274,36+291,39.83459,18.312537
ANAS,1259,BARI,SS274,7+499,39.997705,18.079745
ANAS,3100,BARI,SS275,12+771,40.014435,18.324235
ANAS,16003A,BARI,SS275,2+805,40.099518,18.314658
ANAS,16003D,BARI,SS275,3+664,40.092147,18.311677
ANAS,16002,BARI,SS275,35+438,39.825046,18.368674
ANAS,16001,BARI,SS275,38+312,39.801267,18.367445
ANAS,3205,BARI,SS379,41+669,40.688147,17.826743
ANAS,16020A,BARI,SS379,8+177,40.82395,17.480063
ANAS,16020D,BARI,SS379,8+291,40.823918,17.481502
ANAS,160451,BARI,SS613,1+773,40.608827,17.962173
ANAS,3207,BARI,SS613,18+068,40.478252,18.045645
ANAS,657,BARI,SS655,31+527,41.144147,15.534007
ANAS,3454,BARI,SS655,5+698,41.373453,15.564247
ANAS,264,BARI,SS673,15+690,41.427288,15.570848
ANAS,16037,BARI,SS673,2+799,41.497603,15.55252
ANAS,16038A,BARI,SS673,5+546,41.484912,15.580028
ANAS,16038D,BARI,SS673,5+603,41.484825,15.580737
ANAS,3448,BARI,SS688,6+916,41.725427,16.071188
ANAS,10070,BARI,SS693,1+932,41.852858,15.348373
ANAS,16039,BARI,SS693,24+477,41.86734,15.608912
ANAS,16041,BARI,SS693,32+632,41.847792,15.694742
ANAS,16042,BARI,SS693,51+376,41.896255,15.860373
ANAS,125,BARI,SS694,1+349,40.361438,18.142345
ANAS,16008A,BARI,SS694,2+612,40.354058,18.131475
ANAS,16008D,BARI,SS694,2+613,40.353888,18.131668
ANAS,16006D,BARI,SS694,6+530,40.327248,18.144263
ANAS,16006A,BARI,SS694,9+298,40.323085,18.175807
ANAS,16004,BARI,SS695,0+719,40.144257,18.480077
ANAS,1255,BARI,SS7,598+442,40.656593,16.782343
ANAS,16018,BARI,SS7,623+643,40.585898,17.006963
ANAS,16016,BARI,SS7,632+371,40.591082,17.097215
ANAS,16014,BARI,SS7,641+430,40.530657,17.166673
ANAS,16012A,BARI,SS7,653+404,40.508168,17.275978
ANAS,16012D,BARI,SS7,653+551,40.508748,17.277545
ANAS,16010D,BARI,SS7,677+071,40.542812,17.536927
ANAS,16010A,BARI,SS7,677+550,40.545053,17.541712
ANAS,16009A,BARI,SS7,696+023,40.563593,17.742318
ANAS,16009D,BARI,SS7,697+243,40.564548,17.756588
ANAS,16011,BARI,SS7TER,10+556,40.460372,17.338722
ANAS,136,BARI,SS7TER,53+000,40.411673,17.82001
ANAS,655,BARI,SS89,10+383,41.764498,15.428548
ANAS,16043,BARI,SS89,110+639,41.850625,16.126083
ANAS,658,BARI,SS89,161+883,41.65533,15.941793
ANAS,3445,BARI,SS89,179+428,41.581805,15.775628
ANAS,659,BARI,SS89,194+448,41.520567,15.616982
ANAS,16040,BARI,SS89,33+248,41.852332,15.622515
ANAS,656,BARI,SS89,64+023,41.907983,15.858802
ANAS,292,BARI,SS89,85+997,41.931952,16.014465
ANAS,662,BARI,SS89DIR-B,8+452,41.70168,15.99665
ANAS,16033,BARI,SS90,50+424,41.248512,15.300543
ANAS,666,BARI,SS90,79+706,41.432657,15.495342
ANAS,680,BARI,SS93,33+381,41.171058,15.95887
ANAS,679,BARI,SS93,6+273,41.294197,16.214717
ANAS,16025A,BARI,SS96,120+065,41.102052,16.805433
ANAS,16025D,BARI,SS96,120+473,41.102943,16.810177
ANAS,689,BARI,SS96,64+234,40.809672,16.380768
ANAS,16028,BARI,SS96,75+595,40.824627,16.488827
ANAS,1001,BARI,SS99,5+074,40.78534,16.555503
ANAS-MTS,50050,BOLOGNA,NSA313,0+991,44.479884,11.432613
ANAS,3347,BOLOGNA,RA8,48+539,44.697305,12.214742
ANAS,1828,BOLOGNA,RA8,9+089,44.785305,11.740873
ANAS-MTS,50010,BOLOGNA,SS12,135+999,44.32051,10.835145
ANAS-MTS,50011,BOLOGNA,SS12,161+091,44.505959,10.874774
ANAS-MTS,50012,BOLOGNA,SS12,172+190,44.595132,10.923605
ANAS-MTS,50013,BOLOGNA,SS12,191+462,44.700725,10.949525
ANAS-MTS,50015,BOLOGNA,SS12,221+783,44.935832,11.072957
ANAS-MTS,50009,BOLOGNA,SS12,92+603,44.164042,10.64301
ANAS-MTS,50014,BOLOGNA,SS12VAR-A,0+125,44.834761,11.052539
ANAS,508059,BOLOGNA,SS12VAR-A,5+796,44.884218,11.050798
ANAS-MTS,50016,BOLOGNA,SS16,114+762,44.597222,11.8475
ANAS,508034,BOLOGNA,SS16,159+453,44.361526,12.254385
ANAS-MTS,50017,BOLOGNA,SS16,179+667,44.207404,12.385416
ANAS-MTS,50018,BOLOGNA,SS16,187+402,44.1525,12.441389
ANAS-MTS,50019,BOLOGNA,SS16,195+668,44.098314,12.499208
ANAS-MTS,50020,BOLOGNA,SS16,208+325,44.027031,12.613772
ANAS-MTS,50021,BOLOGNA,SS16,216+620,43.98344,12.679497
ANAS-MTS,50022,BOLOGNA,SS16,222+605,43.951217,12.739174
ANAS,508038,BOLOGNA,SS16,84+467,44.783541,11.641675
ANAS,508037,BOLOGNA,SS16VAR,7+693,44.504218,12.061001
ANAS-MTS,50023,BOLOGNA,SS309,22+399,44.649688,12.234337
ANAS-MTS,50024,BOLOGNA,SS309,31+465,44.727718,12.210107
ANAS-MTS,50025,BOLOGNA,SS309DIR,4+862,44.4313,12.1613
ANAS-MTS,50026,BOLOGNA,SS3BIS,164+404,43.770556,12.021944
ANAS-MTS,50027,BOLOGNA,SS3BIS,192+000,43.906667,12.107222
ANAS-MTS,50028,BOLOGNA,SS3BIS,211+726,44.045833,12.184722
ANAS-MTS,50029,BOLOGNA,SS3BIS,226+358,44.169722,12.216389
ANAS,508033D,BOLOGNA,SS3BIS,244+827,44.333958,12.212734
ANAS,508033A,BOLOGNA,SS3BIS,244+939,44.334973,12.212578
ANAS-MTS,50031,BOLOGNA,SS45,113+839,44.864444,9.554722
ANAS-MTS,50032,BOLOGNA,SS45,132+439,45.000954,9.668086
ANAS-MTS,50030,BOLOGNA,SS45,64+547,44.610944,9.318318
ANAS-MTS,50034,BOLOGNA,SS62,107+811,44.756844,10.233017
ANAS-MTS,50033,BOLOGNA,SS62,99+153,44.714733,10.148417
ANAS-MTS,50038,BOLOGNA,SS63,104+456,44.645317,10.58425
ANAS-MTS,50035,BOLOGNA,SS63,42+635,44.332706,10.256469
ANAS-MTS,50036,BOLOGNA,SS63,80+959,44.498947,10.488572
ANAS-MTS,50037,BOLOGNA,SS63,99+582,44.611681,10.552814
ANAS-MTS,50043,BOLOGNA,SS64,104+862,44.57158,11.404995
ANAS-MTS,50044,BOLOGNA,SS64,126+316,44.722118,11.54212
ANAS-MTS,50039,BOLOGNA,SS64,31+551,44.132448,10.990707
ANAS-MTS,50040,BOLOGNA,SS64,51+217,44.247026,11.09528
ANAS-MTS,50041,BOLOGNA,SS64,71+140,44.363753,11.208115
ANAS-MTS,50042,BOLOGNA,SS64,77+871,44.409688,11.255714
ANAS,508057,BOLOGNA,SS64VAR,7+273,44.439651,11.27847
ANAS-MTS,50045,BOLOGNA,SS67,156+764,44.028056,11.785
ANAS-MTS,50046,BOLOGNA,SS67,169+701,44.110833,11.8725
ANAS-MTS,50047,BOLOGNA,SS67,185+835,44.209167,12.001111
ANAS,508035,BOLOGNA,SS67,209+521,44.359632,12.15907
ANAS,3355A,BOLOGNA,SS67,222+358,44.410473,12.244191
ANAS,3355D,BOLOGNA,SS67,222+358,44.410473,12.244191
ANAS-MTS,50048,BOLOGNA,SS72,0+470,44.039046,12.567052
ANAS-MTS,50049,BOLOGNA,SS72,7+296,43.988973,12.527173
ANAS-MTS,50002,BOLOGNA,SS722,4+468,44.704072,10.6683
ANAS,508042,BOLOGNA,SS723,4+630,44.819673,11.581073
ANAS,508060D,BOLOGNA,SS724,18+399,44.559528,10.818373
ANAS,508060A,BOLOGNA,SS724,19+086,44.553686,10.816283
ANAS-MTS,50005,BOLOGNA,SS724,3+040,44.663983,10.898284
ANAS-MTS,50007,BOLOGNA,SS724DIR,3+018,44.608833,10.906595
ANAS-MTS,50008,BOLOGNA,SS724DIR,3+110,44.609293,10.907027
ANAS-MTS,50006,BOLOGNA,SS725,5+751,45.028101,9.700963
ANAS-MTS,50003,BOLOGNA,SS726,25+782,44.136944,12.274444
ANAS-MTS,50004,BOLOGNA,SS727,1+132,44.235833,12.013889
ANAS-MTS,50053,BOLOGNA,SS9,102+782,44.457859,11.440615
ANAS-MTS,50062,BOLOGNA,SS9,12+535,44.09,12.413611
ANAS-MTS,50054,BOLOGNA,SS9,124+137,44.54771,11.205603
ANAS-MTS,50055,BOLOGNA,SS9,130+760,44.569762,11.125846
ANAS-MTS,50056,BOLOGNA,SS9,143+190,44.622612,10.996519
ANAS-MTS,50057,BOLOGNA,SS9,159+855,44.650535,10.815462
ANAS-MTS,50058,BOLOGNA,SS9,167+305,44.664714,10.728186
ANAS-MTS,50059,BOLOGNA,SS9,187+235,44.741197,10.508408
ANAS-MTS,50060,BOLOGNA,SS9,198+075,44.782467,10.38775
ANAS-MTS,50061,BOLOGNA,SS9,217+029,44.838889,10.1575
ANAS-MTS,50066,BOLOGNA,SS9,22+263,44.115833,12.303889
ANAS-MTS,50063,BOLOGNA,SS9,231+351,44.885713,9.993421
ANAS-MTS,50064,BOLOGNA,SS9,244+280,44.954665,9.866627
ANAS-MTS,50065,BOLOGNA,SS9,254+772,45.013657,9.764215
ANAS-MTS,50051,BOLOGNA,SS9,3+274,44.069748,12.507055
ANAS-MTS,50067,BOLOGNA,SS9,34+582,44.163889,12.180833
ANAS-MTS,50068,BOLOGNA,SS9,42+668,44.197778,12.098056
ANAS-MTS,50069,BOLOGNA,SS9,54+321,44.249722,11.971944
ANAS-MTS,50070,BOLOGNA,SS9,67+787,44.309722,11.824722
ANAS-MTS,50071,BOLOGNA,SS9,72+887,44.331667,11.768889
ANAS-MTS,50072,BOLOGNA,SS9,87+575,44.394167,11.608633
ANAS-MTS,50052,BOLOGNA,SS9,96+401,44.431747,11.511624
ANAS-MTS,50091,BOLOGNA,SS9VAR,3+032,44.809722,10.351667
ANAS-MTS,50001,BOLOGNA,SS9VAR,9+898,44.816653,10.276572
ANAS,508040A,BOLOGNA,SS9VAR-A,2+127,44.79726,10.28182
ANAS,508040D,BOLOGNA,SS9VAR-A,5+003,44.779891,10.30015
ANAS,864,CAGLIARI,SS125,142+619,39.952078,9.650865
ANAS,865,CAGLIARI,SS125,217+429,40.348677,9.649643
ANAS,863_BIS,CAGLIARI,SS125,88+901,39.578653,9.590547
ANAS,870,CAGLIARI,SS125DIR,3+633,39.93268,9.699197
ANAS,320008,CAGLIARI,SS125VAR,27+687,39.26887,9.537077
ANAS,320006,CAGLIARI,SS125VAR,40+134,39.374485,9.537033
ANAS,320007,CAGLIARI,SS125VAR,5+582,39.185357,9.361252
ANAS,320005,CAGLIARI,SS125VAR,98+610,39.834462,9.644558
ANAS,871,CAGLIARI,SS126,1+493,39.063647,8.47882
ANAS,875,CAGLIARI,SS126,114+370,39.737728,8.63793
ANAS,873,CAGLIARI,SS126,42+456,39.34008,8.524205
ANAS,874,CAGLIARI,SS126,82+784,39.521218,8.583098
ANAS,900004,CAGLIARI,SS126,98+416,39.59835,8.662477
ANAS,888,CAGLIARI,SS128,104+669,40.030752,9.114652
ANAS,889,CAGLIARI,SS128,147+925,40.218293,9.165847
ANAS,885,CAGLIARI,SS128,2+723,39.412123,9.058695
ANAS,886,CAGLIARI,SS128,43+521,39.727418,9.140858
ANAS,887,CAGLIARI,SS128,69+523,39.873868,9.058533
ANAS,893,CAGLIARI,SS129,25+984,40.332787,9.476275
ANAS,892,CAGLIARI,SS129,6+328,40.396318,9.663243
ANAS,895,CAGLIARI,SS129,60+197,40.322368,9.149767
ANAS,896,CAGLIARI,SS129,89+968,40.271592,8.832167
ANAS,898,CAGLIARI,SS129BIS,27+732,40.288195,8.503677
ANAS,897,CAGLIARI,SS129BIS,4+322,40.283272,8.750625
ANAS,900A,CAGLIARI,SS130,26+860,39.305248,8.84031
ANAS,900D,CAGLIARI,SS130,29+084,39.31141,8.817107
ANAS,901D,CAGLIARI,SS130,31+282,39.307525,8.792265
ANAS,901A,CAGLIARI,SS130,32+105,39.304944,8.783325
ANAS,900006D,CAGLIARI,SS130,48+194,39.30779,8.599502
ANAS,900006A,CAGLIARI,SS130,49+952,39.302702,8.580195
ANAS,900005D,CAGLIARI,SS130,6+128,39.273131,9.051311
ANAS,900005A,CAGLIARI,SS130,7+294,39.278292,9.039686
ANAS,909A,CAGLIARI,SS131,106+738,40.01695,8.667358
ANAS,909D,CAGLIARI,SS131,106+881,40.018242,8.667511
ANAS,910A,CAGLIARI,SS131,131+344,40.180107,8.793192
ANAS,910D,CAGLIARI,SS131,134+349,40.206157,8.784798
ANAS,3517D,CAGLIARI,SS131,39+186,39.526919,8.934858
ANAS,3517A,CAGLIARI,SS131,39+312,39.527931,8.934156
ANAS,10064D,CAGLIARI,SS131,47+150,39.573325,8.872175
ANAS,10064A,CAGLIARI,SS131,47+211,39.573975,8.871781
ANAS,907A,CAGLIARI,SS131,78+704,39.790306,8.651264
ANAS,907D,CAGLIARI,SS131,79+203,39.794406,8.6488
ANAS,908D,CAGLIARI,SS131,97+506,39.948264,8.621339
ANAS,908A,CAGLIARI,SS131,98+021,39.952642,8.619419
ANAS,915,CAGLIARI,SS131DIR,4+382,39.266333,9.095745
ANAS,320004A,CAGLIARI,SS131DIR-CENTR,29+319,40.247553,9.070867
ANAS,320004D,CAGLIARI,SS131DIR-CENTR,29+876,40.248992,9.077153
ANAS,320003A,CAGLIARI,SS131DIR-CENTR,44+109,40.311443,9.211435
ANAS,320003D,CAGLIARI,SS131DIR-CENTR,49+171,40.320972,9.266517
ANAS,3539A,CAGLIARI,SS131DIR-CENTR,5+825,40.127772,8.857217
ANAS,3539D,CAGLIARI,SS131DIR-CENTR,7+968,40.142331,8.873008
ANAS,900007,CAGLIARI,SS195,14+549,39.1252,9.006235
ANAS,1060_BIS,CAGLIARI,SS195,6+711,39.18306,9.049072
ANAS,1061,CAGLIARI,SS195,62+559,38.962372,8.761287
ANAS,1062,CAGLIARI,SS195,88+315,39.06017,8.582435
ANAS,899,CAGLIARI,SS195RACC,3+306,39.246718,9.082942
ANAS,10068,CAGLIARI,SS196,31+670,39.485032,8.731948
ANAS,1065,CAGLIARI,SS196DIR,8+932,39.457315,8.915812
ANAS,1067,CAGLIARI,SS197,21+545,39.5559,8.869772
ANAS,1068,CAGLIARI,SS197,28+563,39.573182,8.94529
ANAS,1066,CAGLIARI,SS197,3+402,39.538,8.664712
ANAS,1069,CAGLIARI,SS197,51+505,39.747218,9.026302
ANAS,1072,CAGLIARI,SS198,103+059,39.911542,9.591317
ANAS,1070,CAGLIARI,SS198,13+485,39.760267,9.211973
ANAS,1071,CAGLIARI,SS198,85+208,39.88155,9.509958
ANAS,1297,CAGLIARI,SS292,115+581,40.020707,8.522047
ANAS,1296,CAGLIARI,SS292,80+555,40.23248,8.536488
ANAS,1300,CAGLIARI,SS293,46+721,39.19116,8.76974
ANAS,1301,CAGLIARI,SS293,61+042,39.099963,8.68362
ANAS,1299,CAGLIARI,SS293,7+528,39.47762,8.891273
ANAS,1303,CAGLIARI,SS295,6+975,40.005457,9.19097
ANAS,1489,CAGLIARI,SS387,33+326,39.463628,9.16145
ANAS,1488,CAGLIARI,SS387,9+097,39.294392,9.135847
ANAS,10067,CAGLIARI,SS388,28+089,40.000862,8.829647
ANAS,1495,CAGLIARI,SS389,175+532,39.912858,9.484078
ANAS,3522,CAGLIARI,SS389,7+727,40.777052,9.369123
ANAS,1497,CAGLIARI,SS389DIR-B,13+694,40.118468,9.234452
ANAS,900009,CAGLIARI,SS389VAR,21+155,40.153758,9.310838
ANAS,10043,CAGLIARI,SS389VAR,35+837,40.034448,9.375903
ANAS,1498,CAGLIARI,SS390,11+824,39.852792,9.609992
ANAS,1585,CAGLIARI,SS442,18+693,39.809795,8.9029
ANAS,1586,CAGLIARI,SS442,40+746,39.712133,8.75689
ANAS,1627,CAGLIARI,SS466,5+463,39.385423,9.097653
ANAS,1730,CAGLIARI,SS537,6+663,40.280038,9.09553
ANAS,1743,CAGLIARI,SS547,13+651,39.541585,9.079263
ANAS,862,CAGLIARI,SS554,15+701,39.261327,9.23213
ANAS,3523,CAGLIARI,SS554,4+829,39.265077,9.12524
ANAS,965,CAMPOBASSO,SS158,24+589,41.631925,14.098317
ANAS,258,CAMPOBASSO,SS16,531+081,42.037668,14.842822
ANAS,260,CAMPOBASSO,SS16,554+317,41.93983,15.0721
ANAS,288,CAMPOBASSO,SS17,160+203,41.698295,14.152417
ANAS,289,CAMPOBASSO,SS17,197+995,41.53017,14.39459
ANAS,10012,CAMPOBASSO,SS17VAR-A,8+837,41.68832,14.19797
ANAS,1107,CAMPOBASSO,SS212,58+817,41.48751,14.83998
ANAS,1108,CAMPOBASSO,SS212,94+142,41.616776,14.879716
ANAS,514094,CAMPOBASSO,SS627,70+183,41.589303,14.166525
ANAS,2148,CAMPOBASSO,SS645,1+306,41.561188,14.686582
ANAS,963,CAMPOBASSO,SS645,27+389,41.524923,14.932871
ANAS,514097,CAMPOBASSO,SS647,28+948,41.66251,14.640098
ANAS,3485,CAMPOBASSO,SS647,48+739,41.77278,14.78451
ANAS,10011,CAMPOBASSO,SS647,9+720,41.54471,14.52966
ANAS,3520,CAMPOBASSO,SS647DIR-B,11+210,41.64176,14.64257
ANAS,3486,CAMPOBASSO,SS650,10+869,41.656862,14.336763
ANAS,3506,CAMPOBASSO,SS652,8+652,41.703182,14.142568
ANAS,97,CAMPOBASSO,SS6DIR,5+722,41.441517,14.014217
ANAS,10009,CAMPOBASSO,SS709,2+644,42.0138,14.92498
ANAS,514100,CAMPOBASSO,SS710,4+096,41.5709,14.6835
ANAS,514093,CAMPOBASSO,SS747,14+797,41.709192,14.519923
ANAS,514098,CAMPOBASSO,SS748,1+190,41.765303,14.787125
ANAS,514096,CAMPOBASSO,SS751,6+695,41.605633,14.589962
ANAS,632,CAMPOBASSO,SS85,35+267,41.555828,14.168287
ANAS,514095A,CAMPOBASSO,SS85VAR,2+440,41.463125,14.078755
ANAS,514095D,CAMPOBASSO,SS85VAR,3+944,41.474703,14.088157
ANAS,2140,CAMPOBASSO,SS87,115+561,41.4546,14.58227
ANAS,2141,CAMPOBASSO,SS87,126+748,41.51843,14.61168
ANAS,648,CAMPOBASSO,SS87,150+066,41.6161,14.6915
ANAS,10010,CAMPOBASSO,SS87,213+996,41.91813,14.98028
ANAS,2146,CAMPOBASSO,SS87,215+591,41.932053,14.985368
ANAS,514099,CAMPOBASSO,SS87VAR,2+791,41.687954,14.850818
ANAS,19112,CATANIA,0,25+120,37.247433,15.148786
ANAS,19108,CATANIA,A1,9+642,37.343985,15.042139
ANAS,10061,CATANIA,A19,157+319,37.55709,14.691663
ANAS,19006,CATANIA,RA15,19+442,37.434067,15.028223
ANAS,19105,CATANIA,RA15,7+410,37.5275,15.03175
ANAS,19094,CATANIA,SS113,111+367,38.113609,14.716572
ANAS,786,CATANIA,SS113,124+221,38.059773,14.616642
ANAS,10049,CATANIA,SS113,16+333,38.234397,15.472957
ANAS,780,CATANIA,SS113,20+600,38.244035,15.448577
ANAS,782,CATANIA,SS113,47+444,38.143785,15.194435
ANAS,19097,CATANIA,SS113,56+793,38.116142,15.11811
ANAS,783,CATANIA,SS113,72+972,38.139249,14.997816
ANAS,779,CATANIA,SS113,8+034,38.205257,15.520388
ANAS,784,CATANIA,SS113,90+020,38.169118,14.88663
ANAS,3209,CATANIA,SS113,97+973,38.151868,14.808278
ANAS,19099,CATANIA,SS113DIR,18+502,38.290293,15.563507
ANAS,799,CATANIA,SS113DIR,25+092,38.29073,15.51132
ANAS,19115,CATANIA,SS114,106+167,37.433446,15.065539
ANAS,19107,CATANIA,SS114,116+118,37.34792,15.08255
ANAS,19110,CATANIA,SS114,119+865,37.315505,15.090812
ANAS,19125,CATANIA,SS114,142+293,37.146778,15.167462
ANAS,19127,CATANIA,SS114,154+013,37.059995,15.225825
ANAS,900019,CATANIA,SS114,17+014,38.051887,15.473139
ANAS,19100,CATANIA,SS114,22+623,38.014003,15.434975
ANAS,19101,CATANIA,SS114,41+816,37.891557,15.319362
ANAS,400001,CATANIA,SS114,45+120,37.86809,15.297681
ANAS,19103,CATANIA,SS114,57+543,37.804298,15.217932
ANAS,900002,CATANIA,SS114,72+871,37.678695,15.172763
ANAS,19104,CATANIA,SS114,83+843,37.589067,15.169178
ANAS,19109,CATANIA,SS114DIR,9+853,37.318903,15.030112
ANAS,821,CATANIA,SS115,287+496,36.990224,14.442036
ANAS,19137,CATANIA,SS115,301+790,36.955153,14.575273
ANAS,19136,CATANIA,SS115,310+413,36.937527,14.620335
ANAS,19135,CATANIA,SS115,316+256,36.929062,14.658937
ANAS,19134,CATANIA,SS115,332+192,36.865965,14.719855
ANAS,19132,CATANIA,SS115,346+656,36.808393,14.830533
ANAS,19130,CATANIA,SS115,358+252,36.796592,14.93366
ANAS,19131,CATANIA,SS115,366+380,36.849323,14.994685
ANAS,19129,CATANIA,SS115,374+728,36.878968,15.058222
ANAS,825,CATANIA,SS115,394+649,36.96895,15.18968
ANAS,19128,CATANIA,SS115,401+961,37.01258,15.2512
ANAS,828,CATANIA,SS116,3+792,37.895893,14.955412
ANAS,19096,CATANIA,SS116,32+559,38.035998,14.876818
ANAS,19095,CATANIA,SS116,50+221,38.100747,14.786245
ANAS,835,CATANIA,SS117BIS,83+277,37.131213,14.305737
ANAS,844,CATANIA,SS120,174+509,37.853743,14.846608
ANAS,845,CATANIA,SS120,192+518,37.874183,15.032135
ANAS,846,CATANIA,SS120,208+162,37.816973,15.161775
ANAS,19091,CATANIA,SS121,48+338,37.653312,14.730455
ANAS,847,CATANIA,SS121,7+973,37.521937,14.996557
ANAS,19075,CATANIA,SS121,83+112,37.648247,14.418762
ANAS,19124,CATANIA,SS124,113+033,37.07096,15.201493
ANAS,860,CATANIA,SS124,27+354,37.219577,14.604102
ANAS,19123,CATANIA,SS124,86+614,37.071948,14.969128
ANAS,859,CATANIA,SS124,9+070,37.267565,14.465553
ANAS,861,CATANIA,SS124,94+050,37.10529,15.022383
ANAS,19098,CATANIA,SS185,1+041,38.116915,15.144523
ANAS,1030,CATANIA,SS185,42+849,37.93876,15.108653
ANAS,3220,CATANIA,SS185,52+595,37.89267,15.15893
ANAS,1032,CATANIA,SS185,62+752,37.852715,15.22589
ANAS,19073,CATANIA,SS192,14+356,37.541495,14.429212
ANAS,1053,CATANIA,SS192,38+208,37.564067,14.6488
ANAS,1054,CATANIA,SS192,67+447,37.45243,14.874675
ANAS,19007,CATANIA,SS193,0+854,37.239638,15.157763
ANAS,19133,CATANIA,SS194,100+408,36.820882,14.775753
ANAS,19114,CATANIA,SS194,22+108,37.262632,14.930398
ANAS,1057,CATANIA,SS194,34+715,37.210918,14.83009
ANAS,1058,CATANIA,SS194,52+295,37.12235,14.74479
ANAS,1059,CATANIA,SS194,68+838,37.040837,14.794982
ANAS,822,CATANIA,SS194,91+019,36.884333,14.737833
ANAS,1279,CATANIA,SS284,32+745,37.66285,14.864725
ANAS,1278,CATANIA,SS284,5+293,37.833333,14.900333
ANAS,3117,CATANIA,SS287,1+463,37.046212,14.943547
ANAS,1285,CATANIA,SS287,18+268,36.94871,15.048233
ANAS,1286,CATANIA,SS288,11+684,37.425657,14.71634
ANAS,1287,CATANIA,SS288,46+722,37.41541,14.42921
ANAS,1289,CATANIA,SS289,44+917,37.868037,14.690625
ANAS,1288,CATANIA,SS289,5+286,38.045118,14.59645
ANAS,1484,CATANIA,SS385,10+858,37.33747,14.944703
ANAS,1485,CATANIA,SS385,39+979,37.278313,14.66777
ANAS,1486,CATANIA,SS385,53+462,37.228052,14.555998
ANAS,19117,CATANIA,SS417,1+266,37.204448,14.381403
ANAS,19116,CATANIA,SS417,38+159,37.354953,14.703397
ANAS,3121,CATANIA,SS417,69+511,37.45872,14.99981
ANAS,3122,CATANIA,SS514,18+670,37.085389,14.642175
ANAS,19120,CATANIA,SS514,34+545,37.182733,14.719898
ANAS,19121,CATANIA,SS514,37+252,37.182272,14.748608
ANAS,19119,CATANIA,SS683,1+004,37.186038,14.681597
ANAS,920013,CATANZARO,RA4,0+079,38.129305,15.65869
ANAS,720,CATANZARO,SS106,11+638,38.025562,15.655013
ANAS,723,CATANZARO,SS106,131+876,38.408947,16.551922
ANAS,18027,CATANZARO,SS106,158+075,38.6353,16.549637
ANAS,18025,CATANZARO,SS106,166+060,38.700798,16.534445
ANAS,724,CATANZARO,SS106,175+094,38.766093,16.56401
ANAS,725,CATANZARO,SS106,216+209,38.945053,16.927368
ANAS,726,CATANZARO,SS106,236+162,39.0002,17.075394
ANAS,727,CATANZARO,SS106,264+521,39.236647,17.10316
ANAS,900013,CATANZARO,SS106,273+605,39.316955,17.109017
ANAS,728,CATANZARO,SS106,305+514,39.514484,16.918641
ANAS,18022,CATANZARO,SS106,319+626,39.595433,16.801657
ANAS,18020,CATANZARO,SS106,327+158,39.606497,16.718293
ANAS,10000,CATANZARO,SS106,36+335,37.922903,15.836739
ANAS,18005,CATANZARO,SS106,371+869,39.787073,16.473053
ANAS,3384,CATANZARO,SS106,392+422,39.934058,16.601077
ANAS,18001D,CATANZARO,SS106,401+174,40.004513,16.609332
ANAS,18001A,CATANZARO,SS106,401+771,40.009912,16.609225
ANAS,18031,CATANZARO,SS106,61+612,37.949823,16.087653
ANAS,721,CATANZARO,SS106,84+220,38.132202,16.161312
ANAS,722,CATANZARO,SS106,94+216,38.201655,16.23226
ANAS,739,CATANZARO,SS106RADD,17+679,39.663985,16.512083
ANAS,740,CATANZARO,SS106RADD,26+228,39.734312,16.476675
ANAS,19111D,CATANZARO,SS106VAR,0+125,40.023474,16.602395
ANAS,19111A,CATANZARO,SS106VAR,0+216,40.02404,16.601952
ANAS,19106D,CATANZARO,SS106VAR-A,12+953,38.862075,16.621563
ANAS,19106A,CATANZARO,SS106VAR-A,12+963,38.862012,16.62167
ANAS,19113A,CATANZARO,SS106VAR-A,6+692,38.836508,16.568648
ANAS,19113D,CATANZARO,SS106VAR-A,6+712,38.836573,16.568455
ANAS,900014,CATANZARO,SS107,129+666,39.145403,17.04694
ANAS,3002,CATANZARO,SS107,18+303,39.34689,16.161595
ANAS,3034,CATANZARO,SS107,21+676,39.346353,16.19788
ANAS,3004,CATANZARO,SS107,35+153,39.29561,16.277095
ANAS,18017,CATANZARO,SS107,41+605,39.31186,16.328108
ANAS,744,CATANZARO,SS107,45+428,39.29513,16.34478
ANAS,18018,CATANZARO,SS107,65+834,39.333449,16.465213
ANAS,745,CATANZARO,SS107,76+328,39.309155,16.574073
ANAS,3035,CATANZARO,SS107,93+941,39.262858,16.748763
ANAS,3036,CATANZARO,SS107,96+968,39.249668,16.776993
ANAS,753,CATANZARO,SS108BIS,33+591,39.239905,16.475637
ANAS,754,CATANZARO,SS108BIS,42+549,39.249718,16.54538
ANAS,752,CATANZARO,SS108BIS,9+194,39.13431,16.42756
ANAS,3167,CATANZARO,SS109,76+490,39.019847,16.567332
ANAS,3169,CATANZARO,SS109BIS,11+222,38.94688,16.58178
ANAS,3495,CATANZARO,SS109BIS,19+213,38.899225,16.588143
ANAS,18019,CATANZARO,SS177,39+626,39.44361,16.613495
ANAS,1009,CATANZARO,SS177,7+243,39.370118,16.511793
ANAS,900015,CATANZARO,SS179,5+794,39.168263,16.537087
ANAS,3172,CATANZARO,SS179DIR,13+816,39.07245,16.565922
ANAS,3000,CATANZARO,SS18,255+006,39.845257,15.796935
ANAS,18006,CATANZARO,SS18,279+112,39.645517,15.839882
ANAS,308,CATANZARO,SS18,284+232,39.604952,15.86164
ANAS,3385,CATANZARO,SS18,297+440,39.514475,15.939303
ANAS,18015,CATANZARO,SS18,319+656,39.340517,16.044437
ANAS,3421,CATANZARO,SS18,328+457,39.263713,16.059825
ANAS,3422,CATANZARO,SS18,355+143,39.031525,16.102605
ANAS,3417,CATANZARO,SS18,376+284,38.91075,16.261485
ANAS,900017,CATANZARO,SS18,387+836,38.82425,16.227853
ANAS,313,CATANZARO,SS18,426+647,38.745302,16.18759
ANAS,314,CATANZARO,SS18,440+710,38.67074,16.083148
ANAS,18028,CATANZARO,SS18,458+801,38.547947,16.037678
ANAS,18029,CATANZARO,SS18,469+958,38.478766,15.964247
ANAS,18033,CATANZARO,SS18,470+716,38.476202,15.956332
ANAS,315,CATANZARO,SS18,473+088,38.46134,15.93726
ANAS,316,CATANZARO,SS18,482+107,38.396563,15.88451
ANAS,317,CATANZARO,SS18,492+703,38.324393,15.840328
ANAS,318,CATANZARO,SS18,511+432,38.253387,15.72389
ANAS,1025,CATANZARO,SS182,12+205,38.66097,16.09887
ANAS,1020,CATANZARO,SS182,13+499,38.65348,16.099898
ANAS,1026,CATANZARO,SS182,19+621,38.636615,16.119888
ANAS,1022,CATANZARO,SS182,23+007,38.63498,16.147045
ANAS,3174,CATANZARO,SS182,3+103,38.705542,16.123548
ANAS,1021,CATANZARO,SS182,30+672,38.607772,16.186143
ANAS,1027,CATANZARO,SS182,62+309,38.640547,16.34129
ANAS,1023,CATANZARO,SS182,71+871,38.665048,16.397797
ANAS,1024,CATANZARO,SS182,79+469,38.688883,16.452025
ANAS,18026,CATANZARO,SS182,80+116,38.689942,16.458763
ANAS,18024A,CATANZARO,SS280,14+503,38.907202,16.411278
ANAS,18024D,CATANZARO,SS280,15+788,38.910763,16.425203
ANAS,3386,CATANZARO,SS280,2+040,38.916308,16.277828
ANAS,3418,CATANZARO,SS280,29+898,38.899348,16.574748
ANAS,3017,CATANZARO,SS283,0+207,39.47117,15.975513
ANAS,19102,CATANZARO,SS283,2+972,39.466473,15.987488
ANAS,18011,CATANZARO,SS283,23+464,39.564397,16.103273
ANAS,18010,CATANZARO,SS283,35+622,39.613072,16.211957
ANAS,18009,CATANZARO,SS283,42+557,39.660547,16.261738
ANAS,18008,CATANZARO,SS283,49+299,39.706628,16.303217
ANAS,18012,CATANZARO,SS283,8+397,39.476053,16.006843
ANAS,18007,CATANZARO,SS283VAR,3+251,39.588385,16.176745
ANAS,19126,CATANZARO,SS283VAR,5+359,39.601432,16.194577
ANAS,3018,CATANZARO,SS481,24+000,40.055465,16.451123
ANAS,18002,CATANZARO,SS481,43+065,39.960602,16.614503
ANAS,18021,CATANZARO,SS531,2+892,39.583332,16.764342
ANAS,1720,CATANZARO,SS531,6+725,39.551822,16.7627
ANAS,3006,CATANZARO,SS534,17+516,39.723257,16.440125
ANAS,3001,CATANZARO,SS616,16+240,39.100443,16.248803
ANAS,18023,CATANZARO,SS616,2+937,39.119373,16.359222
ANAS,3462,CATANZARO,SS660,31+062,39.46841,16.451207
ANAS,3461,CATANZARO,SS660,7+118,39.482782,16.292122
ANAS,900018,CATANZARO,SS682,0+719,38.473,16.001088
ANAS,3396,CATANZARO,SS682,26+602,38.35844,16.227167
ANAS,18030,CATANZARO,SS682,37+423,38.296612,16.311028
ANAS,920014,CATANZARO,SS682DIR,0+406,38.47599,15.988533
ANAS,18034,CATANZARO,SS682DIR,0+406,38.47599,15.988533
ANAS,180321,CATANZARO,SS740,0+328,38.139651,15.659412
ANAS,409004,FIRENZE,RA3,23+487,43.472253,11.153466
ANAS,10030D,FIRENZE,RA3,39+126,43.582062,11.202945
ANAS,10030A,FIRENZE,RA3,39+177,43.582583,11.203076
ANAS,10029,FIRENZE,RA3,6+750,43.389623,11.262397
ANAS,3460,FIRENZE,RA6,10+041,43.21825,11.922105
ANAS,9,FIRENZE,SS1,136+403,42.41622,11.31394
ANAS,10,FIRENZE,SS1,154+409,42.534253,11.185227
ANAS,11A,FIRENZE,SS1,174+195,42.7035,11.13751
ANAS,11D,FIRENZE,SS1,174+780,42.70808,11.14086
ANAS,12D,FIRENZE,SS1,216+620,42.9503,10.890814
ANAS,12A,FIRENZE,SS1,216+702,42.9505,10.8898
ANAS,409016,FIRENZE,SS1,238+412,42.979071,10.649923
ANAS,13,FIRENZE,SS1,255+759,43.105247,10.546512
ANAS,10057A,FIRENZE,SS1,279+010,43.307186,10.542969
ANAS,10057D,FIRENZE,SS1,279+387,43.309643,10.539697
ANAS,14,FIRENZE,SS1,311+534,43.516617,10.332178
ANAS,16,FIRENZE,SS1,346+834,43.797128,10.314785
ANAS,187,FIRENZE,SS12,38+624,43.947472,10.505862
ANAS,188,FIRENZE,SS12,66+975,44.03967,10.745212
ANAS,189,FIRENZE,SS12,78+770,44.109595,10.735227
ANAS,207,FIRENZE,SS12RADD,7+597,43.801612,10.484485
ANAS,409007,FIRENZE,SS146,9+709,43.028069,11.875764
ANAS,409006,FIRENZE,SS2,165+545,42.975389,11.706332
ANAS,409010,FIRENZE,SS2,188+166,43.0665,11.5691
ANAS,409101,FIRENZE,SS2,202+066,43.14738,11.47548
ANAS,409102,FIRENZE,SS2,221+677,43.27923,11.35268
ANAS,10027,FIRENZE,SS223,29+738,43.012945,11.288267
ANAS,1128,FIRENZE,SS223,3+976,42.831102,11.142172
ANAS,409005,FIRENZE,SS223,61+751,43.249597,11.298519
ANAS,409220,FIRENZE,SS258,29+796,43.716667,12.195903
ANAS,409137,FIRENZE,SS258,4+377,43.60849,12.11026
ANAS,409015,FIRENZE,SS398,15+808,43.1239,10.7587
ANAS,409144,FIRENZE,SS398,29+550,43.061,10.66342
ANAS,1509,FIRENZE,SS398,41+236,42.991033,10.571425
ANAS,2451,FIRENZE,SS3BIS,142+813,43.603788,12.088513
ANAS,409161,FIRENZE,SS439,100+650,43.37049,10.80499
ANAS,409002,FIRENZE,SS439,109+732,43.320591,10.85157
ANAS,409157,FIRENZE,SS439,15+773,43.86435,10.34841
ANAS,409011,FIRENZE,SS439,153+784,43.0728,10.9206
ANAS,409162,FIRENZE,SS439,171+878,42.960035,10.796986
ANAS,409158,FIRENZE,SS439,25+346,43.85678,10.43867
ANAS,409166,FIRENZE,SS439,40+882,43.793648,10.577575
ANAS,409159,FIRENZE,SS439,55+771,43.6803,10.63077
ANAS,409160,FIRENZE,SS439,67+457,43.59946,10.66066
ANAS,409156,FIRENZE,SS439,7+783,43.90162,10.28061
ANAS,409013,FIRENZE,SS439DIR,0+501,43.4717,10.7692
ANAS,518,FIRENZE,SS62,13+392,44.19939,9.954672
ANAS,519,FIRENZE,SS62,35+191,44.360627,9.899337
ANAS,526,FIRENZE,SS63,11+809,44.21287,10.09206
ANAS,527,FIRENZE,SS63,16+742,44.237135,10.125648
ANAS,530,FIRENZE,SS64,5+956,43.987308,10.911783
ANAS,409110,FIRENZE,SS65,13+546,43.86798,11.29463
ANAS,409111,FIRENZE,SS65,26+608,43.96495,11.29842
ANAS,409112,FIRENZE,SS65,42+305,44.07684,11.28093
ANAS,409009,FIRENZE,SS65,53+408,44.141308,11.328299
ANAS,409109,FIRENZE,SS65,9+518,43.83807,11.28935
ANAS,409115,FIRENZE,SS66,43+017,43.979353,10.874811
ANAS,409014,FIRENZE,SS66,60+263,44.0423,10.8274
ANAS,409001,FIRENZE,SS665,90+700,44.291688,10.077452
ANAS,547,FIRENZE,SS67,111+914,43.850562,11.516537
ANAS,548,FIRENZE,SS67,121+544,43.913808,11.561938
ANAS,543,FIRENZE,SS67,24+844,43.662072,10.684172
ANAS,544,FIRENZE,SS67,37+698,43.688802,10.825753
ANAS,3459,FIRENZE,SS67,56+523,43.733608,11.025042
ANAS,7000546,FIRENZE,SS67,96+853,43.780615,11.407927
ANAS,2454,FIRENZE,SS679,1+968,43.464918,11.839112
ANAS,551,FIRENZE,SS67BIS,5+601,43.657972,10.5054
ANAS,409116,FIRENZE,SS68,1+963,43.33298,10.52904
ANAS,409012,FIRENZE,SS68,18+905,43.3297,10.7051
ANAS,409003,FIRENZE,SS68,33+506,43.3895,10.8418
ANAS,409117,FIRENZE,SS68,40+867,43.395847,10.886878
ANAS,409017,FIRENZE,SS680,4+176,43.350642,11.758035
ANAS,1371A,FIRENZE,SS715,37+946,43.240682,11.723972
ANAS,1371D,FIRENZE,SS715,38+780,43.23406,11.728791
ANAS,10028,FIRENZE,SS715,8+573,43.30673,11.444915
ANAS,409008,FIRENZE,SS719,13+834,43.889977,11.017578
ANAS,574,FIRENZE,SS73,119+037,43.330162,11.69609
ANAS,575,FIRENZE,SS73,136+918,43.42184,11.822787
ANAS,576_BIS,FIRENZE,SS73,149+574,43.42353,11.939803
ANAS,577,FIRENZE,SS73,175+335,43.531768,12.08961
ANAS,17,GENOVA,SS1,393+289,44.091888,9.994188
ANAS,307001,GENOVA,SS1,431+507,44.19788,9.766158
ANAS,307002,GENOVA,SS1,457+568,44.25401,9.553588
ANAS,307003,GENOVA,SS1,485+166,44.325062,9.303108
ANAS,307007,GENOVA,SS1,500+762,44.343898,9.177832
ANAS,307004,GENOVA,SS1,551+556,44.393668,8.664982
ANAS,307005,GENOVA,SS1,592+296,44.189148,8.412509
ANAS,307006,GENOVA,SS1,617+481,44.04673,8.206777
ANAS,307008,GENOVA,SS1,642+831,43.89361,8.073513
ANAS,307009,GENOVA,SS1,658+623,43.843142,7.915863
ANAS,307010,GENOVA,SS1,691+026,43.793532,7.582968
ANAS,3022,GENOVA,SS1DIR,2+094,43.783998,7.545502
ANAS,90003,GENOVA,SS1VAR-A,0+251,44.130692,9.782332
ANAS,350,GENOVA,SS20,143+068,43.849725,7.579169
ANAS,3030,GENOVA,SS28,118+948,43.985775,7.970203
ANAS,378,GENOVA,SS28,98+882,44.083447,7.872945
ANAS,507005,GENOVA,SS29VAR,0+815,44.369355,8.29406
ANAS,448,GENOVA,SS45,26+895,44.500118,9.138792
ANAS,10031,GENOVA,SS717,5+843,44.029842,8.131892
ANAS,3433,L'AQUILA,RA12,11+297,42.421047,14.170335
ANAS,3433D,L'AQUILA,RA12,11+795,42.424945,14.173292
ANAS,3433A,L'AQUILA,RA12,12+719,42.431907,14.179205
ANAS,920051,L'AQUILA,SS150,18+564,42.626933,13.815471
ANAS,948,L'AQUILA,SS153,15+899,42.285915,13.739403
ANAS,962,L'AQUILA,SS158,4+835,41.721258,14.033018
ANAS,2105,L'AQUILA,SS16,398+737,42.834005,13.914922
ANAS,251,L'AQUILA,SS16,422+222,42.648857,14.033693
ANAS,254,L'AQUILA,SS16,477+697,42.31552,14.436355
ANAS,255,L'AQUILA,SS16,490+253,42.239228,14.52975
ANAS,256,L'AQUILA,SS16,498+357,42.199117,14.607998
ANAS,257,L'AQUILA,SS16,510+337,42.165978,14.701478
ANAS,286,L'AQUILA,SS17,103+925,42.013985,13.943962
ANAS,287,L'AQUILA,SS17,145+325,41.8009,14.10031
ANAS,2123,L'AQUILA,SS17,15+615,42.35268,13.200613
ANAS,513147,L'AQUILA,SS17,25+836,42.362572,13.304002
ANAS,3478,L'AQUILA,SS17,52+707,42.317483,13.582333
ANAS,284,L'AQUILA,SS17,60+595,42.278447,13.657177
ANAS,2106,L'AQUILA,SS17,90+862,42.117738,13.876752
ANAS,920052,L'AQUILA,SS260,0+806,42.415953,13.304353
ANAS,513141,L'AQUILA,SS263,23+855,42.2363,14.178492
ANAS,513079,L'AQUILA,SS263,9+900,42.331701,14.254641
ANAS,920047,L'AQUILA,SS5,134+972,42.063197,13.628025
ANAS,513084,L'AQUILA,SS539,0+925,42.287613,14.046002
ANAS,513085,L'AQUILA,SS553,33+296,42.56523,14.05613
ANAS,513073,L'AQUILA,SS578,53+207,42.11097,13.312018
ANAS,513089,L'AQUILA,SS584,4+429,42.3292,13.321803
ANAS,920049,L'AQUILA,SS5QUATER,15+759,42.121067,13.187748
ANAS,513080,L'AQUILA,SS649,6+026,42.3816,14.2413
ANAS,513101,L'AQUILA,SS650,35+327,41.787143,14.526572
ANAS,3430,L'AQUILA,SS650,57+270,41.910198,14.6519
ANAS,3429,L'AQUILA,SS650,76+162,42.04824,14.762448
ANAS,513076,L'AQUILA,SS652,28+491,41.850882,14.19967
ANAS,3431,L'AQUILA,SS652,75+415,42.187707,14.468933
ANAS,513137,L'AQUILA,SS656,1+110,42.382293,14.156384
ANAS,920053,L'AQUILA,SS690,8+319,41.98473,13.409947
ANAS,513090,L'AQUILA,SS696,40+494,42.125633,13.512572
ANAS,513136A,L'AQUILA,SS714,10+244,42.435682,14.213543
ANAS,513135,L'AQUILA,SS714,18+687,42.4076,14.299
ANAS,252,L'AQUILA,SS714,4+046,42.472297,14.167123
ANAS,513136D,L'AQUILA,SS714,9+957,42.435488,14.209978
ANAS,513087,L'AQUILA,SS80,31+460,42.497128,13.386008
ANAS,2108,L'AQUILA,SS80,93+044,42.708132,13.894525
ANAS,513142,L'AQUILA,SS80,95+646,42.715758,13.924043
ANAS,513144,L'AQUILA,SS80DIR,1+417,42.39337,13.303945
ANAS,920050A,L'AQUILA,SS80RACC,2+335,42.679167,13.760272
ANAS,920050D,L'AQUILA,SS80RACC,2+449,42.680041,13.761113
ANAS,619,L'AQUILA,SS81,115+803,42.386838,13.976017
ANAS,2112,L'AQUILA,SS81,180+035,42.159123,14.248515
ANAS,615,L'AQUILA,SS81,27+288,42.707588,13.663155
ANAS,616,L'AQUILA,SS81,41+890,42.646185,13.753012
ANAS,2110,L'AQUILA,SS81,76+438,42.555213,13.895862
ANAS,618,L'AQUILA,SS81,90+182,42.497945,13.939725
ANAS,513139,L'AQUILA,SS83,12+591,41.974997,13.655913
ANAS,513074,L'AQUILA,SS83,49+552,41.781667,13.845515
ANAS,3528,L'AQUILA,SS83,76+412,41.737537,14.040035
ANAS,628,L'AQUILA,SS84,54+217,42.115435,14.333506
ANAS,513078,L'AQUILA,SS84,87+613,42.2866,14.4332
ANAS,513075,L'AQUILA,SS84,9+221,41.921668,14.108675
ANAS,3188,MILANO,SS12,241+439,45.08063,11.13623
ANAS,1151,MILANO,SS233,65+434,45.930688,8.822505
ANAS,1384,MILANO,SS336,5+061,45.643176,8.792637
ANAS,10036,MILANO,SS336DIR,8+247,45.590748,8.714518
ANAS,3397,MILANO,SS340,10+913,45.887578,9.14111
ANAS,1391,MILANO,SS340,47+378,46.024357,9.0827
ANAS,1392,MILANO,SS340DIR,8+969,46.08112,9.27638
ANAS,1394,MILANO,SS341,12+957,45.523715,8.72775
ANAS,3399,MILANO,SS342,67+783,45.770563,8.985768
ANAS,1402,MILANO,SS344,8+013,45.882375,8.878272
ANAS,303001A,MILANO,SS36,10+366,45.566537,9.244093
ANAS,3415,MILANO,SS36,106+464,46.224448,9.447918
ANAS,303001D,MILANO,SS36,12+611,45.586062,9.250037
ANAS,10034,MILANO,SS36,129+428,46.380167,9.355828
ANAS,303002A,MILANO,SS36,17+013,45.618142,9.224245
ANAS,303002D,MILANO,SS36,17+119,45.619107,9.224008
ANAS,416,MILANO,SS36,23+269,45.67368,9.21951
ANAS,303005A,MILANO,SS36,27+727,45.709643,9.228032
ANAS,303005D,MILANO,SS36,27+806,45.710323,9.227613
ANAS,303003A,MILANO,SS36,34+500,45.757317,9.275443
ANAS,303003D,MILANO,SS36,34+650,45.75841,9.276623
ANAS,303004D,MILANO,SS36,42+236,45.81685,9.321062
ANAS,303004A,MILANO,SS36,42+572,45.819575,9.323037
ANAS,3488,MILANO,SS36,49+281,45.83884,9.39956
ANAS,10051,MILANO,SS36,55+830,45.883128,9.364547
ANAS,910051,MILANO,SS36,55+938,45.883536,9.363265
ANAS,417,MILANO,SS36,59+037,45.902707,9.335747
ANAS,503066,MILANO,SS36RACC,6+328,45.87448,9.432683
ANAS,421,MILANO,SS38,32+856,46.161827,9.811223
ANAS,10038,MILANO,SS38,79+768,46.305892,10.300423
ANAS,503049D,MILANO,SS38VAR,1+020,46.1445,9.4207
ANAS,503049A,MILANO,SS38VAR,8+472,46.140318,9.512907
ANAS,428,MILANO,SS39,9+469,46.15578,10.111897
ANAS,10033,MILANO,SS394,27+275,45.934207,8.775092
ANAS,1502,MILANO,SS394,4+701,45.837697,8.775308
ANAS,435,MILANO,SS42,121+414,46.20132,10.346455
ANAS,503063,MILANO,SS42,22+651,45.6311,9.6982
ANAS,432,MILANO,SS42,29+832,45.68095,9.781603
ANAS,433,MILANO,SS42,53+261,45.789752,9.99024
ANAS,3395,MILANO,SS42,80+752,45.921135,10.238893
ANAS,452,MILANO,SS45BIS,56+095,45.533537,10.403705
ANAS,503052,MILANO,SS45BIS,81+967,45.669683,10.650136
ANAS,10037,MILANO,SS494,12+351,45.402613,8.972778
ANAS,1715,MILANO,SS526,16+268,45.34177,8.96651
ANAS,503051D,MILANO,SS629,0+511,45.7277,8.6792
ANAS,503051A,MILANO,SS629,0+962,45.7315,8.6806
ANAS,1883,MILANO,SS629,18+875,45.873042,8.673578
ANAS,10035,MILANO,SS712,1+141,45.786852,8.86462
ANAS,153,MILANO,SS9,267+743,45.096795,9.68792
ANAS,154,MILANO,SS9,291+177,45.271177,9.549577
ANAS,503062D,MILANO,SS9,298+114,45.30469,9.480117
ANAS,503062A,MILANO,SS9,298+126,45.304687,9.480552
ANAS,155,MILANO,SS9,302+744,45.32894,9.4376
ANAS,503061A,MILANO,SS9DIR,1+003,45.299212,9.524048
ANAS,503061D,MILANO,SS9DIR,1+003,45.299201,9.523949
ANAS,932,NAPOLI,NSA412,11+860,40.688298,14.45573
ANAS,1820A,NAPOLI,RA2,19+617,40.83364,14.835635
ANAS,1820D,NAPOLI,RA2,19+676,40.833985,14.836211
ANAS,15010,NAPOLI,RA2,20+275,40.837458,14.841477
ANAS,1821A,NAPOLI,RA9,5+502,41.071795,14.858213
ANAS,1821D,NAPOLI,RA9,5+521,41.071891,14.858004
ANAS,15014,NAPOLI,SS145,21+696,40.646333,14.41329
ANAS,933,NAPOLI,SS145,41+705,40.617515,14.424098
ANAS,515110A,NAPOLI,SS162DIR,7+557,40.8688,14.3573
ANAS,515110D,NAPOLI,SS162DIR,7+687,40.8692,14.3574
ANAS,515107A,NAPOLI,SS162NC,12+706,40.9403,14.2011
ANAS,515107D,NAPOLI,SS162NC,13+989,40.9361,14.2144
ANAS,978,NAPOLI,SS163,11+568,40.62535,14.476355
ANAS,977,NAPOLI,SS163,40+071,40.637277,14.67634
ANAS,15019,NAPOLI,SS163,47+755,40.664895,14.71286
ANAS,15022,NAPOLI,SS166,24+831,40.425878,15.224862
ANAS,303,NAPOLI,SS166,4+903,40.45948,15.063247
ANAS,306,NAPOLI,SS166,65+995,40.455697,15.528458
ANAS,304,NAPOLI,SS18,148+135,40.2187,15.27432
ANAS,15031,NAPOLI,SS18,188+731,40.148882,15.456412
ANAS,15030,NAPOLI,SS18,203+076,40.082748,15.497975
ANAS,900306,NAPOLI,SS18,217+041,40.065743,15.6303
ANAS,2279,NAPOLI,SS18,61+326,40.651172,14.825208
ANAS,15020,NAPOLI,SS18,81+121,40.546182,14.9896
ANAS,2294,NAPOLI,SS18,89+486,40.476315,15.014045
ANAS,15021,NAPOLI,SS18,94+458,40.431778,15.018288
ANAS,112,NAPOLI,SS18VAR,121+416,40.267277,15.12828
ANAS,515112,NAPOLI,SS18VAR,140+402,40.1934,15.2666
ANAS,515113,NAPOLI,SS18VAR,162+922,40.0911,15.4295
ANAS,2283,NAPOLI,SS19,11+536,40.605912,15.102112
ANAS,15024,NAPOLI,SS19,54+751,40.526987,15.491945
ANAS,2284,NAPOLI,SS19,56+566,40.515865,15.507187
ANAS,15023,NAPOLI,SS19,64+044,40.455715,15.542328
ANAS,15025,NAPOLI,SS19,83+807,40.307538,15.638543
ANAS,324,NAPOLI,SS19,89+777,40.260173,15.668207
ANAS,515119,NAPOLI,SS19TER,6+758,40.5736,15.4436
ANAS,1106,NAPOLI,SS212,46+694,41.406425,14.872512
ANAS,515115,NAPOLI,SS212VAR,9+302,41.2078,14.7943
ANAS,515104,NAPOLI,SS265VAR,5+459,41.1923,14.4763
ANAS,15013,NAPOLI,SS268,21+887,40.798727,14.51708
ANAS,15033,NAPOLI,SS268,4+194,40.880287,14.403505
ANAS,15012A,NAPOLI,SS268RACC,0+034,40.844862,14.53783
ANAS,15012D,NAPOLI,SS268RACC,0+259,40.843638,14.535663
ANAS,15016,NAPOLI,SS303,15+697,40.982887,15.153752
ANAS,1317,NAPOLI,SS303,2+644,41.039729,15.037128
ANAS,515114,NAPOLI,SS369,39+186,41.3198,14.9165
ANAS,1463,NAPOLI,SS372,26+789,41.270495,14.386953
ANAS,10045,NAPOLI,SS372,5+270,41.31505,14.155445
ANAS,2303,NAPOLI,SS372,56+172,41.20836,14.697438
ANAS,2290D,NAPOLI,SS372,63+668,41.170161,14.761181
ANAS,2290A,NAPOLI,SS372,63+805,41.1689,14.7612
ANAS,515118A,NAPOLI,SS372,68+474,41.1415,14.7931
ANAS,515118D,NAPOLI,SS372,68+482,41.1416,14.7933
ANAS,900054,NAPOLI,SS400,30+919,40.915425,15.15627
ANAS,1811,NAPOLI,SS425,7+443,40.9585,15.181627
ANAS,900050,NAPOLI,SS517VAR,10+416,40.155532,15.52417
ANAS,1705,NAPOLI,SS517VAR,26+454,40.247242,15.591648
ANAS,15028,NAPOLI,SS517VAR,5+152,40.115633,15.49658
ANAS,15005,NAPOLI,SS6,160+831,41.38318,14.014198
ANAS,96,NAPOLI,SS6,179+233,41.256125,14.113482
ANAS,900051,NAPOLI,SS691,1+078,40.637432,15.225708
ANAS,15018,NAPOLI,SS691,16+907,40.766668,15.241427
ANAS,10069,NAPOLI,SS691,25+221,40.833315,15.227317
ANAS,15002,NAPOLI,SS7,161+173,41.239812,13.827408
ANAS,104,NAPOLI,SS7,185+754,41.177865,14.075585
ANAS,15009,NAPOLI,SS7,233+780,41.036232,14.535405
ANAS,15008,NAPOLI,SS7,251+235,41.069127,14.712688
ANAS,108,NAPOLI,SS7,260+115,41.114955,14.772123
ANAS,2282,NAPOLI,SS7,280+119,41.079322,14.930472
ANAS,3521,NAPOLI,SS7,298+104,40.988268,14.87809
ANAS,515134,NAPOLI,SS7,312+198,40.9297,14.8667
ANAS,15015,NAPOLI,SS7,318+578,40.899277,14.910507
ANAS,111,NAPOLI,SS7,339+033,40.87052,15.09005
ANAS,15017,NAPOLI,SS7,360+175,40.888388,15.256555
ANAS,113,NAPOLI,SS7,386+515,40.839682,15.345075
ANAS,106,NAPOLI,SS700,12+771,41.087872,14.293735
ANAS,15029,NAPOLI,SS700,4+010,41.057528,14.360803
ANAS,515120,NAPOLI,SS752,2+363,41.1342,14.7523
ANAS,130,NAPOLI,SS7BIS,21+520,40.989653,14.240977
ANAS,15003D,NAPOLI,SS7BIS,28+510,40.973638,14.317482
ANAS,15003A,NAPOLI,SS7BIS,28+526,40.973338,14.317673
ANAS,3398D,NAPOLI,SS7BIS,3+775,41.0183,14.0412
ANAS,3398A,NAPOLI,SS7BIS,3+781,41.0181,14.0413
ANAS,10008A,NAPOLI,SS7BIS,36+895,40.9587,14.4121
ANAS,10008D,NAPOLI,SS7BIS,38+429,40.962289,14.429653
ANAS,15035,NAPOLI,SS7BIS,41+814,40.959508,14.466848
ANAS,15034,NAPOLI,SS7BIS,45+203,40.939108,14.497546
ANAS,15011,NAPOLI,SS7BIS,53+346,40.938963,14.534977
ANAS,131,NAPOLI,SS7BIS,65+316,40.925498,14.657395
ANAS,127,NAPOLI,SS7BIS,82+858,40.902105,14.803795
ANAS,2291,NAPOLI,SS7DIR-C,19+078,40.868428,15.385328
ANAS,138A,NAPOLI,SS7QUATER,21+367,41.090784,13.908541
ANAS,138D,NAPOLI,SS7QUATER,22+926,41.078831,13.918374
ANAS,515117A,NAPOLI,SS7QUATER,29+775,41.0289,13.9588
ANAS,515117D,NAPOLI,SS7QUATER,30+645,41.0233,13.9668
ANAS,515116A,NAPOLI,SS7QUATER,42+408,40.9436,14.0419
ANAS,515116D,NAPOLI,SS7QUATER,42+508,40.9426,14.0432
ANAS,15004A,NAPOLI,SS7QUATER,46+105,40.913407,14.062713
ANAS,2293D,NAPOLI,SS7QUATER,47+957,40.9006,14.075
ANAS,2293A,NAPOLI,SS7QUATER,47+970,40.8997,14.0754
ANAS,15004D,NAPOLI,SS7QUATER,51+604,40.871437,14.091853
ANAS,2296,NAPOLI,SS85,6+392,41.374232,14.104986
ANAS,15006,NAPOLI,SS87,102+236,41.364253,14.674837
ANAS,910007,NAPOLI,SS87,80+159,41.203552,14.736917
ANAS,664,NAPOLI,SS90,17+384,41.103988,15.082557
ANAS,665,NAPOLI,SS90,28+786,41.164887,15.128305
ANAS,663,NAPOLI,SS90,4+050,41.060227,14.979875
ANAS,3450,NAPOLI,SS90,42+339,41.238947,15.212485
ANAS,667,NAPOLI,SS90BIS,43+408,41.233248,15.140815
ANAS,15007,NAPOLI,SS90BIS,5+456,41.142437,14.838623
ANAS,15027,NAPOLI,SS90DIR,1+361,41.08921,15.099807
ANAS,15001,NAPOLI,SS91,0+700,40.639157,15.224347
ANAS,3546,NAPOLI,SS91,117+549,40.646272,15.168133
ANAS,WIM,PALERMO,RA15,1+488,37.554568,15.086287
ANAS,787,PALERMO,SS113,154+498,38.013167,14.338167
ANAS,788,PALERMO,SS113,177+008,38.014917,14.112013
ANAS,789,PALERMO,SS113,190+505,38.026268,13.981943
ANAS,19081,PALERMO,SS113,203+939,37.982332,13.84833
ANAS,790,PALERMO,SS113,212+622,37.948812,13.775757
ANAS,3116,PALERMO,SS113,241+683,38.068903,13.535333
ANAS,3118,PALERMO,SS113,274+805,38.19943,13.262125
ANAS,3211,PALERMO,SS113,298+179,38.12312,13.076178
ANAS,19010,PALERMO,SS113,307+458,38.05988,13.101968
ANAS,796,PALERMO,SS113,311+009,38.032787,13.09693
ANAS,19013,PALERMO,SS113,332+267,37.97877,12.937152
ANAS,797,PALERMO,SS113,343+032,37.940962,12.856698
ANAS,19017,PALERMO,SS113,360+823,37.937453,12.713542
ANAS,798,PALERMO,SS113,366+393,37.966997,12.66592
ANAS,19031,PALERMO,SS115,110+426,37.529693,13.066413
ANAS,3216,PALERMO,SS115,133+530,37.492917,13.212313
ANAS,19036,PALERMO,SS115,138+374,37.470653,13.227473
ANAS,809,PALERMO,SS115,14+151,37.903897,12.531698
ANAS,815,PALERMO,SS115,162+500,37.359095,13.370932
ANAS,19048,PALERMO,SS115,197+511,37.247053,13.668215
ANAS,817,PALERMO,SS115,203+076,37.206816,13.700981
ANAS,19054,PALERMO,SS115,221+716,37.146277,13.841142
ANAS,3218,PALERMO,SS115,236+890,37.111953,13.985668
ANAS,819,PALERMO,SS115,255+237,37.1007,14.1586
ANAS,820,PALERMO,SS115,275+781,37.065665,14.363663
ANAS,810,PALERMO,SS115,44+211,37.704043,12.543128
ANAS,3213,PALERMO,SS115,56+257,37.637103,12.632475
ANAS,19020,PALERMO,SS115,7+620,37.958373,12.555598
ANAS,19030,PALERMO,SS115,78+329,37.643945,12.838727
ANAS,812,PALERMO,SS115,88+168,37.626403,12.947665
ANAS,3119,PALERMO,SS115DIR,4+872,37.608612,12.8453
ANAS,19002,PALERMO,SS115DIR-A,0+834,37.672698,12.577307
ANAS,19008A,PALERMO,SS115QUATER,0+959,37.301577,13.557343
ANAS,19008D,PALERMO,SS115QUATER,0+971,37.301302,13.557532
ANAS,19053,PALERMO,SS115TER,0+176,37.295815,13.50033
ANAS,830,PALERMO,SS117,1+569,38.007167,14.333333
ANAS,19089,PALERMO,SS117,12+701,37.941068,14.353767
ANAS,831,PALERMO,SS117,55+174,37.7275,14.369205
ANAS,19072,PALERMO,SS117BIS,1+139,37.576073,14.291647
ANAS,19071,PALERMO,SS117BIS,11+932,37.533255,14.224418
ANAS,832,PALERMO,SS117BIS,41+582,37.426947,14.370563
ANAS,834,PALERMO,SS117BIS,53+289,37.343052,14.353313
ANAS,19118,PALERMO,SS117BIS,70+970,37.21849,14.37954
ANAS,19052,PALERMO,SS118,127+558,37.4241,13.506597
ANAS,838,PALERMO,SS118,143+205,37.339268,13.5675
ANAS,836,PALERMO,SS118,23+729,37.872162,13.309382
ANAS,19039,PALERMO,SS118,3+181,37.962667,13.43203
ANAS,837,PALERMO,SS118,46+091,37.772253,13.373377
ANAS,19049,PALERMO,SS118,59+236,37.715227,13.449047
ANAS,19051,PALERMO,SS118,70+528,37.646808,13.491125
ANAS,840,PALERMO,SS119,46+073,37.756398,12.850932
ANAS,839,PALERMO,SS119,7+145,37.928948,12.93216
ANAS,19027,PALERMO,SS119DIR,3+134,37.761478,12.891168
ANAS,841,PALERMO,SS120,1+746,37.941502,13.790248
ANAS,19093,PALERMO,SS120,119+505,37.808622,14.492038
ANAS,19122,PALERMO,SS120,126+150,37.820092,14.528882
ANAS,843,PALERMO,SS120,133+758,37.794478,14.58287
ANAS,19092,PALERMO,SS120,147+617,37.821207,14.665932
ANAS,19082,PALERMO,SS120,39+968,37.766413,13.952808
ANAS,19085,PALERMO,SS120,50+623,37.781423,14.016065
ANAS,19086,PALERMO,SS120,56+961,37.790307,14.063187
ANAS,19087,PALERMO,SS120,71+602,37.818397,14.144297
ANAS,842,PALERMO,SS120,74+198,37.807083,14.155055
ANAS,19076,PALERMO,SS120,92+544,37.78911,14.31221
ANAS,19069,PALERMO,SS121,125+235,37.603037,14.130778
ANAS,850,PALERMO,SS121,127+210,37.594368,14.125707
ANAS,848,PALERMO,SS121,140+387,37.593245,14.019617
ANAS,19044,PALERMO,SS121,176+726,37.712298,13.782348
ANAS,19043,PALERMO,SS121,187+367,37.76605,13.709113
ANAS,19084,PALERMO,SS121,196+789,37.794707,13.648623
ANAS,19042,PALERMO,SS121,200+741,37.78656,13.62318
ANAS,851,PALERMO,SS121,215+817,37.83628,13.542898
ANAS,852,PALERMO,SS121,249+083,38.053722,13.46199
ANAS,19074,PALERMO,SS121,87+452,37.629418,14.396188
ANAS,849,PALERMO,SS121,98+054,37.601355,14.330615
ANAS,19057,PALERMO,SS122,27+253,37.362012,13.790523
ANAS,19056,PALERMO,SS122,37+709,37.394413,13.854897
ANAS,854,PALERMO,SS122,53+058,37.470037,13.9484
ANAS,853,PALERMO,SS122,7+848,37.313692,13.644867
ANAS,855,PALERMO,SS122,75+249,37.492842,14.132425
ANAS,19067,PALERMO,SS122,84+706,37.508288,14.185302
ANAS,856,PALERMO,SS122BIS,7+687,37.540115,14.055975
ANAS,19063,PALERMO,SS122TER,2+926,37.357657,13.864317
ANAS,858,PALERMO,SS123,15+034,37.252372,13.924592
ANAS,19090,PALERMO,SS123,35+671,37.133123,13.917703
ANAS,857,PALERMO,SS123,8+237,37.308087,13.908262
ANAS,3221,PALERMO,SS186,11+014,38.058925,13.259588
ANAS,1034,PALERMO,SS186,22+395,38.057133,13.167757
ANAS,1035,PALERMO,SS187,15+300,38.040473,12.664845
ANAS,3222,PALERMO,SS187,30+333,38.031242,12.80838
ANAS,1037,PALERMO,SS187,54+360,38.044995,13.001517
ANAS,19026,PALERMO,SS187,6+204,38.023713,12.582285
ANAS,19050,PALERMO,SS188,134+654,37.701355,13.396688
ANAS,1041,PALERMO,SS188,143+810,37.697538,13.50729
ANAS,1038,PALERMO,SS188,18+838,37.801847,12.640987
ANAS,19021,PALERMO,SS188,26+975,37.80904,12.71955
ANAS,19023,PALERMO,SS188,39+482,37.814447,12.815337
ANAS,1039,PALERMO,SS188,54+412,37.729748,12.877953
ANAS,19028,PALERMO,SS188,66+939,37.709467,12.951657
ANAS,1040,PALERMO,SS188,82+985,37.647232,13.018145
ANAS,19037,PALERMO,SS188,94+890,37.647347,13.130787
ANAS,1043,PALERMO,SS188DIR-A,10+275,37.903167,12.832333
ANAS,19022,PALERMO,SS188DIR-A,3+561,37.853983,12.806968
ANAS,10041,PALERMO,SS188DIR-C,3+106,37.709052,13.261168
ANAS,900020,PALERMO,SS189,17+525,37.668017,13.657991
ANAS,1887,PALERMO,SS189,2+990,37.769892,13.596692000000001
ANAS,19045,PALERMO,SS189,30+353,37.566558,13.679543
ANAS,3219,PALERMO,SS189,56+022,37.382693,13.63158
ANAS,19047,PALERMO,SS189,60+036,37.355178,13.628025
ANAS,3225,PALERMO,SS190,18+412,37.326385,14.01703
ANAS,19059,PALERMO,SS190,35+398,37.268232,14.107862
ANAS,19058,PALERMO,SS190,40+362,37.258383,14.156657
ANAS,1048,PALERMO,SS190,6+873,37.358422,13.918242
ANAS,1050,PALERMO,SS190,64+877,37.14774,14.301583
ANAS,19064,PALERMO,SS191,21+460,37.418788,14.149017
ANAS,1052,PALERMO,SS191,49+079,37.273913,14.206877
ANAS,1280,PALERMO,SS285,1+695,37.974795,13.68324
ANAS,1281,PALERMO,SS285,23+644,37.856907,13.64061
ANAS,19088,PALERMO,SS286,1+809,38.001643,14.098483
ANAS,1283,PALERMO,SS286,33+032,37.879545,14.155285
ANAS,19077,PALERMO,SS286,39+642,37.83508,14.15683
ANAS,1290,PALERMO,SS290,10+670,37.718428,14.108773
ANAS,1291,PALERMO,SS290,37+353,37.611397,14.211563
ANAS,1487,PALERMO,SS386,23+688,37.561083,13.29599
ANAS,1526,PALERMO,SS410,1+118,37.33562,13.738947
ANAS,1527,PALERMO,SS410,15+206,37.275178,13.79625
ANAS,1751,PALERMO,SS557,2+289,37.264393,13.941562
ANAS,1756,PALERMO,SS560,7+805,37.435355,14.172453
ANAS,1757,PALERMO,SS561,8+185,37.504953,14.315633
ANAS,1769,PALERMO,SS576,5+469,37.26307,13.722415
ANAS,10042,PALERMO,SS624,24+997,37.976392,13.182825
ANAS,3210,PALERMO,SS624,3+476,38.067935,13.322285
ANAS,19038,PALERMO,SS624,30+593,37.932647,13.162628
ANAS,19035,PALERMO,SS624,35+825,37.8872,13.150527
ANAS,19034,PALERMO,SS624,52+929,37.784397,13.053538
ANAS,19033,PALERMO,SS624,63+274,37.701323,13.052743
ANAS,19032,PALERMO,SS624,67+415,37.66669,13.052337
ANAS,3223,PALERMO,SS624,79+415,37.593962,13.043795
ANAS,2006,PALERMO,SS626,1+597,37.522993,14.12736
ANAS,3475,PALERMO,SS626,29+670,37.331668,14.125455
ANAS,3465,PALERMO,SS626,54+807,37.150203,14.101857
ANAS,19055,PALERMO,SS626,9+481,37.46634,14.131528
ANAS,19061,PALERMO,SS626DIR,13+508,37.230508,13.969567
ANAS,19060,PALERMO,SS626DIR,21+170,37.288842,13.970532
ANAS,19062,PALERMO,SS640,2+621,37.283822,13.560153
ANAS,19046A,PALERMO,SS640,20+561,37.360757,13.694802
ANAS,19046D,PALERMO,SS640,20+567,37.360703,13.694887
ANAS,19068A,PALERMO,SS640,30+787,37.377995,13.79372
ANAS,19068D,PALERMO,SS640,30+792,37.37817,13.793742
ANAS,3466,PALERMO,SS640,60+126,37.482193,14.032115
ANAS,19066,PALERMO,SS640DIR,10+395,37.445752,14.1205
ANAS,19065,PALERMO,SS640DIR,3+323,37.474408,14.060397
ANAS,3124,PALERMO,SS644,1+392,37.277312,13.935915
ANAS,20003,PERUGIA,RA6,27+387,43.196802,12.119382
ANAS,3152A,PERUGIA,RA6,42+887,43.128478,12.270613
ANAS,3152D,PERUGIA,RA6,43+234,43.12632,12.273638
ANAS,3141A,PERUGIA,RA6,55+929,43.094107,12.402865
ANAS,3141D,PERUGIA,RA6,55+943,43.094361,12.403
ANAS,410013,PERUGIA,SS209,28+817,42.7049,12.8271
ANAS,410010,PERUGIA,SS209,4+894,42.5537,12.7009
ANAS,410015,PERUGIA,SS219,10+092,43.290849,12.657192
ANAS,20002,PERUGIA,SS219,36+769,43.340313,12.419825
ANAS,20001,PERUGIA,SS3,112+569,42.64294,12.729812
ANAS,410002A,PERUGIA,SS3,149+072,42.9269,12.7284
ANAS,410002D,PERUGIA,SS3,149+161,42.9277,12.7283
ANAS,10018,PERUGIA,SS3,152+223,42.953837,12.722685
ANAS,920068,PERUGIA,SS3,155+466,42.981172,12.720855
ANAS,3526,PERUGIA,SS3,182+939,43.206623,12.76089
ANAS,410014,PERUGIA,SS3,209+113,43.3821,12.6822
ANAS,920067,PERUGIA,SS3,74+901,42.45525,12.482775
ANAS,3150,PERUGIA,SS318,2+383,43.110568,12.501952
ANAS,10019,PERUGIA,SS318,35+640,43.265902,12.696252
ANAS,410004,PERUGIA,SS318VAR,9+818,43.1813,12.6158
ANAS,410011,PERUGIA,SS320,3+249,42.76497,13.003294
ANAS,10047A,PERUGIA,SS3BIS,102+827,43.3131,12.345277
ANAS,10047D,PERUGIA,SS3BIS,104+050,43.317732,12.331562
ANAS,3144D,PERUGIA,SS3BIS,117+245,43.412628,12.247742
ANAS,3144A,PERUGIA,SS3BIS,117+260,43.412825,12.248158
ANAS,3140A,PERUGIA,SS3BIS,27+854,42.750737,12.466922
ANAS,3140D,PERUGIA,SS3BIS,28+948,42.758144,12.458194
ANAS,920060A,PERUGIA,SS3BIS,42+684,42.8634,12.3988
ANAS,920060D,PERUGIA,SS3BIS,42+884,42.865183,12.398228
ANAS,3139,PERUGIA,SS3BIS,6+765,42.624582,12.55142
ANAS,920069,PERUGIA,SS3BIS,68+894,43.082928,12.426248
ANAS,920063D,PERUGIA,SS3BIS,71+944,43.088492,12.46116
ANAS,920063A,PERUGIA,SS3BIS,72+119,43.087947,12.46336
ANAS,920070D,PERUGIA,SS3BIS,73+966,43.096477,12.475682
ANAS,920070A,PERUGIA,SS3BIS,74+215,43.098692,12.476308
ANAS,920071A,PERUGIA,SS3BIS,77+720,43.119085,12.451927
ANAS,920071D,PERUGIA,SS3BIS,78+006,43.121703,12.451558
ANAS,920061A,PERUGIA,SS3BIS,90+860,43.220544,12.409075
ANAS,920061D,PERUGIA,SS3BIS,95+184,43.257,12.392
ANAS,410001,PERUGIA,SS418,12+086,42.7194,12.6219
ANAS,10016,PERUGIA,SS448,13+398,42.734103,12.314632
ANAS,410012,PERUGIA,SS452,7+036,43.4168,12.5861
ANAS,310002D,PERUGIA,SS675,10+174,42.569263,12.585847
ANAS,310001A,PERUGIA,SS675,11+387,42.568845,12.570933
ANAS,310001D,PERUGIA,SS675,13+780,42.560692,12.543798
ANAS,923149,PERUGIA,SS675,18+975,42.542448,12.493032
ANAS,3149,PERUGIA,SS675,20+491,42.534587,12.479582
ANAS,310002A,PERUGIA,SS675,8+720,42.569942,12.603505
ANAS,585,PERUGIA,SS685,31+353,42.791178,12.994033
ANAS,3143,PERUGIA,SS685,58+227,42.75377,12.778457
ANAS,410009,PERUGIA,SS71,50+664,42.8273,12.0817
ANAS,410008,PERUGIA,SS71,80+553,42.9829,11.9829
ANAS,410007,PERUGIA,SS71,95+332,43.0714,12.0594
ANAS,410006,PERUGIA,SS728,14+307,43.1679,12.3146
ANAS,920072,PERUGIA,SS75,0+927,43.085748,12.484123
ANAS,584,PERUGIA,SS75,15+329,43.027205,12.635973
ANAS,10017,PERUGIA,SS79BIS,27+813,42.574113,12.685325
ANAS,3040,POTENZA,RA5,26+336,40.621566,15.582017
ANAS,3039,POTENZA,RA5,48+619,40.62868,15.81653
ANAS,900053,POTENZA,RA5,7+616,40.605348,15.375613
ANAS,732,POTENZA,SS106,423+226,40.187265,16.666518
ANAS,517129A,POTENZA,SS106,436+724,40.298478,16.727366
ANAS,517129D,POTENZA,SS106,437+565,40.305287,16.731831
ANAS,734,POTENZA,SS106,449+385,40.396551,16.802266
ANAS,990,POTENZA,SS169,17+983,40.756357,15.956717
ANAS,10002,POTENZA,SS18,229+045,40.00669,15.683432
ANAS,327,POTENZA,SS19,102+932,40.171793,15.716757
ANAS,1813,POTENZA,SS401,26+789,40.886195,15.455353
ANAS,900022,POTENZA,SS401,31+186,40.867488,15.422658
ANAS,3538,POTENZA,SS401DIR,16+551,40.982268,15.572233
ANAS,900052,POTENZA,SS407,100+331,40.380108,16.786658
ANAS,1520,POTENZA,SS407,14+721,40.598837,15.984208
ANAS,10006,POTENZA,SS407,60+709,40.547243,16.440632
ANAS,3185,POTENZA,SS407,83+199,40.41214,16.597702
ANAS,3049,POTENZA,SS481,2+778,40.048878,16.342363
ANAS,1780,POTENZA,SS585,25+974,40.110087,15.748692
ANAS,3463,POTENZA,SS585,5+464,39.97564,15.79647
ANAS,1841,POTENZA,SS598,106+690,40.294437,16.514705
ANAS,517128,POTENZA,SS598,34+084,40.3642,15.7836
ANAS,10044,POTENZA,SS598,69+450,40.262077,16.143165
ANAS,517127,POTENZA,SS598,9+340,40.461779,15.591831
ANAS,3512,POTENZA,SS653,1+292,40.072478,15.878982
ANAS,517131,POTENZA,SS653,36+992,40.101,16.2563
ANAS,517132,POTENZA,SS653,52+714,40.1814,16.3732
ANAS,10001,POTENZA,SS653,66+407,40.212367,16.503017
ANAS,3537,POTENZA,SS655,112+389,40.784537,16.300257
ANAS,3536,POTENZA,SS655,42+139,41.08247,15.62276
ANAS,517121,POTENZA,SS655,69+795,40.9904,15.8994
ANAS,517122,POTENZA,SS655,96+847,40.877131,16.170417
ANAS,3470,POTENZA,SS658,10+875,40.722243,15.803592
ANAS,517143,POTENZA,SS658,31+229,40.8664,15.6967
ANAS,3468,POTENZA,SS658,33+042,40.881258,15.69333
ANAS,517123,POTENZA,SS658,54+452,41.042094,15.604706
ANAS,517124,POTENZA,SS658DIR,5+275,41.041985,15.642048
ANAS,114,POTENZA,SS7,428+365,40.701117,15.5529
ANAS,117,POTENZA,SS7,567+113,40.630602,16.591777
ANAS,3059,POTENZA,SS7,582+022,40.680085,16.617868
ANAS,517130,POTENZA,SS742,13+836,40.1204,16.3097
ANAS,517133,POTENZA,SS742DIR,2+860,40.083,16.3436
ANAS,517125,POTENZA,SS743,2+824,40.867501,15.440733
ANAS,517126,POTENZA,SS743,30+994,40.717251,15.518547
ANAS,3388,POTENZA,SS7RACC,7+192,40.560193,16.493167
ANAS,678,POTENZA,SS92,11+760,40.574247,15.821677
ANAS,10071,POTENZA,SS92,117+741,40.229182,16.294712
ANAS,674,POTENZA,SS92,66+603,40.345968,16.055967
ANAS,681,POTENZA,SS93,65+321,40.997862,15.722997
ANAS,3535,POTENZA,SS94DIR,1+822,40.635038,15.56512
ANAS,3047,POTENZA,SS95VAR,8+216,40.553253,15.64853
ANAS,693,POTENZA,SS96BIS,2+511,40.762753,16.057047
ANAS,3065,POTENZA,SS99,14+288,40.706497,16.582503
ANAS,312006A,ROMA,A90,0+725,41.890762,12.381445
ANAS,312006D,ROMA,A90,1+383,41.896778,12.38182
ANAS,312007D,ROMA,A90,14+137,41.981958,12.447788
ANAS,312007A,ROMA,A90,14+236,41.98171,12.448968
ANAS,312008A,ROMA,A90,20+815,41.985122,12.520922
ANAS,312008D,ROMA,A90,20+821,41.985505,12.521313
ANAS,920002,ROMA,A90,25+202,41.965006,12.566181
ANAS,312009D,ROMA,A90,27+579,41.95109,12.58737
ANAS,312009A,ROMA,A90,27+587,41.950898,12.587137
ANAS,312010A,ROMA,A90,33+093,41.907208,12.615417
ANAS,312010D,ROMA,A90,33+102,41.907122,12.615758
ANAS,920003,ROMA,A90,37+398,41.869989,12.604194
ANAS,312011A,ROMA,A90,39+910,41.848437,12.595825
ANAS,312011D,ROMA,A90,39+994,41.847658,12.59575
ANAS,920004,ROMA,A90,41+774,41.832961,12.587347
ANAS,920006,ROMA,A90,42+889,41.824156,12.580786
ANAS,312012A,ROMA,A90,48+988,41.795327,12.523255
ANAS,312012D,ROMA,A90,49+003,41.794922,12.523135
ANAS,312013D,ROMA,A90,53+417,41.7987,12.470603
ANAS,312013A,ROMA,A90,53+423,41.798962,12.470598
ANAS,920007,ROMA,A90,56+788,41.804203,12.430928
ANAS,312014A,ROMA,A90,58+947,41.809693,12.406042
ANAS,312014D,ROMA,A90,58+947,41.809693,12.406042
ANAS,312015A,ROMA,A90,63+893,41.846873,12.381212
ANAS,312015D,ROMA,A90,63+912,41.84697,12.380872
ANAS,512002D,ROMA,A90,63+942,41.847177,12.380565
ANAS,512002A,ROMA,A90,64+027,41.848075,12.380972
ANAS,920011,ROMA,A90,66+860,41.872113,12.376568
ANAS,920012,ROMA,A90,66+931,41.872747,12.376711
ANAS,920001,ROMA,A90,8+461,41.958572,12.387111
ANAS,920000,ROMA,A90,8+618,41.959287,12.388734
ANAS,412020D,ROMA,A91,10+246,41.814391,12.350562
ANAS,512001A,ROMA,A91,11+650,41.81356,12.333353
ANAS,920103,ROMA,A91,12+882,41.812082,12.318453
ANAS,512001D,ROMA,A91,13+190,41.810678,12.315127
ANAS,920102,ROMA,A91,14+301,41.806935,12.303205
ANAS,920101,ROMA,A91,18+181,41.78686,12.26565
ANAS,920104,ROMA,A91,5+279,41.82002,12.40969
ANAS,412020A,ROMA,A91,8+635,41.816981,12.369782
ANAS,920010,ROMA,A91,9+302,41.815847,12.361886
ANAS,920009,ROMA,A91,9+324,41.81565,12.361597
ANAS,412054,ROMA,SS1,104+864,42.3255,11.6366
ANAS,8,ROMA,SS1,119+048,42.397357,11.51753
ANAS,412022,ROMA,SS1,12+094,41.886324,12.363926
ANAS,2,ROMA,SS1,22+503,41.910324,12.258333
ANAS,4,ROMA,SS1,45+038,41.988362,12.041393
ANAS,412023,ROMA,SS148,17+450,41.760107,12.438155
ANAS,412024,ROMA,SS148,23+857,41.712053,12.454667
ANAS,412025D,ROMA,SS148,36+803,41.634227,12.56508
ANAS,412025A,ROMA,SS148,37+265,41.63149,12.569155
ANAS,412049A,ROMA,SS148,59+468,41.5167,12.7809
ANAS,412049D,ROMA,SS148,59+485,41.5168,12.7812
ANAS,412052,ROMA,SS148,88+410,41.364,13.0498
ANAS,412044,ROMA,SS156,21+818,41.5042,13.2315
ANAS,412045,ROMA,SS156,39+134,41.4892,13.0459
ANAS,3551,ROMA,SS17,2+653,42.41153,13.089588
ANAS,27,ROMA,SS1BIS,19+331,42.296935,11.949235
ANAS,26,ROMA,SS1BIS,6+205,42.252812,11.813335
ANAS,412002,ROMA,SS2,120+129,42.662645,11.908646
ANAS,412003,ROMA,SS2,138+516,42.780173,11.836077
ANAS,412042,ROMA,SS2,21+162,42.043183,12.376169
ANAS,412013,ROMA,SS2,23+606,42.064215,12.372711
ANAS,412012A,ROMA,SS2,29+780,42.117066,12.36399
ANAS,412012D,ROMA,SS2,33+145,42.142949,12.350858
ANAS,412008,ROMA,SS2,47+200,42.231086,12.253549
ANAS,412007,ROMA,SS2,58+348,42.272347,12.147144
ANAS,412005,ROMA,SS2,69+742,42.333,12.0539
ANAS,412001,ROMA,SS2,91+471,42.4927,12.0638
ANAS,412036,ROMA,SS214,17+161,41.667659,13.432394
ANAS,412035,ROMA,SS260,44+124,42.6334,13.283
ANAS,412018,ROMA,SS2BIS,7+994,42.040306,12.42173
ANAS,412016,ROMA,SS3,22+780,42.082572,12.481813
ANAS,412011,ROMA,SS3,48+323,42.272263,12.446454
ANAS,412010,ROMA,SS3,62+642,42.360319,12.466519
ANAS,10046,ROMA,SS4,110+209,42.509813,13.090047
ANAS,412057,ROMA,SS4,120+377,42.579215,13.156915
ANAS,68,ROMA,SS4,133+401,42.648102,13.270015
ANAS,1046,ROMA,SS4,18+207,42.030903,12.546997
ANAS,64,ROMA,SS4,35+451,42.151543,12.653847
ANAS,412015,ROMA,SS4,51+045,42.1999,12.803
ANAS,2350,ROMA,SS4,57+893,42.246983,12.829517
ANAS,66,ROMA,SS4,86+027,42.380663,12.964732
ANAS,67,ROMA,SS4,96+528,42.407817,13.067152
ANAS,412031,ROMA,SS471,29+468,42.5403,13.0339
ANAS,412014D,ROMA,SS4DIR,2+840,42.147331,12.61959
ANAS,412014A,ROMA,SS4DIR,3+005,42.146395,12.618067
ANAS,412026,ROMA,SS5,18+681,41.9481,12.6772
ANAS,412027,ROMA,SS5,28+952,41.95,12.7891
ANAS,412028,ROMA,SS5,40+348,41.9869,12.8632
ANAS,412029,ROMA,SS5,55+474,42.0243,12.9863
ANAS,412055,ROMA,SS578,36+785,42.2074,13.2067
ANAS,412030,ROMA,SS578,6+791,42.3612,12.9283
ANAS,412041,ROMA,SS6,132+891,41.4908,13.7734
ANAS,412032,ROMA,SS6,24+485,41.8455,12.7491
ANAS,412056,ROMA,SS6,47+030,41.76013,12.977735
ANAS,412034,ROMA,SS6,73+198,41.6881,13.2486
ANAS,412043,ROMA,SS6,96+184,41.5834,13.422
ANAS,412040,ROMA,SS630,1+820,41.4653,13.806
ANAS,312005D,ROMA,SS675,31+334,42.461097,12.413885
ANAS,312005A,ROMA,SS675,32+399,42.454272,12.404917
ANAS,312004A,ROMA,SS675,36+170,42.452768,12.36125
ANAS,312004D,ROMA,SS675,36+734,42.450872,12.354898
ANAS,10015D,ROMA,SS675,48+409,42.458052,12.218403
ANAS,10015A,ROMA,SS675,48+797,42.457648,12.213693
ANAS,312003A,ROMA,SS675,52+929,42.456732,12.16413
ANAS,312003D,ROMA,SS675,53+546,42.455497,12.156813
ANAS,312002A,ROMA,SS675,64+909,42.392968,12.062478
ANAS,312002D,ROMA,SS675,65+033,42.391873,12.06207
ANAS,312001A,ROMA,SS675,74+165,42.348035,11.981148
ANAS,312001D,ROMA,SS675,74+383,42.346123,11.981827
ANAS,412006A,ROMA,SS675,80+733,42.29928,11.970354
ANAS,412006D,ROMA,SS675,80+751,42.29907,11.970231
ANAS,412037,ROMA,SS690,39+451,41.7686,13.6017
ANAS,412019,ROMA,SS698,5+137,42.137782,11.795031
ANAS,10013,ROMA,SS699,14+576,41.44676,13.206572
ANAS,102,ROMA,SS7,111+851,41.340577,13.334952
ANAS,98,ROMA,SS7,17+893,41.78114,12.60306
ANAS,100,ROMA,SS7,45+502,41.646235,12.787232
ANAS,412048,ROMA,SS7,66+892,41.5051,12.9483
ANAS,412046,ROMA,SS7,78+254,41.4315,13.0431
ANAS,412004,ROMA,SS74,80+452,42.697184,11.927847
ANAS,412038,ROMA,SS749,30+829,41.5543,13.844
ANAS,10014,ROMA,SS79,7+232,42.419543,12.782327
ANAS,2356,ROMA,SS7VAR,7+046,41.261365,13.696255
ANAS,320001D,SASSARI,SS125,285+043,40.731918,9.649665
ANAS,320001A,SASSARI,SS125,285+706,40.737327,9.646638
ANAS,867,SASSARI,SS125,308+978,40.895922,9.565758
ANAS,868,SASSARI,SS125,322+754,40.96847,9.491013
ANAS,881,SASSARI,SS127,121+542,40.726795,8.622943
ANAS,877,SASSARI,SS127,20+626,40.893925,9.309268
ANAS,878,SASSARI,SS127,51+330,40.89247,9.06148
ANAS,879,SASSARI,SS127,85+139,40.780985,8.81806
ANAS,882,SASSARI,SS127BIS,5+053,40.701173,8.516367
ANAS,890,SASSARI,SS128BIS,17+821,40.43437,9.044995
ANAS,891,SASSARI,SS128BIS,66+284,40.576395,8.979803
ANAS,911D,SASSARI,SS131,153+757,40.343817,8.788052
ANAS,911A,SASSARI,SS131,153+770,40.34397,8.788287
ANAS,912A,SASSARI,SS131,178+162,40.533443,8.78306
ANAS,912D,SASSARI,SS131,178+219,40.533973,8.782882
ANAS,913,SASSARI,SS131,196+653,40.662137,8.66972
ANAS,900011A,SASSARI,SS131,215+585,40.727262,8.486225
ANAS,900011D,SASSARI,SS131,215+593,40.727233,8.485627
ANAS,914A,SASSARI,SS131,222+442,40.768963,8.433265
ANAS,914D,SASSARI,SS131,222+977,40.770755,8.427395
ANAS,916,SASSARI,SS131BIS,28+058,40.5968,8.5402
ANAS,903518A,SASSARI,SS131DIR-CENTR,100+441,40.605444,9.697981
ANAS,320002D,SASSARI,SS131DIR-CENTR,107+863,40.661438,9.717527
ANAS,320002A,SASSARI,SS131DIR-CENTR,108+776,40.668467,9.71274
ANAS,3518A,SASSARI,SS131DIR-CENTR,141+418,40.875808,9.501102
ANAS,3518D,SASSARI,SS131DIR-CENTR,141+702,40.878136,9.499778
ANAS,900003D,SASSARI,SS131DIR-CENTR,58+012,40.360264,9.352831
ANAS,903518D,SASSARI,SS131DIR-CENTR,99+627,40.598825,9.694328
ANAS,917,SASSARI,SS132,5+924,40.621595,8.992238
ANAS,918,SASSARI,SS133,28+393,41.090105,9.234118
ANAS,919,SASSARI,SS133BIS,9+576,41.215405,9.245443
ANAS,920,SASSARI,SS134,21+820,40.909948,8.737368
ANAS,1077,SASSARI,SS200,26+203,40.895622,8.666258
ANAS,1076,SASSARI,SS200,6+604,40.775963,8.584835
ANAS,1293,SASSARI,SS291,23+811,40.664072,8.30371
ANAS,1292,SASSARI,SS291VAR,8+506,40.728185,8.456617
ANAS,1294,SASSARI,SS292,13+474,40.502023,8.401852
ANAS,1298,SASSARI,SS292DIR,6+090,40.411713,8.685017
ANAS,1494,SASSARI,SS389,87+593,40.381767,9.280023
ANAS,1496,SASSARI,SS389DIR-A,3+203,40.582567,9.228562
ANAS,1500,SASSARI,SS392,26+887,40.75352,9.076628
ANAS,1552,SASSARI,SS427,25+753,41.01328,9.35233
ANAS,1885,SASSARI,SS597,0+367,40.671233,8.669405
ANAS,1886,SASSARI,SS597,33+128,40.67706,9.006043
ANAS,520004D,SASSARI,SS729,30+653,40.689848,9.034409
ANAS,520004A,SASSARI,SS729,32+064,40.700172,9.044138
ANAS,10039,TORINO,NSA12,3+979,45.48189,8.098867
ANAS,501044D,TORINO,RA10,0+823,45.109405,7.69551
ANAS,501044A,TORINO,RA10,1+570,45.115902,7.695288
ANAS,2275,TORINO,RA10,5+057,45.146165,7.688464
ANAS,501045D,TORINO,RA10,8+833,45.17433,7.669345
ANAS,501045A,TORINO,RA10,8+871,45.174637,7.669013
ANAS,501043,TORINO,SS10,18+851,44.998485,7.850754
ANAS,501029,TORINO,SS20,23+977,44.81542,7.701918
ANAS,501028,TORINO,SS20,59+840,44.52157,7.601769
ANAS,2201,TORINO,SS20,96+274,44.240895,7.537565
ANAS,348,TORINO,SS21,27+908,44.307178,7.170727
ANAS,3505,TORINO,SS21,3+724,44.33361,7.442765
ANAS,2202,TORINO,SS21,56+144,44.402168,6.925215
ANAS,2214,TORINO,SS231,10+698,44.831263,8.173843
ANAS,1144,TORINO,SS231,21+040,44.77073,8.083683
ANAS,2215,TORINO,SS231,31+044,44.705433,7.989948
ANAS,501022D,TORINO,SS231,5+844,44.867382,8.206128
ANAS,501022A,TORINO,SS231,5+954,44.866437,8.205693
ANAS,2216,TORINO,SS231,57+208,44.587022,7.752613
ANAS,1147,TORINO,SS231,69+870,44.495968,7.668833
ANAS,501019,TORINO,SS24,65+119,45.108302,6.956497
ANAS,2234,TORINO,SS24,81+080,45.02005,6.83179
ANAS,2206,TORINO,SS25,20+018,45.08382,7.443055
ANAS,363,TORINO,SS25,25+868,45.094545,7.372353
ANAS,2235,TORINO,SS25,35+949,45.111888,7.24981
ANAS,365,TORINO,SS25,55+981,45.145453,7.017538
ANAS,366,TORINO,SS25,67+486,45.191783,6.985115
ANAS,2236,TORINO,SS26,26+003,45.408673,7.882195
ANAS,2237,TORINO,SS26,43+750,45.554153,7.826962
ANAS,376,TORINO,SS28,23+398,44.435592,7.790213
ANAS,2238,TORINO,SS28,48+522,44.398338,7.980045
ANAS,2239,TORINO,SS28,59+225,44.351867,8.055955
ANAS,501026,TORINO,SS32,24+717,45.657937,8.618936
ANAS,2211,TORINO,SS33,120+767,46.090062,8.293312
ANAS,10032,TORINO,SS33,126+759,46.140403,8.309652
ANAS,2210,TORINO,SS33,56+681,45.719848,8.61982
ANAS,400,TORINO,SS33,66+989,45.775903,8.542835
ANAS,2247,TORINO,SS33,98+202,45.97809,8.418352
ANAS,501018,TORINO,SS335,5+172,45.04359,6.777913
ANAS,3552,TORINO,SS336,23+490,45.67002,8.651675
ANAS,1387,TORINO,SS337,15+019,46.134133,8.452688
ANAS,1386,TORINO,SS337,26+222,46.138223,8.574462
ANAS,405,TORINO,SS34,39+255,46.101348,8.696621
ANAS,404,TORINO,SS34,5+906,45.943613,8.499372
ANAS,501030,TORINO,SS393,6+121,44.955168,7.714113
ANAS,501031,TORINO,SS589,20+564,44.958822,7.411425
ANAS,3554,TORINO,SS659,22+653,46.309565,8.37728
ANAS,3553,TORINO,SS659,4+682,46.187172,8.321737
ANAS,501021D,TORINO,SS702,3+384,44.68654,7.82814
ANAS,501021A,TORINO,SS702,3+466,44.685632,7.828268
ANAS,501024A,TORINO,SS703,15+468,45.424365,8.609156
ANAS,501024D,TORINO,SS703,15+478,45.42422,8.609031
ANAS,501025D,TORINO,SS703,5+154,45.47807,8.646872
ANAS,501025A,TORINO,SS703,5+181,45.477736,8.646713
ANAS,501020,TORINO,SS704,1+282,44.41703,7.828813
ANAS,501023D,TORINO,SS706,5+290,44.948987,8.224087
ANAS,501023A,TORINO,SS706,5+293,44.949028,8.224388
ANAS,920045,TRIESTE,A0,21+011,45.657177,13.833085
ANAS,920046,TRIESTE,A0,24+261,45.633502,13.835538
ANAS,920042,TRIESTE,A0,32+596,45.604727,13.824638
ANAS,920043,TRIESTE,A0,34+007,45.597885,13.80943
ANAS,920044A,TRIESTE,A0,35+858,45.584804,13.798094
ANAS,920044D,TRIESTE,A0,35+859,45.584814,13.797777
ANAS,920024,TRIESTE,RA13,13+898,45.701302,13.781498
ANAS,920025,TRIESTE,RA13,18+715,45.674975,13.818505
ANAS,920026,TRIESTE,RA13,19+752,45.666973,13.825377
ANAS,920022,TRIESTE,RA13,3+992,45.748762,13.681005
ANAS,920023,TRIESTE,RA13,4+146,45.747998,13.682675
ANAS,920027,TRIESTE,RA14,0+945,45.694125,13.826108
ANAS,920028,TRIESTE,SS13,216+343,46.506362,13.520165
ANAS,920029,TRIESTE,SS13,228+383,46.531668,13.638577
ANAS,920030,TRIESTE,SS14,164+779,45.638168,13.870147
ANAS,920034A,TRIESTE,SS202,2+504,45.623968,13.780481
ANAS,920034D,TRIESTE,SS202,2+508,45.623976,13.780858
ANAS,920035,TRIESTE,SS202,8+751,45.612027,13.8449
ANAS,920031,TRIESTE,SS52BIS,28+832,46.594873,12.95472
ANAS,920039,TRIESTE,SS52BIS,7+620,46.46675,13.027043
ANAS,920038,TRIESTE,SS54,104+363,46.497332,13.70088
ANAS,920032,TRIESTE,SS54,19+585,46.108223,13.467217
ANAS,920040,TRIESTE,SS54,7+240,46.08459,13.318843
ANAS,920037,TRIESTE,SS54,81+991,46.419115,13.572257
ANAS,920033,TRIESTE,SS55,12+573,45.879277,13.580235
ANAS,15101A,UFF. SP. COSENZA,A2,0+205,40.765,14.7887
ANAS,15101D,UFF. SP. COSENZA,A2,0+410,40.7658,14.7888
ANAS,900012,UFF. SP. COSENZA,A2,11+594,40.698497,14.81921
ANAS,900012_NEW,UFF. SP. COSENZA,A2,12+012,40.6986,14.822
ANAS,15026,UFF. SP. COSENZA,A2,120+038,40.201357,15.686545
ANAS,901002A,UFF. SP. COSENZA,A2,135+314,40.1006,15.8016
ANAS,901002D,UFF. SP. COSENZA,A2,135+314,40.1006,15.8016
ANAS,901002,UFF. SP. COSENZA,A2,137+271,40.092745,15.822103
ANAS,15105D,UFF. SP. COSENZA,A2,163+933,39.9136,15.9646
ANAS,15105A,UFF. SP. COSENZA,A2,164+454,39.9076,15.9621
ANAS,18004A,UFF. SP. COSENZA,A2,178+875,39.863762,16.090443
ANAS,18004D,UFF. SP. COSENZA,A2,179+968,39.867572,16.100613
ANAS,18014A,UFF. SP. COSENZA,A2,206+892,39.751657,16.224082
ANAS,18014D,UFF. SP. COSENZA,A2,207+158,39.751033,16.22451
ANAS,1893,UFF. SP. COSENZA,A2,210+718,39.721432,16.239393
ANAS,1893D,UFF. SP. COSENZA,A2,214+116,39.693075,16.234967
ANAS,1893A,UFF. SP. COSENZA,A2,214+523,39.6895,16.2295
ANAS,1888A,UFF. SP. COSENZA,A2,22+136,40.639,14.9034
ANAS,1888D,UFF. SP. COSENZA,A2,22+331,40.6394,14.9036
ANAS,18013A,UFF. SP. COSENZA,A2,232+565,39.542863,16.226033
ANAS,18013D,UFF. SP. COSENZA,A2,235+582,39.519678,16.212817
ANAS,1894D,UFF. SP. COSENZA,A2,245+467,39.4373,16.2406
ANAS,1894A,UFF. SP. COSENZA,A2,245+660,39.4339,16.2408
ANAS,1894,UFF. SP. COSENZA,A2,246+722,39.424367,16.241815
ANAS,18016D_NEW,UFF. SP. COSENZA,A2,263+197,39.28269,16.245068
ANAS,18016A,UFF. SP. COSENZA,A2,264+213,39.273718,16.247127
ANAS,901001,UFF. SP. COSENZA,A2,288+234,39.102115,16.243353
ANAS,901001D,UFF. SP. COSENZA,A2,288+962,39.0982,16.2391
ANAS,15104A,UFF. SP. COSENZA,A2,29+181,40.61776,14.980985
ANAS,15104D,UFF. SP. COSENZA,A2,29+366,40.618086,14.981006
ANAS,901001A,UFF. SP. COSENZA,A2,290+893,39.086592,16.220667
ANAS,1895,UFF. SP. COSENZA,A2,306+171,38.994852,16.136463
ANAS,1895D,UFF. SP. COSENZA,A2,306+767,38.9911,16.1387
ANAS,1895A,UFF. SP. COSENZA,A2,306+947,38.9884,16.1399
ANAS,18003A,UFF. SP. COSENZA,A2,338+674,38.782392,16.217772
ANAS,18003D,UFF. SP. COSENZA,A2,338+808,38.782478,16.218202
ANAS,15107A,UFF. SP. COSENZA,A2,355+558,38.660128,16.188252
ANAS,15107D,UFF. SP. COSENZA,A2,355+571,38.660032,16.188332
ANAS,1896A,UFF. SP. COSENZA,A2,372+604,38.5525,16.0696
ANAS,1896D,UFF. SP. COSENZA,A2,381+992,38.4909,16.01
ANAS,1896,UFF. SP. COSENZA,A2,383+095,38.481623,16.001123
ANAS,3033,UFF. SP. COSENZA,A2,384+731,38.469635,15.9915
ANAS,3033A,UFF. SP. COSENZA,A2,387+737,38.4511,15.9667
ANAS,3033D,UFF. SP. COSENZA,A2,389+312,38.4454,15.9529
ANAS,1897,UFF. SP. COSENZA,A2,400+226,38.376342,15.870775
ANAS,1897D,UFF. SP. COSENZA,A2,402+204,38.3612,15.8651
ANAS,1897A,UFF. SP. COSENZA,A2,402+895,38.354,15.8679
ANAS,15108A,UFF. SP. COSENZA,A2,426+749,38.23787,15.678582
ANAS,15108D,UFF. SP. COSENZA,A2,431+616,38.2105,15.644
ANAS,1889A,UFF. SP. COSENZA,A2,49+783,40.6269,15.2062
ANAS,1889,UFF. SP. COSENZA,A2,49+969,40.62742,15.205968
ANAS,1889D,UFF. SP. COSENZA,A2,49+972,40.62737,15.206017
ANAS,671,UFF. SP. COSENZA,A2,5+005,40.726977,14.775768
ANAS,671D,UFF. SP. COSENZA,A2,5+689,40.7211,14.7777
ANAS,671A,UFF. SP. COSENZA,A2,6+963,40.707198,14.779293
ANAS,1890D,UFF. SP. COSENZA,A2,61+293,40.5954,15.322
ANAS,1890A,UFF. SP. COSENZA,A2,64+475,40.5735,15.3474
ANAS,1890,UFF. SP. COSENZA,A2,65+399,40.569087,15.353997
ANAS,1891,UFF. SP. COSENZA,A2,86+858,40.468015,15.538405
ANAS,15102A,UFF. SP. COSENZA,A2DIR-NA,1+401,40.686527,14.769635
ANAS,15102D,UFF. SP. COSENZA,A2DIR-NA,2+124,40.68536,14.76174
ANAS,1898A,UFF. SP. COSENZA,A2DIR-RC,7+987,38.1379,15.6603
ANAS,1898D,UFF. SP. COSENZA,A2DIR-RC,8+067,38.137201,15.66027
ANAS,1898,UFF. SP. COSENZA,A2DIR-RC,8+166,38.136418,15.659708
ANAS,180322,UFF. SP. COSENZA,SS738,0+706,38.210052,15.635627
ANAS,920017,UFF. SP. COSENZA,SS740,0+322,38.139683,15.659508
ANAS,10040,VENEZIA,NSA215,56+500,46.317592,12.316377
ANAS,950040_NEW,VENEZIA,SS12,304+052,45.517178,10.821261
ANAS,197,VENEZIA,SS12,309+859,45.564888,10.825828
ANAS,3189,VENEZIA,SS12VAR,1+536,45.25387,11.01403
ANAS,208,VENEZIA,SS13,13+004,45.58728,12.234072
ANAS,209,VENEZIA,SS13,44+777,45.85897,12.26184
ANAS,920074,VENEZIA,SS13,62+268,45.94249,12.44436
ANAS,3191,VENEZIA,SS14,14+485,45.537105,12.398713
ANAS,218,VENEZIA,SS14,24+492,45.587507,12.469048
ANAS,219,VENEZIA,SS14,47+222,45.699007,12.672272
ANAS,3192,VENEZIA,SS14,69+199,45.77867,12.911327
ANAS,505071,VENEZIA,SS14VAR,6+596,45.783648,12.860071
ANAS,505069,VENEZIA,SS14VAR-A,3+108,45.599727,12.527958
ANAS,505070,VENEZIA,SS14VAR-B,1+553,45.602106,12.59476
ANAS,230,VENEZIA,SS16,14+541,45.296247,11.790098
ANAS,231,VENEZIA,SS16,31+401,45.157603,11.756597
ANAS,505056A,VENEZIA,SS16,42+849,45.066435,11.805646
ANAS,505056D,VENEZIA,SS16,42+853,45.066371,11.805901
ANAS,233,VENEZIA,SS16,65+223,44.910493,11.652853
ANAS,1334,VENEZIA,SS309,112+494,45.363595,12.137612
ANAS,1332,VENEZIA,SS309,68+175,45.034353,12.23908
ANAS,1333,VENEZIA,SS309,86+469,45.19221,12.275363
ANAS,3186D,VENEZIA,SS434,23+402,45.285237,11.194058
ANAS,1563D,VENEZIA,SS434,4+450,45.389118,11.023567
ANAS,1563A,VENEZIA,SS434,5+320,45.383183,11.03073
ANAS,3476D,VENEZIA,SS434,66+595,45.030365,11.5689
ANAS,3476,VENEZIA,SS434,66+601,45.030395,11.56901
ANAS,3476A,VENEZIA,SS434,67+519,45.026648,11.57925
ANAS,462,VENEZIA,SS47,39+676,45.73756,11.764778
ANAS,481,VENEZIA,SS50,15+863,46.111127,12.124722
ANAS,480,VENEZIA,SS50,2+505,46.172145,12.256667
ANAS,482,VENEZIA,SS50BIS-VAR,15+129,46.007218,11.875208
ANAS,2404,VENEZIA,SS50BIS-VAR,3+781,45.968738,11.754263
ANAS,486,VENEZIA,SS51,1+706,45.916267,12.322058
ANAS,920075,VENEZIA,SS51,112+164,46.599715,12.113782
ANAS,487,VENEZIA,SS51,19+515,46.051607,12.314997
ANAS,489,VENEZIA,SS51,33+616,46.153235,12.319612
ANAS,490,VENEZIA,SS51,46+733,46.243285,12.29606
ANAS,491,VENEZIA,SS51,79+105,46.413168,12.312862
ANAS,492,VENEZIA,SS51,96+419,46.493933,12.17974
ANAS,1703,VENEZIA,SS516,20+481,45.288077,12.068702
ANAS,505067,VENEZIA,SS516DIR,3+714,45.323876,12.023922
ANAS,494,VENEZIA,SS51BIS,9+119,46.47323,12.432988
ANAS,499,VENEZIA,SS52,101+490,46.616898,12.475813
ANAS,920076,VENEZIA,SS52,64+208,46.454125,12.513482
ANAS,3193,VENEZIA,SS52,79+217,46.518032,12.46525
ANAS,498,VENEZIA,SS52,85+016,46.538225,12.52161
ANAS,503,VENEZIA,SS53,14+538,45.618213,11.70598
