EVSE ID,indirizzo_stazione,energia_erogata_kwh,ricavi_totali,costo_stimato,Numero_di_sessioni,within_1km_x,Plug Type,index,connector_evse_id,station_address,station_coordinates_lat,station_coordinates_lon,connector_isSuspended,latitude,longitude,restaurant,fuel,parking,atm,bank,hospital,pub,fast_food,townhall,nightclub,car_wash,conference_centre,payment_terminal,training,school,bus_station,pharmacy,supermarket,post_office,within_1km_y
IT*F2X*EF2XITA1001,A1 - Autostrada del Sole,93203.224,63378.30002634167,23300.806,2916.0,,,1578.0,IT*F2X*EF2XITA1001,A1 - Autostrada del Sole,45.321512,9.37723,0.0,45.321512,9.37723,1.0,2.0,3.0,0.0,0.0,0.0,0.0,0.0,0.0,0.0,0.0,0.0,0.0,0.0,0.0,0.0,0.0,0.0,0.0,no
IT*F2X*EF2XITA1002,A1 - Autostrada del Sole,96071.452,65328.68607731459,24017.863,3134.0,,,1586.0,IT*F2X*EF2XITA1002,A1 - Autostrada del Sole,45.32147,9.377177,0.0,45.32147,9.377177,1.0,2.0,3.0,0.0,0.0,0.0,0.0,0.0,0.0,0.0,0.0,0.0,0.0,0.0,0.0,0.0,0.0,0.0,0.0,no
,,,,,,,,3444.0,IT*F2X*EF2XITA1003,A1 - Autostrada del Sole,45.32152,9.377206,0.0,45.32152,9.377206,1.0,2.0,3.0,0.0,0.0,0.0,0.0,0.0,0.0,0.0,0.0,0.0,0.0,0.0,0.0,0.0,0.0,0.0,0.0,no
,,,,,,,,3475.0,IT*F2X*EF2XITA1004,A1 - Autostrada del Sole,45.321494,9.377169,0.0,45.321494,9.377169,1.0,2.0,3.0,0.0,0.0,0.0,0.0,0.0,0.0,0.0,0.0,0.0,0.0,0.0,0.0,0.0,0.0,0.0,0.0,no
IT*F2X*EF2XITA1051,A1 - Autostrada del Sole,4418.383,2337.7133763481556,1104.59575,376.0,,,2929.0,IT*F2X*EF2XITA1051,A1 - Autostrada del Sole,45.321575,9.377425,0.0,45.321575,9.377425,1.0,2.0,3.0,0.0,0.0,0.0,0.0,0.0,0.0,0.0,0.0,0.0,0.0,0.0,0.0,0.0,0.0,0.0,0.0,no
IT*F2X*EF2XITA1101,A1 - Autostrada del Sole,65691.772,44670.529679350446,16422.943,2137.0,,,2941.0,IT*F2X*EF2XITA1101,A1 - Autostrada del Sole,45.321025,9.375251,0.0,45.321025,9.375251,1.0,2.0,3.0,0.0,0.0,0.0,0.0,0.0,0.0,0.0,0.0,0.0,0.0,0.0,0.0,0.0,0.0,0.0,0.0,no
IT*F2X*EF2XITA1102,A1 - Autostrada del Sole,73304.408,49846.616394706885,18326.102,2376.0,,,2949.0,IT*F2X*EF2XITA1102,A1 - Autostrada del Sole,45.321051,9.375283,0.0,45.321051,9.375283,1.0,2.0,3.0,0.0,0.0,0.0,0.0,0.0,0.0,0.0,0.0,0.0,0.0,0.0,0.0,0.0,0.0,0.0,0.0,no
,,,,,,,,3971.0,IT*F2X*EF2XITA1103,A1 - Autostrada del Sole,45.321034,9.375245,0.0,45.321034,9.375245,1.0,2.0,3.0,0.0,0.0,0.0,0.0,0.0,0.0,0.0,0.0,0.0,0.0,0.0,0.0,0.0,0.0,0.0,0.0,no
,,,,,,,,3985.0,IT*F2X*EF2XITA1104,A1 - Autostrada del Sole,45.321055,9.375276,0.0,45.321055,9.375276,1.0,2.0,3.0,0.0,0.0,0.0,0.0,0.0,0.0,0.0,0.0,0.0,0.0,0.0,0.0,0.0,0.0,0.0,0.0,no
IT*F2X*EF2XITA1151,A1 - Autostrada del Sole,3133.581,1633.2635491431906,783.39525,298.0,,,2603.0,IT*F2X*EF2XITA1151,A1 - Autostrada del Sole,45.320858,9.375379,0.0,45.320858,9.375379,1.0,2.0,3.0,0.0,0.0,0.0,0.0,0.0,0.0,0.0,0.0,0.0,0.0,0.0,0.0,0.0,0.0,0.0,0.0,no
IT*F2X*EF2XITA1501,A1 - Autostrada del Sole,7326.646,4981.7984808905985,1831.6615,246.0,,,3090.0,IT*F2X*EF2XITA1501,A1 - Autostrada del Sole,45.142708,9.635074,0.0,45.142708,9.635074,3.0,4.0,43.0,0.0,1.0,0.0,0.0,0.0,1.0,0.0,0.0,0.0,0.0,0.0,1.0,0.0,1.0,0.0,1.0,no
IT*F2X*EF2XITA1502,A1 - Autostrada del Sole,13911.089,9459.56,3477.77225,477.0,,,3092.0,IT*F2X*EF2XITA1502,A1 - Autostrada del Sole,45.142631,9.63498,0.0,45.142631,9.63498,3.0,4.0,43.0,0.0,1.0,0.0,0.0,0.0,1.0,0.0,0.0,0.0,0.0,0.0,1.0,0.0,1.0,0.0,1.0,no
IT*F2X*EF2XITA1551,A1 - Autostrada del Sole,876.8870000000001,465.55,219.22175000000001,68.0,,,3094.0,IT*F2X*EF2XITA1551,A1 - Autostrada del Sole,45.142511,9.634849,0.0,45.142511,9.634849,3.0,4.0,43.0,0.0,1.0,0.0,0.0,0.0,1.0,0.0,0.0,0.0,0.0,0.0,1.0,0.0,1.0,0.0,1.0,no
IT*F2X*EF2XITA1601,A1 - Autostrada del Sole,35834.548,24367.462576545768,8958.637,1330.0,,,2503.0,IT*F2X*EF2XITA1601,A1 - Autostrada del Sole,45.142303,9.632834,0.0,45.142303,9.632834,3.0,4.0,43.0,0.0,1.0,0.0,0.0,0.0,1.0,0.0,0.0,0.0,0.0,0.0,1.0,0.0,1.0,0.0,1.0,no
IT*F2X*EF2XITA1602,A1 - Autostrada del Sole,41348.721,28116.80157347412,10337.18025,1646.0,,,2546.0,IT*F2X*EF2XITA1602,A1 - Autostrada del Sole,45.142295,9.63287,0.0,45.142295,9.63287,3.0,4.0,43.0,0.0,1.0,0.0,0.0,0.0,1.0,0.0,0.0,0.0,0.0,0.0,1.0,0.0,1.0,0.0,1.0,no
IT*F2X*EF2XITA1651,A1 - Autostrada del Sole,4835.027,2601.8204517265344,1208.75675,383.0,,,2557.0,IT*F2X*EF2XITA1651,A1 - Autostrada del Sole,45.142338,9.632621,0.0,45.142338,9.632621,3.0,4.0,43.0,0.0,1.0,0.0,0.0,0.0,1.0,0.0,0.0,0.0,0.0,0.0,1.0,0.0,1.0,0.0,1.0,no
IT*F2X*EF2XITA2001,A1 - Autostrada del Sole,133164.57,90534.98204420564,33291.1425,4002.0,,,3078.0,IT*F2X*EF2XITA2001,A1 - Autostrada del Sole,44.962843,9.906473,0.0,44.962843,9.906473,2.0,4.0,4.0,0.0,0.0,0.0,0.0,0.0,0.0,0.0,0.0,0.0,0.0,0.0,0.0,0.0,0.0,0.0,0.0,no
IT*F2X*EF2XITA2002,A1 - Autostrada del Sole,155094.068,105463.64659191658,38773.517,4644.0,,,3084.0,IT*F2X*EF2XITA2002,A1 - Autostrada del Sole,44.962798,9.906515,0.0,44.962798,9.906515,2.0,4.0,4.0,0.0,0.0,0.0,0.0,0.0,0.0,0.0,0.0,0.0,0.0,0.0,0.0,0.0,0.0,0.0,0.0,no
,,,,,,,,2489.0,IT*F2X*EF2XITA2003,A1 - Autostrada del Sole,44.962729,9.906592,0.0,44.962729,9.906592,2.0,4.0,4.0,0.0,0.0,0.0,0.0,0.0,0.0,0.0,0.0,0.0,0.0,0.0,0.0,0.0,0.0,0.0,0.0,no
IT*F2X*EF2XITA2051,A1 - Autostrada del Sole,14626.123,7897.608006536292,3656.53075,876.0,,,3069.0,IT*F2X*EF2XITA2051,A1 - Autostrada del Sole,44.962899,9.906408,0.0,44.962899,9.906408,2.0,4.0,5.0,0.0,0.0,0.0,0.0,0.0,0.0,0.0,0.0,0.0,0.0,0.0,0.0,0.0,0.0,0.0,0.0,no
IT*F2X*EF2XITA2101,A1 - Autostrada del Sole,74306.586,50528.45691358155,18576.6465,2491.0,,,4923.0,IT*F2X*EF2XITA2101,A1 - Autostrada del Sole,44.96265,9.90435,0.0,44.96265,9.90435,2.0,4.0,5.0,0.0,0.0,0.0,0.0,0.0,0.0,0.0,0.0,0.0,0.0,0.0,0.0,0.0,0.0,0.0,0.0,no
IT*F2X*EF2XITA2102,A1 - Autostrada del Sole,103127.996,70127.09585218734,25781.999,3418.0,,,4914.0,IT*F2X*EF2XITA2102,A1 - Autostrada del Sole,44.96261,9.90443,0.0,44.96261,9.90443,2.0,4.0,5.0,0.0,0.0,0.0,0.0,0.0,0.0,0.0,0.0,0.0,0.0,0.0,0.0,0.0,0.0,0.0,0.0,no
,,,,,,,,2477.0,IT*F2X*EF2XITA2103,A1 - Autostrada del Sole,44.962876,9.904446,0.0,44.962876,9.904446,2.0,4.0,4.0,0.0,0.0,0.0,0.0,0.0,0.0,0.0,0.0,0.0,0.0,0.0,0.0,0.0,0.0,0.0,0.0,no
,,,,,,,,2483.0,IT*F2X*EF2XITA2104,A1 - Autostrada del Sole,44.962845,9.904528,0.0,44.962845,9.904528,2.0,4.0,4.0,0.0,0.0,0.0,0.0,0.0,0.0,0.0,0.0,0.0,0.0,0.0,0.0,0.0,0.0,0.0,0.0,no
IT*F2X*EF2XITA2151,A1 - Autostrada del Sole,6646.201,3483.505691442224,1661.55025,551.0,,,0.0,IT*F2X*EF2XITA2151,A1 - Autostrada del Sole,44.96266,9.90426,0.0,44.96266,9.90426,2.0,4.0,5.0,0.0,0.0,0.0,0.0,0.0,0.0,0.0,0.0,0.0,0.0,0.0,0.0,0.0,0.0,0.0,0.0,no
IT*F2X*EF2XITA2501,"A1, Milano - Napoli",6615.684,4498.674602130478,1653.921,212.0,,,4731.0,IT*F2X*EF2XITA2501,"A1, Milano - Napoli",44.827249,10.37954,0.0,44.827249,10.37954,3.0,2.0,15.0,0.0,0.0,0.0,0.0,0.0,0.0,0.0,0.0,0.0,0.0,0.0,0.0,0.0,0.0,0.0,0.0,no
IT*F2X*EF2XITA2502,"A1, Milano - Napoli",3346.884,2275.7679511215506,836.721,103.0,,,4733.0,IT*F2X*EF2XITA2502,"A1, Milano - Napoli",44.827231,10.379522,0.0,44.827231,10.379522,3.0,2.0,15.0,0.0,0.0,0.0,0.0,0.0,0.0,0.0,0.0,0.0,0.0,0.0,0.0,0.0,0.0,0.0,0.0,no
IT*F2X*EF2XITA2551,"A1, Milano - Napoli",341.59000000000003,186.8501624265059,85.39750000000001,29.0,,,4753.0,IT*F2X*EF2XITA2551,"A1, Milano - Napoli",44.827226,10.379641,0.0,44.827226,10.379641,4.0,2.0,15.0,0.0,0.0,0.0,0.0,0.0,0.0,0.0,0.0,0.0,0.0,0.0,0.0,0.0,0.0,0.0,0.0,no
IT*F2X*EF2XITA2601,"A1, Milano - Napoli",3058.117,2079.470840610534,764.52925,100.0,,,4756.0,IT*F2X*EF2XITA2601,"A1, Milano - Napoli",44.826198,10.378719,0.0,44.826198,10.378719,3.0,2.0,13.0,0.0,0.0,0.0,0.0,0.0,0.0,0.0,0.0,0.0,0.0,0.0,0.0,0.0,0.0,0.0,0.0,no
IT*F2X*EF2XITA2602,"A1, Milano - Napoli",5116.444,3479.1010038777317,1279.111,174.0,,,4764.0,IT*F2X*EF2XITA2602,"A1, Milano - Napoli",44.826184,10.378795,0.0,44.826184,10.378795,3.0,2.0,14.0,0.0,0.0,0.0,0.0,0.0,0.0,0.0,0.0,0.0,0.0,0.0,0.0,0.0,0.0,0.0,0.0,no
IT*F2X*EF2XITA2651,"A1, Milano - Napoli",475.584,251.65968229286625,118.896,33.0,,,4772.0,IT*F2X*EF2XITA2651,"A1, Milano - Napoli",44.826236,10.378697,0.0,44.826236,10.378697,3.0,2.0,13.0,0.0,0.0,0.0,0.0,0.0,0.0,0.0,0.0,0.0,0.0,0.0,0.0,0.0,0.0,0.0,0.0,no
IT*F2X*EF2XITA3001,Autostrada del Sole,158038.512,107466.2509971522,39509.628,4717.0,,,1427.0,IT*F2X*EF2XITA3001,Autostrada del Sole,44.662303,10.858004,0.0,44.662303,10.858004,6.0,2.0,15.0,0.0,0.0,0.0,1.0,2.0,0.0,1.0,0.0,1.0,0.0,0.0,0.0,0.0,0.0,0.0,0.0,no
IT*F2X*EF2XITA3002,Autostrada del Sole,148252.4,100811.74117989541,37063.1,4349.0,,,1433.0,IT*F2X*EF2XITA3002,Autostrada del Sole,44.662299,10.857972,0.0,44.662299,10.857972,6.0,2.0,15.0,0.0,0.0,0.0,1.0,2.0,0.0,1.0,0.0,1.0,0.0,0.0,0.0,0.0,0.0,0.0,0.0,no
IT*F2X*EF2XITA3003,Autostrada del Sole,16268.231,11062.38,4067.05775,474.0,,,748.0,IT*F2X*EF2XITA3003,Autostrada del Sole,44.662235,10.858016,0.0,44.662235,10.858016,6.0,2.0,15.0,0.0,0.0,0.0,1.0,2.0,0.0,1.0,0.0,1.0,0.0,0.0,0.0,0.0,0.0,0.0,0.0,no
IT*F2X*EF2XITA3004,Autostrada del Sole,12896.783,8769.83,3224.19575,387.0,,,886.0,IT*F2X*EF2XITA3004,Autostrada del Sole,44.662234,10.85799,0.0,44.662234,10.85799,6.0,2.0,15.0,0.0,0.0,0.0,1.0,2.0,0.0,1.0,0.0,1.0,0.0,0.0,0.0,0.0,0.0,0.0,0.0,no
IT*F2X*EF2XITA3051,Autostrada del Sole,3977.179,1914.2446655317892,994.29475,776.0,,,1537.0,IT*F2X*EF2XITA3051,Autostrada del Sole,44.66244,10.858156,0.0,44.66244,10.858156,6.0,2.0,15.0,0.0,0.0,0.0,1.0,2.0,0.0,1.0,0.0,1.0,0.0,0.0,0.0,0.0,0.0,0.0,0.0,no
IT*F2X*EF2XITA3101,Autostrada del Sole,83108.328,56513.380397607434,20777.082,2414.0,,,4940.0,IT*F2X*EF2XITA3101,Autostrada del Sole,44.661571,10.854928,0.0,44.661571,10.854928,5.0,2.0,12.0,0.0,0.0,0.0,0.0,2.0,0.0,0.0,0.0,1.0,0.0,0.0,0.0,0.0,0.0,0.0,0.0,no
IT*F2X*EF2XITA3102,Autostrada del Sole,103911.263,70658.79147441432,25977.81575,3099.0,,,4944.0,IT*F2X*EF2XITA3102,Autostrada del Sole,44.661615,10.854808,0.0,44.661615,10.854808,5.0,2.0,12.0,0.0,0.0,0.0,0.0,2.0,0.0,0.0,0.0,1.0,0.0,0.0,0.0,0.0,0.0,0.0,0.0,no
,,,,,,,,1245.0,IT*F2X*EF2XITA3501,A1 - Autostrada del Sole,44.456656,11.280327,0.0,44.456656,11.280327,6.0,3.0,48.0,1.0,0.0,0.0,0.0,0.0,0.0,0.0,1.0,0.0,0.0,0.0,0.0,0.0,1.0,0.0,0.0,no
,,,,,,,,1251.0,IT*F2X*EF2XITA3502,A1 - Autostrada del Sole,44.4566,11.280372,0.0,44.4566,11.280372,6.0,3.0,48.0,1.0,0.0,0.0,0.0,0.0,0.0,0.0,1.0,0.0,0.0,0.0,1.0,0.0,1.0,0.0,0.0,no
,,,,,,,,3424.0,IT*F2X*EF2XITA3551,A1 - Autostrada del Sole,44.456704,11.2803,0.0,44.456704,11.2803,6.0,3.0,48.0,1.0,0.0,0.0,0.0,0.0,0.0,0.0,1.0,0.0,0.0,0.0,0.0,0.0,1.0,0.0,0.0,no
IT*F2X*EF2XITA3601,A1 - Autostrada del Sole,23702.066,16117.025694630267,5925.5165,665.0,,,4837.0,IT*F2X*EF2XITA3601,A1 - Autostrada del Sole,44.456131,11.279496,0.0,44.456131,11.279496,6.0,3.0,46.0,1.0,0.0,0.0,0.0,0.0,0.0,0.0,1.0,0.0,0.0,0.0,1.0,0.0,1.0,0.0,0.0,no
IT*F2X*EF2XITA3602,A1 - Autostrada del Sole,22069.051,15006.605634871952,5517.26275,661.0,,,4843.0,IT*F2X*EF2XITA3602,A1 - Autostrada del Sole,44.456098,11.279547,0.0,44.456098,11.279547,6.0,3.0,46.0,1.0,0.0,0.0,0.0,0.0,0.0,0.0,1.0,0.0,0.0,0.0,1.0,0.0,1.0,0.0,0.0,no
IT*F2X*EF2XITA3651,A1 - Autostrada del Sole,1493.72,776.0049534998808,373.43,121.0,,,4851.0,IT*F2X*EF2XITA3651,A1 - Autostrada del Sole,44.456182,11.2795,0.0,44.456182,11.2795,6.0,3.0,46.0,1.0,0.0,0.0,0.0,0.0,0.0,0.0,1.0,0.0,0.0,0.0,1.0,0.0,1.0,0.0,0.0,no
IT*F2X*EF2XITA3701,A1 var. - Variante di Valico,57029.702,38779.952024849525,14257.4255,1719.0,,,358.0,IT*F2X*EF2XITA3701,A1 var. - Variante di Valico,44.15106,11.19363,0.0,44.15106,11.19363,3.0,1.0,3.0,0.0,0.0,0.0,0.0,0.0,0.0,0.0,0.0,0.0,0.0,0.0,0.0,0.0,0.0,0.0,0.0,no
IT*F2X*EF2XITA3702,A1 var. - Variante di Valico,43427.111,29530.49977571345,10856.77775,1285.0,,,362.0,IT*F2X*EF2XITA3702,A1 var. - Variante di Valico,44.151067,11.193595,0.0,44.151067,11.193595,3.0,1.0,3.0,0.0,0.0,0.0,0.0,0.0,0.0,0.0,0.0,0.0,0.0,0.0,0.0,0.0,0.0,0.0,0.0,no
IT*F2X*EF2XITA3751,A1 var. - Variante di Valico,3287.785,1748.4375280840359,821.94625,243.0,,,564.0,IT*F2X*EF2XITA3751,A1 var. - Variante di Valico,44.151305,11.193514,0.0,44.151305,11.193514,3.0,1.0,3.0,0.0,0.0,0.0,0.0,0.0,0.0,0.0,0.0,0.0,0.0,0.0,0.0,0.0,0.0,0.0,0.0,no
IT*F2X*EF2XITA5501,Sesto Fiorentino,63395.81,43108.039059909315,15848.9525,2033.0,,,2919.0,IT*F2X*EF2XITA5501,Sesto Fiorentino,43.831844,11.160295,0.0,43.831844,11.160295,0.0,4.0,16.0,0.0,0.0,0.0,0.0,1.0,0.0,0.0,0.0,0.0,0.0,0.0,0.0,0.0,0.0,0.0,0.0,no
IT*F2X*EF2XITA5502,Sesto Fiorentino,73299.058,49842.833552051,18324.7645,2240.0,,,2909.0,IT*F2X*EF2XITA5502,Sesto Fiorentino,43.831821,11.16024,0.0,43.831821,11.16024,0.0,4.0,16.0,0.0,0.0,0.0,0.0,1.0,0.0,0.0,0.0,0.0,0.0,0.0,0.0,0.0,0.0,0.0,0.0,no
,,,,,,,,5169.0,IT*F2X*EF2XITA5503,Sesto Fiorentino,43.831805,11.160038,0.0,43.831805,11.160038,0.0,4.0,16.0,0.0,0.0,0.0,0.0,1.0,0.0,0.0,0.0,0.0,0.0,0.0,0.0,0.0,0.0,0.0,0.0,no
,,,,,,,,5179.0,IT*F2X*EF2XITA5504,Sesto Fiorentino,43.831807,11.159944,0.0,43.831807,11.159944,0.0,4.0,16.0,0.0,0.0,0.0,0.0,1.0,0.0,0.0,0.0,0.0,0.0,0.0,0.0,0.0,0.0,0.0,0.0,no
IT*F2X*EF2XITA5551,Sesto Fiorentino,2995.793,1647.728874644025,748.94825,195.0,,,4545.0,IT*F2X*EF2XITA5551,Sesto Fiorentino,43.831825,11.160121,0.0,43.831825,11.160121,0.0,4.0,16.0,0.0,0.0,0.0,0.0,1.0,0.0,0.0,0.0,0.0,0.0,0.0,0.0,0.0,0.0,0.0,0.0,no
IT*F2X*EF2XITA6601,A1 - Autostrada del Sole,75738.224,51501.20113257275,18934.556,2222.0,,,3403.0,IT*F2X*EF2XITA6601,A1 - Autostrada del Sole,43.65052,11.46442,0.0,43.65052,11.46442,1.0,2.0,4.0,0.0,0.0,0.0,0.0,0.0,0.0,0.0,0.0,0.0,0.0,0.0,0.0,0.0,0.0,0.0,0.0,no
IT*F2X*EF2XITA6602,A1 - Autostrada del Sole,65722.654,44691.32,16430.6635,1845.0,,,3401.0,IT*F2X*EF2XITA6602,A1 - Autostrada del Sole,43.65052,11.46448,0.0,43.65052,11.46448,1.0,2.0,4.0,0.0,0.0,0.0,0.0,0.0,0.0,0.0,0.0,0.0,0.0,0.0,0.0,0.0,0.0,0.0,0.0,no
,,,,,,,,4961.0,IT*F2X*EF2XITA6603,A1 - Autostrada del Sole,43.650588,11.464456,0.0,43.650588,11.464456,1.0,2.0,4.0,0.0,0.0,0.0,0.0,0.0,0.0,0.0,0.0,0.0,0.0,0.0,0.0,0.0,0.0,0.0,0.0,no
,,,,,,,,4963.0,IT*F2X*EF2XITA6604,A1 - Autostrada del Sole,43.650582,11.464407,0.0,43.650582,11.464407,1.0,2.0,4.0,0.0,0.0,0.0,0.0,0.0,0.0,0.0,0.0,0.0,0.0,0.0,0.0,0.0,0.0,0.0,0.0,no
IT*F2X*EF2XITA6651,A1 - Autostrada del Sole,6051.942,3224.052708532656,1512.9855,396.0,,,4954.0,IT*F2X*EF2XITA6651,A1 - Autostrada del Sole,43.65027,11.46456,0.0,43.65027,11.46456,1.0,2.0,4.0,0.0,0.0,0.0,0.0,0.0,0.0,0.0,0.0,0.0,0.0,0.0,0.0,0.0,0.0,0.0,0.0,no
IT*F2X*EF2XITA7001,A1  Autostrada del Sole,38453.826,26148.439653394515,9613.4565,1018.0,,,1627.0,IT*F2X*EF2XITA7001,A1  Autostrada del Sole,43.405595,11.763815,0.0,43.405595,11.763815,2.0,3.0,15.0,0.0,0.0,0.0,0.0,0.0,1.0,0.0,0.0,0.0,0.0,0.0,3.0,0.0,1.0,0.0,1.0,no
IT*F2X*EF2XITA7002,A1  Autostrada del Sole,75397.962,51270.131464045786,18849.4905,2131.0,,,1631.0,IT*F2X*EF2XITA7002,A1  Autostrada del Sole,43.40554,11.763788,0.0,43.40554,11.763788,2.0,3.0,15.0,0.0,0.0,0.0,0.0,0.0,1.0,0.0,0.0,0.0,0.0,0.0,3.0,0.0,1.0,0.0,1.0,no
,,,,,,,,4723.0,IT*F2X*EF2XITA7003,A1  Autostrada del Sole,43.405467,11.763752,0.0,43.405467,11.763752,2.0,3.0,15.0,0.0,0.0,0.0,0.0,0.0,1.0,0.0,0.0,0.0,0.0,0.0,3.0,0.0,1.0,0.0,1.0,no
,,,,,,,,4727.0,IT*F2X*EF2XITA7004,A1  Autostrada del Sole,43.405421,11.763815,0.0,43.405421,11.763815,2.0,3.0,15.0,0.0,0.0,0.0,0.0,0.0,1.0,0.0,0.0,0.0,0.0,0.0,3.0,0.0,1.0,0.0,1.0,no
IT*F2X*EF2XITA7051,A1  Autostrada del Sole,3524.48,1863.3873973581858,881.12,263.0,,,1635.0,IT*F2X*EF2XITA7051,A1  Autostrada del Sole,43.405595,11.763815,0.0,43.405595,11.763815,2.0,3.0,15.0,0.0,0.0,0.0,0.0,0.0,1.0,0.0,0.0,0.0,0.0,0.0,3.0,0.0,1.0,0.0,1.0,no
IT*F2X*EF2XITA7101,A1  Autostrada del Sole,49550.847,33694.47295919548,12387.71175,1442.0,,,1641.0,IT*F2X*EF2XITA7101,A1  Autostrada del Sole,43.407976,11.762806,0.0,43.407976,11.762806,2.0,3.0,15.0,0.0,0.0,0.0,0.0,0.0,1.0,0.0,0.0,0.0,0.0,0.0,3.0,0.0,1.0,0.0,1.0,no
IT*F2X*EF2XITA7102,A1  Autostrada del Sole,47209.244,32102.147788134585,11802.311,1362.0,,,1645.0,IT*F2X*EF2XITA7102,A1  Autostrada del Sole,43.407978,11.762863,0.0,43.407978,11.762863,2.0,3.0,15.0,0.0,0.0,0.0,0.0,0.0,1.0,0.0,0.0,0.0,0.0,0.0,3.0,0.0,1.0,0.0,1.0,no
,,,,,,,,2198.0,IT*F2X*EF2XITA7103,A1  Autostrada del Sole,43.407908,11.762828,0.0,43.407908,11.762828,2.0,3.0,15.0,0.0,0.0,0.0,0.0,0.0,1.0,0.0,0.0,0.0,0.0,0.0,3.0,0.0,1.0,0.0,1.0,no
,,,,,,,,4719.0,IT*F2X*EF2XITA7104,A1  Autostrada del Sole,43.407908,11.762877,0.0,43.407908,11.762877,2.0,3.0,15.0,0.0,0.0,0.0,0.0,0.0,1.0,0.0,0.0,0.0,0.0,0.0,3.0,0.0,1.0,0.0,1.0,no
IT*F2X*EF2XITA7151,A1  Autostrada del Sole,5217.8460000000005,2789.0283943702702,1304.4615000000001,420.0,,,1649.0,IT*F2X*EF2XITA7151,A1  Autostrada del Sole,43.408129,11.76261,0.0,43.408129,11.76261,2.0,3.0,15.0,0.0,0.0,0.0,0.0,0.0,1.0,0.0,0.0,0.0,0.0,0.0,3.0,0.0,1.0,0.0,1.0,no
IT*F2X*EF2XITA8501,A1 - Autostrada del Sole,65999.955,44879.510323837596,16499.98875,1918.0,,,3433.0,IT*F2X*EF2XITA8501,A1 - Autostrada del Sole,42.875911,12.019079,0.0,42.875911,12.019079,2.0,3.0,7.0,0.0,0.0,0.0,0.0,1.0,0.0,0.0,0.0,0.0,0.0,0.0,0.0,0.0,0.0,0.0,0.0,yes
IT*F2X*EF2XITA8502,A1 - Autostrada del Sole,50905.572,34615.265877688325,12726.393,1446.0,,,3435.0,IT*F2X*EF2XITA8502,A1 - Autostrada del Sole,42.875973,12.019045,0.0,42.875973,12.019045,2.0,3.0,7.0,0.0,0.0,0.0,0.0,1.0,0.0,0.0,0.0,0.0,0.0,0.0,0.0,0.0,0.0,0.0,0.0,yes
,,,,,,,,5201.0,IT*F2X*EF2XITA8503,A1 - Autostrada del Sole,42.87604,12.019031,0.0,42.87604,12.019031,2.0,3.0,7.0,0.0,0.0,0.0,0.0,1.0,0.0,0.0,0.0,0.0,0.0,0.0,0.0,0.0,0.0,0.0,0.0,yes
IT*F2X*EF2XITA8551,A1 - Autostrada del Sole,5110.516,2720.7881031795278,1277.629,382.0,,,1065.0,IT*F2X*EF2XITA8551,A1 - Autostrada del Sole,42.875865,12.019143,0.0,42.875865,12.019143,2.0,3.0,7.0,0.0,0.0,0.0,0.0,1.0,0.0,0.0,0.0,0.0,0.0,0.0,0.0,0.0,0.0,0.0,0.0,yes
IT*F2X*EF2XITA8601,A1 - Autostrada del Sole,46771.044,31804.110620667558,11692.761,1383.0,,,3440.0,IT*F2X*EF2XITA8601,A1 - Autostrada del Sole,42.87661,12.017173,0.0,42.87661,12.017173,2.0,3.0,7.0,0.0,0.0,0.0,0.0,1.0,0.0,0.0,0.0,0.0,0.0,0.0,0.0,0.0,0.0,0.0,0.0,yes
IT*F2X*EF2XITA8602,A1 - Autostrada del Sole,52111.391,35435.68192936182,13027.84775,1565.0,,,3442.0,IT*F2X*EF2XITA8602,A1 - Autostrada del Sole,42.876497,12.01713,0.0,42.876497,12.01713,2.0,3.0,7.0,0.0,0.0,0.0,0.0,1.0,0.0,0.0,0.0,0.0,0.0,0.0,0.0,0.0,0.0,0.0,0.0,yes
,,,,,,,,4957.0,IT*F2X*EF2XITA8603,A1 - Autostrada del Sole,42.876439,12.017409,0.0,42.876439,12.017409,2.0,3.0,7.0,0.0,0.0,0.0,0.0,1.0,0.0,0.0,0.0,0.0,0.0,0.0,0.0,0.0,0.0,0.0,0.0,yes
,,,,,,,,4959.0,IT*F2X*EF2XITA8604,A1 - Autostrada del Sole,42.876368,12.017454,0.0,42.876368,12.017454,2.0,3.0,7.0,0.0,0.0,0.0,0.0,1.0,0.0,0.0,0.0,0.0,0.0,0.0,0.0,0.0,0.0,0.0,0.0,yes
IT*F2X*EF2XITA8651,A1 - Autostrada del Sole,4003.282,2139.4729465505006,1000.8205,292.0,,,1575.0,IT*F2X*EF2XITA8651,A1 - Autostrada del Sole,42.876654,12.017233,0.0,42.876654,12.017233,2.0,3.0,7.0,0.0,0.0,0.0,0.0,1.0,0.0,0.0,0.0,0.0,0.0,0.0,0.0,0.0,0.0,0.0,0.0,yes
IT*F2X*EF2XITA9001,A1 - Autostrada del Sole,6483.87,4409.07,1620.9675,195.0,,,4831.0,IT*F2X*EF2XITA9001,A1 - Autostrada del Sole,42.623546,12.232471,0.0,42.623546,12.232471,0.0,2.0,0.0,0.0,0.0,0.0,0.0,0.0,0.0,0.0,0.0,0.0,0.0,0.0,0.0,0.0,0.0,0.0,0.0,no
IT*F2X*EF2XITA9002,A1 - Autostrada del Sole,8881.771,6039.59,2220.44275,267.0,,,4833.0,IT*F2X*EF2XITA9002,A1 - Autostrada del Sole,42.623481,12.232482,0.0,42.623481,12.232482,0.0,2.0,0.0,0.0,0.0,0.0,0.0,0.0,0.0,0.0,0.0,0.0,0.0,0.0,0.0,0.0,0.0,0.0,0.0,no
,,,,,,,,1543.0,IT*F2X*EF2XITA9003,A1 - Autostrada del Sole,42.623415,12.232488,0.0,42.623415,12.232488,0.0,2.0,0.0,0.0,0.0,0.0,0.0,0.0,0.0,0.0,0.0,0.0,0.0,0.0,0.0,0.0,0.0,0.0,0.0,no
IT*F2X*EF2XITA9051,A1 - Autostrada del Sole,867.351,447.96093248985073,216.83775,76.0,,,4835.0,IT*F2X*EF2XITA9051,A1 - Autostrada del Sole,42.623415,12.232488,0.0,42.623415,12.232488,0.0,2.0,0.0,0.0,0.0,0.0,0.0,0.0,0.0,0.0,0.0,0.0,0.0,0.0,0.0,0.0,0.0,0.0,0.0,no
IT*F2X*EF2XITA9601,A1 - Autostrada del Sole,46797.972,31821.918287989865,11699.493,1463.0,,,19.0,IT*F2X*EF2XITA9601,A1 - Autostrada del Sole,42.49927,12.31106,0.0,42.49927,12.31106,1.0,2.0,0.0,0.0,0.0,0.0,0.0,0.0,0.0,1.0,0.0,0.0,0.0,0.0,0.0,0.0,0.0,0.0,0.0,no
IT*F2X*EF2XITA9602,A1 - Autostrada del Sole,53451.231999999996,36346.34522724712,13362.807999999999,1937.0,,,17.0,IT*F2X*EF2XITA9602,A1 - Autostrada del Sole,42.49929,12.31107,0.0,42.49929,12.31107,1.0,2.0,0.0,0.0,0.0,0.0,0.0,0.0,0.0,1.0,0.0,0.0,0.0,0.0,0.0,0.0,0.0,0.0,0.0,no
IT*F2X*EF2XITA9651,A1 - Autostrada del Sole,1561.592,752.3752734488586,390.398,223.0,,,14.0,IT*F2X*EF2XITA9651,A1 - Autostrada del Sole,42.49917,12.31096,0.0,42.49917,12.31096,1.0,2.0,0.0,0.0,0.0,0.0,0.0,0.0,0.0,1.0,0.0,0.0,0.0,0.0,0.0,0.0,0.0,0.0,0.0,no
IT*F2X*EF2XITB0501,Autostrada del Sole,30225.379,20552.579750669112,7556.34475,960.0,,,3416.0,IT*F2X*EF2XITB0501,Autostrada del Sole,42.316275,12.493314,0.0,42.316275,12.493314,0.0,2.0,3.0,0.0,0.0,0.0,0.0,0.0,0.0,0.0,0.0,0.0,0.0,0.0,0.0,0.0,0.0,0.0,0.0,no
IT*F2X*EF2XITB0502,Autostrada del Sole,44093.263,29980.71193500272,11023.31575,1459.0,,,3420.0,IT*F2X*EF2XITB0502,Autostrada del Sole,42.316241,12.493237,0.0,42.316241,12.493237,0.0,2.0,3.0,0.0,0.0,0.0,0.0,0.0,0.0,0.0,0.0,0.0,0.0,0.0,0.0,0.0,0.0,0.0,0.0,no
IT*F2X*EF2XITB0601,Autostrada del Sole,10782.019,7331.266249654669,2695.50475,370.0,,,3999.0,IT*F2X*EF2XITB0601,Autostrada del Sole,42.316708,12.491263,0.0,42.316708,12.491263,0.0,2.0,3.0,0.0,0.0,0.0,0.0,0.0,0.0,0.0,0.0,0.0,0.0,0.0,0.0,0.0,0.0,0.0,0.0,no
IT*F2X*EF2XITB0602,Autostrada del Sole,12241.266,8323.164272409724,3060.3165,426.0,,,4003.0,IT*F2X*EF2XITB0602,Autostrada del Sole,42.316641,12.491271,0.0,42.316641,12.491271,0.0,2.0,3.0,0.0,0.0,0.0,0.0,0.0,0.0,0.0,0.0,0.0,0.0,0.0,0.0,0.0,0.0,0.0,0.0,no
IT*F2X*EF2XITB0651,Autostrada del Sole,442.26800000000003,228.42910453518476,110.56700000000001,60.0,,,4119.0,IT*F2X*EF2XITB0651,Autostrada del Sole,42.316708,12.491263,0.0,42.316708,12.491263,0.0,2.0,3.0,0.0,0.0,0.0,0.0,0.0,0.0,0.0,0.0,0.0,0.0,0.0,0.0,0.0,0.0,0.0,0.0,no
IT*F2X*EF2XITB2101,Autostrada del Sole,10515.849,7150.552843882309,2628.96225,313.0,,,1008.0,IT*F2X*EF2XITB2101,Autostrada del Sole,42.123209,12.616878,0.0,42.123209,12.616878,2.0,2.0,0.0,0.0,0.0,0.0,0.0,0.0,0.0,0.0,0.0,0.0,0.0,0.0,0.0,0.0,0.0,0.0,0.0,no
IT*F2X*EF2XITB2102,Autostrada del Sole,22172.671,15076.794678107555,5543.16775,657.0,,,1046.0,IT*F2X*EF2XITB2102,Autostrada del Sole,42.123278,12.616865,0.0,42.123278,12.616865,2.0,2.0,0.0,0.0,0.0,0.0,0.0,0.0,0.0,0.0,0.0,0.0,0.0,0.0,0.0,0.0,0.0,0.0,0.0,no
IT*F2X*EF2XITB2151,Autostrada del Sole,1021.136,531.1802284900073,255.284,106.0,,,1068.0,IT*F2X*EF2XITB2151,Autostrada del Sole,42.123164,12.616923,0.0,42.123164,12.616923,2.0,2.0,0.0,0.0,0.0,0.0,0.0,0.0,0.0,0.0,0.0,0.0,0.0,0.0,0.0,0.0,0.0,0.0,0.0,no
IT*F2X*EF2XITB2501,A1 - Autostrada del Sole,31575.148,21469.895067413585,7893.787,1043.0,,,1305.0,IT*F2X*EF2XITB2501,A1 - Autostrada del Sole,41.891249,12.75905,0.0,41.891249,12.75905,0.0,2.0,42.0,0.0,0.0,0.0,0.0,2.0,0.0,0.0,0.0,0.0,0.0,0.0,0.0,0.0,0.0,0.0,0.0,no
IT*F2X*EF2XITB2502,A1 - Autostrada del Sole,34350.648,23358.239566559347,8587.662,1127.0,,,1258.0,IT*F2X*EF2XITB2502,A1 - Autostrada del Sole,41.891269,12.759088,0.0,41.891269,12.759088,0.0,2.0,42.0,0.0,0.0,0.0,0.0,2.0,0.0,0.0,0.0,0.0,0.0,0.0,0.0,0.0,0.0,0.0,0.0,no
IT*F2X*EF2XITB2551,A1 - Autostrada del Sole,1835.574,958.126977543322,458.8935,182.0,,,1353.0,IT*F2X*EF2XITB2551,A1 - Autostrada del Sole,41.891073,12.759,0.0,41.891073,12.759,0.0,2.0,42.0,0.0,0.0,0.0,0.0,2.0,0.0,0.0,0.0,0.0,0.0,0.0,0.0,0.0,0.0,0.0,0.0,no
IT*F2X*EF2XITB2601,A1 - Autostrada del Sole,28599.609,19447.150520206604,7149.90225,866.0,,,1816.0,IT*F2X*EF2XITB2601,A1 - Autostrada del Sole,41.889533,12.758343,0.0,41.889533,12.758343,0.0,2.0,42.0,0.0,0.0,0.0,0.0,2.0,0.0,0.0,0.0,0.0,0.0,0.0,0.0,0.0,0.0,0.0,0.0,no
IT*F2X*EF2XITB2602,A1 - Autostrada del Sole,38427.763,26129.810520837964,9606.94075,1207.0,,,1862.0,IT*F2X*EF2XITB2602,A1 - Autostrada del Sole,41.889566,12.758418,0.0,41.889566,12.758418,0.0,2.0,42.0,0.0,0.0,0.0,0.0,2.0,0.0,0.0,0.0,0.0,0.0,0.0,0.0,0.0,0.0,0.0,0.0,no
IT*F2X*EF2XITB2651,A1 - Autostrada del Sole,2065.545,1103.4976530651606,516.38625,186.0,,,2637.0,IT*F2X*EF2XITB2651,A1 - Autostrada del Sole,41.889611,12.758468,0.0,41.889611,12.758468,0.0,2.0,42.0,0.0,0.0,0.0,0.0,2.0,0.0,0.0,0.0,0.0,0.0,0.0,0.0,0.0,0.0,0.0,0.0,no
IT*F2X*EF2XITB4001,Autostrada del Sole,35612.626,24216.467494281653,8903.1565,1218.0,,,1625.0,IT*F2X*EF2XITB4001,Autostrada del Sole,41.686553,13.188656,0.0,41.686553,13.188656,0.0,2.0,2.0,0.0,0.0,0.0,0.0,2.0,0.0,0.0,0.0,0.0,0.0,0.0,0.0,0.0,0.0,0.0,0.0,no
IT*F2X*EF2XITB4002,Autostrada del Sole,87516.926,59507.69638006905,21879.2315,2892.0,,,1623.0,IT*F2X*EF2XITB4002,Autostrada del Sole,41.686526,13.188619,0.0,41.686526,13.188619,0.0,2.0,2.0,0.0,0.0,0.0,0.0,2.0,0.0,0.0,0.0,0.0,0.0,0.0,0.0,0.0,0.0,0.0,0.0,no
,,,,,,,,5205.0,IT*F2X*EF2XITB4003,Autostrada del Sole,41.68651,13.18873,0.0,41.68651,13.18873,0.0,2.0,2.0,0.0,0.0,0.0,0.0,2.0,0.0,0.0,0.0,0.0,0.0,0.0,0.0,0.0,0.0,0.0,0.0,no
,,,,,,,,5207.0,IT*F2X*EF2XITB4004,Autostrada del Sole,41.686475,13.188683,0.0,41.686475,13.188683,0.0,2.0,2.0,0.0,0.0,0.0,0.0,2.0,0.0,0.0,0.0,0.0,0.0,0.0,0.0,0.0,0.0,0.0,0.0,no
IT*F2X*EF2XITB4051,Autostrada del Sole,8066.91,4315.393022596793,2016.7275,565.0,,,2150.0,IT*F2X*EF2XITB4051,Autostrada del Sole,41.686784,13.188454,0.0,41.686784,13.188454,0.0,2.0,2.0,0.0,0.0,0.0,0.0,2.0,0.0,0.0,0.0,0.0,0.0,0.0,0.0,0.0,0.0,0.0,0.0,no
IT*F2X*EF2XITB4101,Autostrada del Sole,84542.12,57487.57449865789,21135.53,2789.0,,,2501.0,IT*F2X*EF2XITB4101,Autostrada del Sole,41.686065,13.187462,0.0,41.686065,13.187462,0.0,2.0,2.0,0.0,0.0,0.0,0.0,2.0,0.0,0.0,0.0,0.0,0.0,0.0,0.0,0.0,0.0,0.0,0.0,no
IT*F2X*EF2XITB4102,Autostrada del Sole,49316.685,33534.75888315645,12329.17125,1637.0,,,2499.0,IT*F2X*EF2XITB4102,Autostrada del Sole,41.686022,13.187523,0.0,41.686022,13.187523,0.0,2.0,2.0,0.0,0.0,0.0,0.0,2.0,0.0,0.0,0.0,0.0,0.0,0.0,0.0,0.0,0.0,0.0,0.0,no
,,,,,,,,5209.0,IT*F2X*EF2XITB4103,Autostrada del Sole,41.68595,13.18764,0.0,41.68595,13.18764,0.0,2.0,2.0,0.0,0.0,0.0,0.0,2.0,0.0,0.0,0.0,0.0,0.0,0.0,0.0,0.0,0.0,0.0,0.0,no
,,,,,,,,5211.0,IT*F2X*EF2XITB4104,Autostrada del Sole,41.685892,13.187719,0.0,41.685892,13.187719,0.0,2.0,2.0,0.0,0.0,0.0,0.0,2.0,0.0,0.0,0.0,0.0,0.0,0.0,0.0,0.0,0.0,0.0,0.0,no
IT*F2X*EF2XITB4151,Autostrada del Sole,7017.128,3709.5072186437023,1754.282,635.0,,,4933.0,IT*F2X*EF2XITB4151,Autostrada del Sole,41.686065,13.187462,0.0,41.686065,13.187462,0.0,2.0,2.0,0.0,0.0,0.0,0.0,2.0,0.0,0.0,0.0,0.0,0.0,0.0,0.0,0.0,0.0,0.0,0.0,no
IT*F2X*EF2XITB4501,Autostrada del Sole,79089.763,53780.592426274685,19772.44075,2456.0,,,2326.0,IT*F2X*EF2XITB4501,Autostrada del Sole,41.497739,13.684173,0.0,41.497739,13.684173,4.0,3.0,8.0,0.0,0.0,0.0,0.0,0.0,0.0,0.0,0.0,0.0,0.0,0.0,0.0,0.0,0.0,0.0,0.0,no
IT*F2X*EF2XITB4502,Autostrada del Sole,62280.854,42350.880166770075,15570.2135,2265.0,,,2374.0,IT*F2X*EF2XITB4502,Autostrada del Sole,41.497747,13.684229,0.0,41.497747,13.684229,4.0,3.0,8.0,0.0,0.0,0.0,0.0,0.0,0.0,0.0,0.0,0.0,0.0,0.0,0.0,0.0,0.0,0.0,0.0,no
IT*F2X*EF2XITB4551,Autostrada del Sole,5717.034,3055.4365738417127,1429.2585,419.0,,,2257.0,IT*F2X*EF2XITB4551,Autostrada del Sole,41.49775,13.684146,0.0,41.49775,13.684146,4.0,3.0,8.0,0.0,0.0,0.0,0.0,0.0,0.0,0.0,0.0,0.0,0.0,0.0,0.0,0.0,0.0,0.0,0.0,no
IT*F2X*EF2XITB4601,Autostrada del Sole,48355.525,32881.23043193568,12088.88125,1729.0,,,4994.0,IT*F2X*EF2XITB4601,Autostrada del Sole,41.4969,13.683093,0.0,41.4969,13.683093,4.0,3.0,8.0,0.0,0.0,0.0,0.0,0.0,0.0,0.0,0.0,0.0,0.0,0.0,0.0,0.0,0.0,0.0,0.0,no
IT*F2X*EF2XITB4602,Autostrada del Sole,45719.413,31088.07293159446,11429.85325,1624.0,,,4604.0,IT*F2X*EF2XITB4602,Autostrada del Sole,41.496869,13.683172,0.0,41.496869,13.683172,4.0,3.0,8.0,0.0,0.0,0.0,0.0,0.0,0.0,0.0,0.0,0.0,0.0,0.0,0.0,0.0,0.0,0.0,0.0,no
,,,,,,,,3789.0,IT*F2X*EF2XITB4603,Autostrada del Sole,41.496848,13.683229,0.0,41.496848,13.683229,4.0,3.0,8.0,0.0,0.0,0.0,0.0,0.0,0.0,0.0,0.0,0.0,0.0,0.0,0.0,0.0,0.0,0.0,0.0,no
,,,,,,,,3837.0,IT*F2X*EF2XITB4604,Autostrada del Sole,41.496838,13.683253,0.0,41.496838,13.683253,4.0,3.0,8.0,0.0,0.0,0.0,0.0,0.0,0.0,0.0,0.0,0.0,0.0,0.0,0.0,0.0,0.0,0.0,0.0,no
IT*F2X*EF2XITB4651,Autostrada del Sole,3608.362,1876.9074025424502,902.0905,376.0,,,4650.0,IT*F2X*EF2XITB4651,Autostrada del Sole,41.496698,13.683156,0.0,41.496698,13.683156,4.0,3.0,8.0,0.0,0.0,0.0,0.0,0.0,0.0,0.0,0.0,0.0,0.0,0.0,0.0,0.0,0.0,0.0,0.0,no
IT*F2X*EF2XITB5101,Autostrada A1- Direzione Napoli Km 708,69777.328,47448.07246988513,17444.332,2311.0,,,2219.0,IT*F2X*EF2XITB5101,Autostrada A1- Direzione Napoli Km 708,41.23408,14.09174,0.0,41.23408,14.09174,1.0,2.0,6.0,0.0,0.0,0.0,0.0,1.0,0.0,0.0,0.0,0.0,0.0,0.0,0.0,0.0,0.0,0.0,0.0,no
IT*F2X*EF2XITB5102,Autostrada A1- Direzione Napoli Km 708,63535.634,43204.08698342816,15883.9085,2038.0,,,2233.0,IT*F2X*EF2XITB5102,Autostrada A1- Direzione Napoli Km 708,41.23402,14.09175,0.0,41.23402,14.09175,1.0,2.0,6.0,0.0,0.0,0.0,0.0,1.0,0.0,0.0,0.0,0.0,0.0,0.0,0.0,0.0,0.0,0.0,0.0,no
,,,,,,,,2505.0,IT*F2X*EF2XITB5103,Autostrada A1- Direzione Napoli Km 708,41.234115,14.091836,0.0,41.234115,14.091836,1.0,2.0,6.0,0.0,0.0,0.0,0.0,1.0,0.0,0.0,0.0,0.0,0.0,0.0,0.0,0.0,0.0,0.0,0.0,no
,,,,,,,,2519.0,IT*F2X*EF2XITB5104,Autostrada A1- Direzione Napoli Km 708,41.2341,14.091828,0.0,41.2341,14.091828,1.0,2.0,6.0,0.0,0.0,0.0,0.0,1.0,0.0,0.0,0.0,0.0,0.0,0.0,0.0,0.0,0.0,0.0,0.0,no
IT*F2X*EF2XITB5151,Autostrada A1- Direzione Napoli Km 708,4800.721,2506.9027420548105,1200.18025,406.0,,,2121.0,IT*F2X*EF2XITB5151,Autostrada A1- Direzione Napoli Km 708,41.23376,14.091779,0.0,41.23376,14.091779,1.0,2.0,6.0,0.0,0.0,0.0,0.0,1.0,0.0,0.0,0.0,0.0,0.0,0.0,0.0,0.0,0.0,0.0,0.0,no
IT*F2X*EF2XITB5501,Autostrada del Sole,55310.421,37611.16315178137,13827.60525,1701.0,,,4734.0,IT*F2X*EF2XITB5501,Autostrada del Sole,41.049091,14.323112,0.0,41.049091,14.323112,3.0,6.0,27.0,0.0,3.0,0.0,0.0,2.0,1.0,0.0,1.0,0.0,0.0,0.0,3.0,0.0,4.0,0.0,1.0,yes
IT*F2X*EF2XITB5502,Autostrada del Sole,66161.864,44970.74766976245,16540.466,2232.0,,,4780.0,IT*F2X*EF2XITB5502,Autostrada del Sole,41.049049,14.32312,0.0,41.049049,14.32312,3.0,6.0,27.0,0.0,3.0,0.0,0.0,2.0,1.0,0.0,1.0,0.0,0.0,0.0,3.0,0.0,4.0,0.0,1.0,yes
IT*F2X*EF2XITB5551,Autostrada del Sole,4324.24,2291.637138288445,1081.06,325.0,,,4802.0,IT*F2X*EF2XITB5551,Autostrada del Sole,41.048925,14.323337,0.0,41.048925,14.323337,3.0,6.0,27.0,0.0,3.0,0.0,0.0,2.0,1.0,0.0,1.0,0.0,0.0,0.0,3.0,0.0,4.0,0.0,1.0,yes
IT*F2X*EF2XITB5701,A1 - Autostrada del Sole,818.076,556.2578180137411,204.519,32.0,,,5217.0,IT*F2X*EF2XITB5701,A1 - Autostrada del Sole,40.885732,14.316923,0.0,40.885732,14.316923,0.0,5.0,4.0,0.0,0.0,0.0,0.0,0.0,0.0,0.0,0.0,0.0,0.0,0.0,0.0,0.0,0.0,0.0,0.0,no
IT*F2X*EF2XITB5702,A1 - Autostrada del Sole,2697.76,1834.4542182197274,674.44,92.0,,,5219.0,IT*F2X*EF2XITB5702,A1 - Autostrada del Sole,40.885796,14.316911,0.0,40.885796,14.316911,0.0,5.0,4.0,0.0,0.0,0.0,0.0,0.0,0.0,0.0,0.0,0.0,0.0,0.0,0.0,0.0,0.0,0.0,0.0,no
IT*F2X*EF2XITB5751,A1 - Autostrada del Sole,278.01,144.80926149719568,69.5025,31.0,,,5221.0,IT*F2X*EF2XITB5751,A1 - Autostrada del Sole,40.885845,14.316871,0.0,40.885845,14.316871,0.0,5.0,4.0,0.0,0.0,0.0,0.0,0.0,0.0,0.0,0.0,0.0,0.0,0.0,0.0,0.0,0.0,0.0,0.0,no
,,,,,,,,2543.0,IT*F2X*EF2XITCOLMI01,Cambiami,45.465491,9.175235,0.0,45.465491,9.175235,261.0,4.0,53.0,16.0,63.0,2.0,8.0,97.0,0.0,3.0,0.0,2.0,0.0,0.0,23.0,1.0,39.0,0.0,10.0,yes
,,,,,,,,2545.0,IT*F2X*EF2XITCOLMI02,Cambiami,45.465491,9.175294,0.0,45.465491,9.175294,261.0,4.0,53.0,16.0,64.0,2.0,8.0,98.0,0.0,3.0,0.0,2.0,0.0,0.0,25.0,1.0,39.0,0.0,10.0,yes
,,,,,,,,2556.0,IT*F2X*EF2XITCOLMI03,Cambiami,45.46549,9.175346,0.0,45.46549,9.175346,261.0,4.0,53.0,16.0,64.0,2.0,8.0,99.0,0.0,3.0,0.0,2.0,0.0,0.0,25.0,1.0,39.0,0.0,10.0,yes
,,,,,,,,3501.0,IT*F2X*EF2XITCOLMI04,Via Michelangelo Buonarroti,45.472812,9.155885,0.0,45.472812,9.155885,114.0,8.0,62.0,8.0,33.0,1.0,5.0,19.0,0.0,0.0,1.0,1.0,0.0,0.0,15.0,0.0,20.0,0.0,4.0,yes
,,,,,,,,3503.0,IT*F2X*EF2XITCOLMI05,Via Michelangelo Buonarroti,45.472782,9.155957,0.0,45.472782,9.155957,114.0,8.0,60.0,8.0,34.0,1.0,5.0,19.0,0.0,0.0,1.0,1.0,0.0,0.0,15.0,0.0,20.0,0.0,4.0,yes
,,,,,,,,2587.0,IT*F2X*EF2XITCOLMI06,Via Michelangelo Buonarroti,45.472776,9.15579,0.0,45.472776,9.15579,113.0,8.0,62.0,7.0,33.0,1.0,6.0,19.0,0.0,0.0,1.0,1.0,0.0,0.0,15.0,1.0,20.0,0.0,4.0,yes
IT*F2X*EF2XITD0101,Torino - Trieste,21449.039,14585.217255388507,5362.25975,778.0,,,1962.0,IT*F2X*EF2XITD0101,Torino - Trieste,45.5303,9.14942,0.0,45.5303,9.14942,14.0,3.0,59.0,2.0,7.0,1.0,2.0,1.0,0.0,0.0,3.0,0.0,0.0,0.0,7.0,0.0,2.0,0.0,2.0,no
IT*F2X*EF2XITD0102,Torino - Trieste,25079.66,17054.224246557616,6269.915,943.0,,,1960.0,IT*F2X*EF2XITD0102,Torino - Trieste,45.530277,9.14942,0.0,45.530277,9.14942,14.0,3.0,59.0,2.0,7.0,1.0,2.0,1.0,0.0,0.0,3.0,0.0,0.0,0.0,7.0,0.0,2.0,0.0,2.0,no
IT*F2X*EF2XITD0151,Torino - Trieste,2679.732,1403.3141189143025,669.933,229.0,,,1966.0,IT*F2X*EF2XITD0151,Torino - Trieste,45.530433,9.149317,0.0,45.530433,9.149317,14.0,3.0,59.0,2.0,7.0,1.0,2.0,1.0,0.0,0.0,1.0,0.0,0.0,0.0,7.0,0.0,2.0,0.0,2.0,no
IT*F2X*EF2XITD1101,A4 Torino - Trieste,10459.686,7112.435802377216,2614.9215,364.0,,,3964.0,IT*F2X*EF2XITD1101,A4 Torino - Trieste,45.54796,9.206374,0.0,45.54796,9.206374,14.0,8.0,68.0,2.0,2.0,1.0,0.0,4.0,0.0,0.0,1.0,0.0,0.0,0.0,12.0,0.0,7.0,0.0,0.0,no
IT*F2X*EF2XITD1102,A4 Torino - Trieste,10942.407,7440.71393221325,2735.60175,378.0,,,3966.0,IT*F2X*EF2XITD1102,A4 Torino - Trieste,45.54801,9.206341,0.0,45.54801,9.206341,14.0,8.0,65.0,2.0,2.0,1.0,0.0,4.0,0.0,0.0,1.0,0.0,0.0,0.0,12.0,0.0,7.0,0.0,0.0,no
IT*F2X*EF2XITD1151,A4 Torino - Trieste,1273.588,667.5073023963338,318.397,104.0,,,3968.0,IT*F2X*EF2XITD1151,A4 Torino - Trieste,45.547907,9.2064,0.0,45.547907,9.2064,14.0,8.0,68.0,2.0,2.0,1.0,0.0,4.0,0.0,0.0,1.0,0.0,0.0,0.0,12.0,0.0,7.0,0.0,0.0,no
IT*F2X*EF2XITD2001,A4 Torino - Trieste,79052.188,53755.537524160805,19763.047,2710.0,,,1257.0,IT*F2X*EF2XITD2001,A4 Torino - Trieste,45.57584,9.39376,0.0,45.57584,9.39376,3.0,2.0,16.0,0.0,0.0,0.0,0.0,0.0,0.0,0.0,0.0,0.0,0.0,0.0,0.0,0.0,0.0,0.0,0.0,no
IT*F2X*EF2XITD2002,A4 Torino - Trieste,64561.82,43902.01260460343,16140.455,2296.0,,,1352.0,IT*F2X*EF2XITD2002,A4 Torino - Trieste,45.57585,9.39382,0.0,45.57585,9.39382,3.0,2.0,16.0,0.0,0.0,0.0,0.0,0.0,0.0,0.0,0.0,0.0,0.0,0.0,0.0,0.0,0.0,0.0,0.0,no
,,,,,,,,4969.0,IT*F2X*EF2XITD2003,A4 Torino - Trieste,45.575792,9.393822,0.0,45.575792,9.393822,2.0,2.0,16.0,0.0,0.0,0.0,0.0,0.0,0.0,0.0,0.0,0.0,0.0,0.0,0.0,0.0,0.0,0.0,0.0,no
,,,,,,,,4971.0,IT*F2X*EF2XITD2004,A4 Torino - Trieste,45.575796,9.393841,0.0,45.575796,9.393841,2.0,2.0,16.0,0.0,0.0,0.0,0.0,0.0,0.0,0.0,0.0,0.0,0.0,0.0,0.0,0.0,0.0,0.0,0.0,no
IT*F2X*EF2XITD2051,A4 Torino - Trieste,5027.507,2613.9224139791477,1256.87675,438.0,,,11.0,IT*F2X*EF2XITD2051,A4 Torino - Trieste,45.57589,9.39336,0.0,45.57589,9.39336,2.0,2.0,15.0,0.0,0.0,0.0,0.0,0.0,0.0,0.0,0.0,0.0,0.0,0.0,0.0,0.0,0.0,0.0,0.0,no
IT*F2X*EF2XITD2101,A4 Torino - Trieste,72807.664,49508.82585218735,18201.916,2599.0,,,892.0,IT*F2X*EF2XITD2101,A4 Torino - Trieste,45.57406,9.3934,0.0,45.57406,9.3934,3.0,2.0,18.0,0.0,0.0,0.0,0.0,0.0,0.0,0.0,0.0,0.0,0.0,0.0,0.0,0.0,0.0,0.0,0.0,no
IT*F2X*EF2XITD2102,A4 Torino - Trieste,90503.164,61542.20723479157,22625.791,3327.0,,,894.0,IT*F2X*EF2XITD2102,A4 Torino - Trieste,45.57405,9.39331,0.0,45.57405,9.39331,3.0,2.0,18.0,0.0,0.0,0.0,0.0,0.0,0.0,0.0,0.0,0.0,0.0,0.0,0.0,0.0,0.0,0.0,0.0,no
,,,,,,,,2467.0,IT*F2X*EF2XITD2103,A4 Torino - Trieste,45.574048,9.393228,0.0,45.574048,9.393228,3.0,2.0,18.0,0.0,0.0,0.0,0.0,0.0,0.0,0.0,0.0,0.0,0.0,0.0,0.0,0.0,0.0,0.0,0.0,no
,,,,,,,,2465.0,IT*F2X*EF2XITD2104,A4 Torino - Trieste,45.574202,9.393671,0.0,45.574202,9.393671,3.0,2.0,18.0,0.0,0.0,0.0,0.0,0.0,0.0,0.0,0.0,0.0,0.0,0.0,0.0,0.0,0.0,0.0,0.0,no
IT*F2X*EF2XITD2151,A4 Torino - Trieste,3969.154,2056.613042072814,992.2885,412.0,,,2906.0,IT*F2X*EF2XITD2151,A4 Torino - Trieste,45.57403,9.39375,0.0,45.57403,9.39375,3.0,2.0,18.0,0.0,0.0,0.0,0.0,0.0,0.0,0.0,0.0,0.0,0.0,0.0,0.0,0.0,0.0,0.0,0.0,no
IT*F2X*EF2XITD3001,A4 Torino - Venezia,3242.0769999999998,2204.6,810.5192499999999,125.0,,,2607.0,IT*F2X*EF2XITD3001,A4 Torino - Venezia,45.6329,9.599531,0.0,45.6329,9.599531,1.0,3.0,18.0,0.0,0.0,0.0,0.0,1.0,1.0,1.0,0.0,0.0,0.0,0.0,0.0,0.0,0.0,0.0,0.0,no
IT*F2X*EF2XITD3002,A4 Torino - Venezia,16093.105,10943.39,4023.27625,579.0,,,2736.0,IT*F2X*EF2XITD3002,A4 Torino - Venezia,45.632842,9.599435,0.0,45.632842,9.599435,1.0,3.0,18.0,0.0,0.0,0.0,0.0,1.0,1.0,1.0,0.0,0.0,0.0,0.0,0.0,0.0,0.0,0.0,0.0,no
IT*F2X*EF2XITD3051,A4 Torino - Venezia,843.512,437.04147910733747,210.878,78.0,,,2796.0,IT*F2X*EF2XITD3051,A4 Torino - Venezia,45.632936,9.599632,0.0,45.632936,9.599632,1.0,3.0,17.0,0.0,0.0,0.0,0.0,1.0,1.0,1.0,0.0,0.0,0.0,0.0,0.0,0.0,0.0,0.0,0.0,no
IT*F2X*EF2XITD5001,A4 Torino - Trieste,95413.796,64881.26637537098,23853.449,3333.0,,,4209.0,IT*F2X*EF2XITD5001,A4 Torino - Trieste,45.532591,10.151154,0.0,45.532591,10.151154,3.0,6.0,91.0,0.0,4.0,0.0,1.0,8.0,1.0,0.0,1.0,0.0,0.0,0.0,3.0,0.0,3.0,0.0,1.0,yes
IT*F2X*EF2XITD5002,A4 Torino - Trieste,112535.654,76524.00043102409,28133.9135,3853.0,,,4265.0,IT*F2X*EF2XITD5002,A4 Torino - Trieste,45.532573,10.151184,0.0,45.532573,10.151184,3.0,6.0,91.0,0.0,4.0,0.0,1.0,8.0,1.0,0.0,1.0,0.0,0.0,0.0,3.0,0.0,3.0,0.0,1.0,yes
IT*F2X*EF2XITD5051,A4 Torino - Trieste,4988.585,2663.095469537634,1247.14625,388.0,,,4321.0,IT*F2X*EF2XITD5051,A4 Torino - Trieste,45.532702,10.151009,0.0,45.532702,10.151009,3.0,6.0,91.0,0.0,4.0,0.0,1.0,8.0,1.0,0.0,1.0,0.0,0.0,0.0,3.0,0.0,3.0,0.0,1.0,yes
IT*F2X*EF2XITD5101,A4 Torino - Trieste,79499.888,54059.82318334192,19874.972,2751.0,,,4007.0,IT*F2X*EF2XITD5101,A4 Torino - Trieste,45.532563,10.148351,0.0,45.532563,10.148351,3.0,6.0,85.0,0.0,4.0,0.0,1.0,4.0,1.0,0.0,1.0,0.0,0.0,0.0,3.0,0.0,3.0,0.0,1.0,yes
IT*F2X*EF2XITD5102,A4 Torino - Trieste,103967.734,70698.03967850975,25991.9335,3750.0,,,4063.0,IT*F2X*EF2XITD5102,A4 Torino - Trieste,45.532517,10.148412,0.0,45.532517,10.148412,3.0,6.0,87.0,0.0,4.0,0.0,1.0,4.0,1.0,0.0,1.0,0.0,0.0,0.0,3.0,0.0,3.0,0.0,1.0,yes
IT*F2X*EF2XITD5151,A4 Torino - Trieste,5086.709,2699.202992717636,1271.67725,446.0,,,4125.0,IT*F2X*EF2XITD5151,A4 Torino - Trieste,45.532713,10.148356,0.0,45.532713,10.148356,3.0,6.0,85.0,0.0,4.0,0.0,1.0,4.0,1.0,0.0,1.0,0.0,0.0,0.0,3.0,0.0,3.0,0.0,1.0,yes
IT*F2X*EF2XITG7001,A7 - Autostrada dei Giovi,19607.96,13333.397461600189,4901.99,678.0,,,2564.0,IT*F2X*EF2XITG7001,A7 - Autostrada dei Giovi,44.603742,8.953914,0.0,44.603742,8.953914,5.0,2.0,2.0,2.0,0.0,0.0,0.0,0.0,1.0,0.0,0.0,0.0,0.0,0.0,0.0,0.0,0.0,0.0,1.0,yes
IT*F2X*EF2XITG7002,A7 - Autostrada dei Giovi,22291.445,15158.226848919201,5572.86125,833.0,,,2590.0,IT*F2X*EF2XITG7002,A7 - Autostrada dei Giovi,44.603752,8.953927,0.0,44.603752,8.953927,5.0,2.0,2.0,2.0,0.0,0.0,0.0,0.0,1.0,0.0,0.0,0.0,0.0,0.0,1.0,0.0,0.0,0.0,1.0,yes
IT*F2X*EF2XITG7051,A7 - Autostrada dei Giovi,999.789,517.9720257248242,249.94725,106.0,,,574.0,IT*F2X*EF2XITG7051,A7 - Autostrada dei Giovi,44.603716,8.953862,0.0,44.603716,8.953862,5.0,2.0,2.0,2.0,0.0,0.0,0.0,0.0,1.0,0.0,0.0,0.0,0.0,0.0,0.0,0.0,0.0,0.0,1.0,yes
IT*F2X*EF2XITG7101,A7 - Autostrada dei Giovi,2134.461,1451.44,533.61525,79.0,,,3405.0,IT*F2X*EF2XITG7101,A7 - Autostrada dei Giovi,44.604724,8.952741,0.0,44.604724,8.952741,5.0,2.0,4.0,2.0,0.0,0.0,0.0,0.0,1.0,0.0,0.0,0.0,0.0,0.0,1.0,0.0,1.0,0.0,1.0,yes
IT*F2X*EF2XITG7102,A7 - Autostrada dei Giovi,6041.721,4107.968976296801,1510.43025,225.0,,,3407.0,IT*F2X*EF2XITG7102,A7 - Autostrada dei Giovi,44.604646,8.952816,0.0,44.604646,8.952816,5.0,2.0,3.0,2.0,0.0,0.0,0.0,0.0,1.0,0.0,0.0,0.0,0.0,0.0,1.0,0.0,1.0,0.0,1.0,yes
,,,,,,,,1969.0,IT*F2X*EF2XITH1001,A08 MILANO-VARESE,45.558978,9.042351,0.0,45.558978,9.042351,8.0,6.0,64.0,1.0,0.0,0.0,2.0,9.0,0.0,0.0,2.0,0.0,0.0,0.0,0.0,0.0,1.0,0.0,0.0,yes
,,,,,,,,2009.0,IT*F2X*EF2XITH1002,A08 MILANO-VARESE,45.558944,9.042353,0.0,45.558944,9.042353,8.0,6.0,64.0,1.0,0.0,0.0,2.0,9.0,0.0,0.0,2.0,0.0,0.0,0.0,0.0,0.0,1.0,0.0,0.0,yes
,,,,,,,,2049.0,IT*F2X*EF2XITH1051,A08 MILANO-VARESE,45.559054,9.042329,0.0,45.559054,9.042329,8.0,6.0,62.0,1.0,0.0,0.0,2.0,9.0,0.0,0.0,2.0,0.0,0.0,0.0,0.0,0.0,1.0,0.0,0.0,yes
,,,,,,,,199.0,IT*F2X*EF2XITH1101,A08 MILANO-VARESE,45.558758,9.039773,0.0,45.558758,9.039773,11.0,5.0,70.0,0.0,0.0,0.0,1.0,1.0,0.0,0.0,2.0,0.0,0.0,0.0,0.0,0.0,1.0,0.0,0.0,no
,,,,,,,,246.0,IT*F2X*EF2XITH1102,A08 MILANO-VARESE,45.558733,9.039827,0.0,45.558733,9.039827,11.0,5.0,70.0,0.0,0.0,0.0,1.0,1.0,0.0,0.0,2.0,0.0,0.0,0.0,0.0,0.0,1.0,0.0,0.0,no
,,,,,,,,292.0,IT*F2X*EF2XITH1151,A08 MILANO-VARESE,45.558677,9.039933,0.0,45.558677,9.039933,11.0,5.0,70.0,0.0,0.0,0.0,1.0,1.0,0.0,0.0,2.0,0.0,0.0,0.0,0.0,0.0,2.0,0.0,0.0,no
IT*F2X*EF2XITH3001,Autostrada dei laghi,70643.716,48037.87025724824,17660.929,1694.0,,,1439.0,IT*F2X*EF2XITH3001,Autostrada dei laghi,45.762379,8.810866,0.0,45.762379,8.810866,4.0,2.0,18.0,1.0,1.0,0.0,0.0,0.0,0.0,0.0,1.0,0.0,0.0,0.0,0.0,0.0,0.0,0.0,0.0,no
IT*F2X*EF2XITH3002,Autostrada dei laghi,76000.524,51680.5073956768,19000.131,2112.0,,,1473.0,IT*F2X*EF2XITH3002,Autostrada dei laghi,45.762405,8.81087,0.0,45.762405,8.81087,4.0,2.0,17.0,1.0,1.0,0.0,0.0,0.0,0.0,0.0,1.0,0.0,0.0,0.0,0.0,0.0,0.0,0.0,0.0,no
,,,,,,,,3505.0,IT*F2X*EF2XITH3003,Autostrada dei laghi,45.762401,8.810946,0.0,45.762401,8.810946,4.0,2.0,17.0,1.0,1.0,0.0,0.0,0.0,0.0,0.0,1.0,0.0,0.0,0.0,0.0,0.0,0.0,0.0,0.0,no
,,,,,,,,3099.0,IT*F2X*EF2XITH3004,Autostrada dei laghi,45.762436,8.810945,0.0,45.762436,8.810945,4.0,2.0,17.0,1.0,1.0,0.0,0.0,0.0,0.0,0.0,1.0,0.0,0.0,0.0,0.0,0.0,0.0,0.0,0.0,no
IT*F2X*EF2XITH3051,Autostrada dei laghi,3216.2219999999998,1711.613344087039,804.0554999999999,205.0,,,3134.0,IT*F2X*EF2XITH3051,Autostrada dei laghi,45.762135,8.810747,0.0,45.762135,8.810747,4.0,2.0,18.0,1.0,1.0,0.0,0.0,0.0,0.0,0.0,1.0,0.0,0.0,0.0,0.0,0.0,0.0,0.0,0.0,no
IT*F2X*EF2XITH3101,Autostrada dei laghi,32861.564,22345.864308697892,8215.391,1256.0,,,1177.0,IT*F2X*EF2XITH3101,Autostrada dei laghi,45.762983,8.809624,0.0,45.762983,8.809624,4.0,2.0,20.0,1.0,1.0,0.0,0.0,0.0,1.0,0.0,1.0,0.0,0.0,0.0,0.0,0.0,0.0,0.0,0.0,no
IT*F2X*EF2XITH3102,Autostrada dei laghi,50153.557,34104.54758868304,12538.38925,1939.0,,,1211.0,IT*F2X*EF2XITH3102,Autostrada dei laghi,45.762915,8.809618,0.0,45.762915,8.809618,4.0,2.0,20.0,1.0,1.0,0.0,0.0,0.0,1.0,0.0,1.0,0.0,0.0,0.0,0.0,0.0,0.0,0.0,0.0,no
IT*F2X*EF2XITH3151,Autostrada dei laghi,2612.158,1411.903440730274,653.0395,203.0,,,3305.0,IT*F2X*EF2XITH3151,Autostrada dei laghi,45.762921,8.809442,0.0,45.762921,8.809442,4.0,2.0,20.0,1.0,1.0,0.0,0.0,0.0,1.0,0.0,1.0,0.0,0.0,0.0,0.0,0.0,0.0,0.0,0.0,no
IT*F2X*EF2XITI1001,A9 Autostrada dei laghi,97482.794,66288.30157561046,24370.6985,3111.0,,,2151.0,IT*F2X*EF2XITI1001,A9 Autostrada dei laghi,45.728993,9.028775,0.0,45.728993,9.028775,5.0,2.0,40.0,0.0,1.0,0.0,0.0,0.0,1.0,0.0,0.0,0.0,0.0,0.0,1.0,0.0,1.0,0.0,1.0,no
IT*F2X*EF2XITI1002,A9 Autostrada dei laghi,72300.458,49164.37157561046,18075.1145,2373.0,,,2155.0,IT*F2X*EF2XITI1002,A9 Autostrada dei laghi,45.729017,9.028915,0.0,45.729017,9.028915,5.0,2.0,41.0,0.0,1.0,0.0,0.0,0.0,1.0,0.0,0.0,0.0,0.0,0.0,1.0,0.0,1.0,0.0,1.0,no
IT*F2X*EF2XITI1101,A9 Autostrada dei laghi,66508.075,45225.4292927775,16627.01875,2243.0,,,2537.0,IT*F2X*EF2XITI1101,A9 Autostrada dei laghi,45.729872,9.028027,0.0,45.729872,9.028027,5.0,2.0,36.0,0.0,1.0,0.0,0.0,0.0,1.0,0.0,0.0,0.0,0.0,0.0,1.0,0.0,1.0,0.0,1.0,no
IT*F2X*EF2XITI1102,A9 Autostrada dei laghi,63695.293,43312.550610999606,15923.82325,2314.0,,,2533.0,IT*F2X*EF2XITI1102,A9 Autostrada dei laghi,45.729876,9.028002,0.0,45.729876,9.028002,5.0,2.0,36.0,0.0,1.0,0.0,0.0,0.0,1.0,0.0,0.0,0.0,0.0,0.0,1.0,0.0,1.0,0.0,1.0,no
,,,,,,,,2473.0,IT*F2X*EF2XITI1103,A9 Autostrada dei laghi,45.729814,9.027998,0.0,45.729814,9.027998,5.0,2.0,36.0,0.0,1.0,0.0,0.0,0.0,1.0,0.0,0.0,0.0,0.0,0.0,1.0,0.0,1.0,0.0,1.0,no
,,,,,,,,2469.0,IT*F2X*EF2XITI1104,A9 Autostrada dei laghi,45.729809,9.028021,0.0,45.729809,9.028021,5.0,2.0,36.0,0.0,1.0,0.0,0.0,0.0,1.0,0.0,0.0,0.0,0.0,0.0,1.0,0.0,1.0,0.0,1.0,no
IT*F2X*EF2XITI1151,A9 Autostrada dei laghi,4570.731,2459.260771744728,1142.68275,377.0,,,3979.0,IT*F2X*EF2XITI1151,A9 Autostrada dei laghi,45.729891,9.028302,0.0,45.729891,9.028302,5.0,2.0,37.0,0.0,1.0,0.0,0.0,0.0,1.0,0.0,0.0,0.0,0.0,0.0,1.0,0.0,1.0,0.0,1.0,no
IT*F2X*EF2XITJ3001,Autostrada dei fiori,46172.892,31397.697589523734,11543.223,1373.0,,,2449.0,IT*F2X*EF2XITJ3001,Autostrada dei fiori,44.287675,8.441118,0.0,44.287675,8.441118,12.0,7.0,53.0,1.0,0.0,0.0,0.0,1.0,0.0,0.0,1.0,0.0,0.0,0.0,1.0,0.0,1.0,0.0,1.0,no
IT*F2X*EF2XITJ3002,Autostrada dei fiori,36220.955,24630.289710630757,9055.23875,1134.0,,,2457.0,IT*F2X*EF2XITJ3002,Autostrada dei fiori,44.287676,8.441151,0.0,44.287676,8.441151,12.0,7.0,52.0,1.0,0.0,0.0,0.0,1.0,0.0,0.0,1.0,0.0,0.0,0.0,1.0,0.0,1.0,0.0,1.0,no
IT*F2X*EF2XITJ3051,Autostrada dei fiori,3470.0,1850.022411842811,867.5,218.0,,,5248.0,IT*F2X*EF2XITJ3051,Autostrada dei fiori,44.28765,8.440903,0.0,44.28765,8.440903,12.0,7.0,53.0,1.0,0.0,0.0,0.0,1.0,0.0,0.0,1.0,0.0,0.0,0.0,1.0,0.0,1.0,0.0,1.0,no
IT*F2X*EF2XITK1101,Autostrada Firenze-Mare,53137.708,36133.13798320795,13284.427,1769.0,,,2886.0,IT*F2X*EF2XITK1101,Autostrada Firenze-Mare,43.818725,11.172365,0.0,43.818725,11.172365,1.0,2.0,19.0,0.0,1.0,0.0,0.0,0.0,0.0,0.0,0.0,0.0,0.0,0.0,0.0,0.0,0.0,0.0,1.0,no
IT*F2X*EF2XITK1102,Autostrada Firenze-Mare,25551.269,17374.970353891476,6387.81725,778.0,,,2896.0,IT*F2X*EF2XITK1102,Autostrada Firenze-Mare,43.818687,11.172426,0.0,43.818687,11.172426,1.0,2.0,19.0,0.0,1.0,0.0,0.0,0.0,0.0,0.0,0.0,0.0,0.0,0.0,0.0,0.0,0.0,0.0,1.0,no
IT*F2X*EF2XITK1151,Autostrada Firenze-Mare,1487.552,782.450515477292,371.888,126.0,,,4405.0,IT*F2X*EF2XITK1151,Autostrada Firenze-Mare,43.818793,11.172242,0.0,43.818793,11.172242,1.0,2.0,19.0,0.0,1.0,0.0,0.0,0.0,0.0,0.0,0.0,0.0,0.0,0.0,0.0,0.0,0.0,0.0,1.0,no
IT*F2X*EF2XITL2001,A12 civitavecchia - Roma,18794.601,12780.009513526566,4698.65025,700.0,,,3488.0,IT*F2X*EF2XITL2001,A12 civitavecchia - Roma,42.03131,11.96291,0.0,42.03131,11.96291,2.0,2.0,4.0,2.0,1.0,0.0,0.0,0.0,0.0,0.0,0.0,0.0,0.0,0.0,0.0,0.0,1.0,0.0,1.0,no
IT*F2X*EF2XITL2002,A12 civitavecchia - Roma,16193.376,11011.233608446551,4048.344,593.0,,,3490.0,IT*F2X*EF2XITL2002,A12 civitavecchia - Roma,42.03134,11.96282,0.0,42.03134,11.96282,2.0,2.0,4.0,2.0,1.0,0.0,0.0,0.0,0.0,0.0,0.0,0.0,0.0,0.0,0.0,0.0,1.0,0.0,1.0,no
IT*F2X*EF2XITL2051,A12 civitavecchia - Roma,5173.044,2798.1131429195066,1293.261,387.0,,,4532.0,IT*F2X*EF2XITL2051,A12 civitavecchia - Roma,42.031206,11.963229,0.0,42.031206,11.963229,2.0,2.0,4.0,2.0,1.0,0.0,0.0,0.0,0.0,0.0,0.0,0.0,0.0,0.0,0.0,0.0,1.0,0.0,1.0,no
IT*F2X*EF2XITL2101,A12 civitavecchia - Roma,22879.990999999998,15558.076464133152,5719.9977499999995,836.0,,,3486.0,IT*F2X*EF2XITL2101,A12 civitavecchia - Roma,42.029539,11.962239,0.0,42.029539,11.962239,2.0,2.0,4.0,2.0,1.0,0.0,0.0,1.0,0.0,0.0,0.0,0.0,0.0,0.0,0.0,0.0,1.0,0.0,1.0,no
IT*F2X*EF2XITL2102,A12 civitavecchia - Roma,26449.115999999998,17985.33250810031,6612.2789999999995,980.0,,,3492.0,IT*F2X*EF2XITL2102,A12 civitavecchia - Roma,42.029548,11.962146,0.0,42.029548,11.962146,2.0,2.0,4.0,2.0,1.0,0.0,0.0,1.0,0.0,0.0,0.0,0.0,0.0,0.0,0.0,0.0,1.0,0.0,1.0,no
IT*F2X*EF2XITL2151,A12 civitavecchia - Roma,1272.051,669.1487245476616,318.01275,128.0,,,4948.0,IT*F2X*EF2XITL2151,A12 civitavecchia - Roma,42.029539,11.962239,0.0,42.029539,11.962239,2.0,2.0,4.0,2.0,1.0,0.0,0.0,1.0,0.0,0.0,0.0,0.0,0.0,0.0,0.0,0.0,1.0,0.0,1.0,no
IT*F2X*EF2XITL9001,A12 Autostrada Azzurra,33898.169,23050.460911998416,8474.54225,1095.0,,,3904.0,IT*F2X*EF2XITL9001,A12 Autostrada Azzurra,44.393379,9.046716,0.0,44.393379,9.046716,4.0,2.0,6.0,1.0,1.0,0.0,0.0,0.0,0.0,0.0,0.0,0.0,0.0,0.0,2.0,0.0,0.0,0.0,1.0,no
IT*F2X*EF2XITL9002,A12 Autostrada Azzurra,52441.482,35660.24385900387,13110.3705,1727.0,,,3908.0,IT*F2X*EF2XITL9002,A12 Autostrada Azzurra,44.393371,9.046653,0.0,44.393371,9.046653,4.0,2.0,6.0,1.0,1.0,0.0,0.0,0.0,0.0,0.0,0.0,0.0,0.0,0.0,2.0,0.0,0.0,0.0,1.0,no
IT*F2X*EF2XITL9051,A12 Autostrada Azzurra,2635.282,1403.6952558998437,658.8205,204.0,,,5267.0,IT*F2X*EF2XITL9051,A12 Autostrada Azzurra,44.393366,9.046565,0.0,44.393366,9.046565,4.0,2.0,6.0,1.0,1.0,0.0,0.0,0.0,0.0,0.0,0.0,0.0,0.0,0.0,2.0,0.0,0.0,0.0,1.0,no
IT*F2X*EF2XITL9101,A12 Autostrada Azzurra,42957.366,29210.68622359323,10739.3415,1588.0,,,3448.0,IT*F2X*EF2XITL9101,A12 Autostrada Azzurra,44.392307,9.045145,0.0,44.392307,9.045145,13.0,4.0,6.0,1.0,5.0,0.0,0.0,2.0,0.0,0.0,0.0,0.0,0.0,0.0,2.0,0.0,1.0,0.0,1.0,no
IT*F2X*EF2XITL9102,A12 Autostrada Azzurra,23417.569,15923.84263672443,5854.39225,825.0,,,2146.0,IT*F2X*EF2XITL9102,A12 Autostrada Azzurra,44.392354,9.045146,0.0,44.392354,9.045146,13.0,4.0,6.0,1.0,5.0,0.0,0.0,2.0,0.0,0.0,0.0,0.0,0.0,0.0,2.0,0.0,1.0,0.0,1.0,no
IT*F2X*EF2XITL9151,A12 Autostrada Azzurra,2905.147,1555.7811027628109,726.28675,223.0,,,5261.0,IT*F2X*EF2XITL9151,A12 Autostrada Azzurra,44.392512,9.044875,0.0,44.392512,9.044875,13.0,4.0,7.0,1.0,5.0,0.0,1.0,2.0,0.0,0.0,0.0,0.0,0.0,0.0,2.0,0.0,1.0,0.0,1.0,no
IT*F2X*EF2XITLINC01,Aeroporto Linate Commerciale,87840.472,59731.34344059016,21960.118,3073.0,,,5079.0,IT*F2X*EF2XITLINC01,Aeroporto Linate Commerciale,45.461856,9.276363,0.0,45.461856,9.276363,5.0,1.0,46.0,0.0,0.0,0.0,0.0,2.0,0.0,1.0,0.0,0.0,0.0,0.0,1.0,0.0,1.0,0.0,1.0,yes
IT*F2X*EF2XITLINC02,Aeroporto Linate Commerciale,85403.612,58074.409131892266,21350.903,2907.0,,,5109.0,IT*F2X*EF2XITLINC02,Aeroporto Linate Commerciale,45.461861,9.276267,0.0,45.461861,9.276267,5.0,1.0,46.0,0.0,0.0,0.0,0.0,2.0,0.0,1.0,0.0,0.0,0.0,0.0,1.0,0.0,1.0,0.0,1.0,yes
IT*F2X*EF2XITLINC03,Aeroporto Linate Commerciale,86244.776,58646.18340846916,21561.194,2879.0,,,1507.0,IT*F2X*EF2XITLINC03,Aeroporto Linate Commerciale,45.461865,9.276166,0.0,45.461865,9.276166,5.0,1.0,46.0,0.0,0.0,0.0,0.0,2.0,0.0,1.0,0.0,0.0,0.0,0.0,1.0,0.0,1.0,0.0,1.0,yes
IT*F2X*EF2XITLINC04,Aeroporto Linate Commerciale,77296.21,52561.242751302416,19324.0525,2699.0,,,5139.0,IT*F2X*EF2XITLINC04,Aeroporto Linate Commerciale,45.461869,9.27606,0.0,45.461869,9.27606,5.0,1.0,46.0,0.0,0.0,0.0,0.0,2.0,0.0,1.0,0.0,0.0,0.0,0.0,1.0,0.0,1.0,0.0,1.0,yes
IT*F2X*EF2XITLINC05,Aeroporto Linate Commerciale,72492.239,49294.64619147223,18123.05975,2533.0,,,1545.0,IT*F2X*EF2XITLINC05,Aeroporto Linate Commerciale,45.46187,9.275956,0.0,45.46187,9.275956,5.0,1.0,46.0,0.0,0.0,0.0,0.0,2.0,0.0,1.0,0.0,0.0,0.0,0.0,1.0,0.0,1.0,0.0,1.0,yes
IT*F2X*EF2XITLINC51,Aeroporto Linate - Arrivi,14179.432999999999,7242.6960451935865,3544.8582499999998,1123.0,,,3356.0,IT*F2X*EF2XITLINC51,Aeroporto Linate - Arrivi,45.46215,9.27871,0.0,45.46215,9.27871,5.0,1.0,45.0,0.0,0.0,0.0,0.0,2.0,0.0,1.0,0.0,0.0,0.0,0.0,1.0,0.0,1.0,0.0,1.0,yes
IT*F2X*EF2XITLINP01,Viale dell'Aviazione,5791.455,3938.26,1447.86375,196.0,,,2200.0,IT*F2X*EF2XITLINP01,Viale dell'Aviazione,45.45354,9.26075,0.0,45.45354,9.26075,7.0,5.0,28.0,0.0,3.0,0.0,0.0,0.0,1.0,2.0,2.0,0.0,0.0,0.0,4.0,0.0,2.0,0.0,2.0,yes
IT*F2X*EF2XITLINP51,Viale dell'Aviazione,2525.724,1136.5976849059316,631.431,166.0,,,2202.0,IT*F2X*EF2XITLINP51,Viale dell'Aviazione,45.45359,9.2607,0.0,45.45359,9.2607,7.0,5.0,28.0,0.0,3.0,0.0,0.0,0.0,1.0,2.0,2.0,0.0,0.0,0.0,4.0,0.0,2.0,0.0,2.0,yes
IT*F2X*EF2XITM1001,A13 Bologna - Padova,26274.047,17866.380257248242,6568.51175,886.0,,,1690.0,IT*F2X*EF2XITM1001,A13 Bologna - Padova,44.621103,11.419783,0.0,44.621103,11.419783,0.0,3.0,30.0,0.0,0.0,0.0,0.0,0.0,0.0,0.0,0.0,0.0,0.0,0.0,0.0,0.0,0.0,0.0,0.0,no
IT*F2X*EF2XITM1002,A13 Bologna - Padova,29497.025,20057.84430869789,7374.25625,1043.0,,,1655.0,IT*F2X*EF2XITM1002,A13 Bologna - Padova,44.621103,11.419783,0.0,44.621103,11.419783,0.0,3.0,30.0,0.0,0.0,0.0,0.0,0.0,0.0,0.0,0.0,0.0,0.0,0.0,0.0,0.0,0.0,0.0,0.0,no
IT*F2X*EF2XITM1051,A13 Bologna - Padova,1916.294,997.3633762080404,479.0735,164.0,,,2566.0,IT*F2X*EF2XITM1051,A13 Bologna - Padova,44.621041,11.419495,0.0,44.621041,11.419495,0.0,3.0,30.0,0.0,0.0,0.0,0.0,0.0,0.0,0.0,0.0,0.0,0.0,0.0,0.0,0.0,0.0,0.0,0.0,no
IT*F2X*EF2XITM1101,A13 Bologna - Padova,29258.316,19895.446098051645,7314.579,1035.0,,,4590.0,IT*F2X*EF2XITM1101,A13 Bologna - Padova,44.622627,11.419865,0.0,44.622627,11.419865,0.0,3.0,30.0,0.0,0.0,0.0,0.0,0.0,0.0,0.0,0.0,0.0,0.0,0.0,0.0,0.0,0.0,0.0,0.0,no
IT*F2X*EF2XITM1102,A13 Bologna - Padova,26926.612,18310.012250852065,6731.653,883.0,,,4576.0,IT*F2X*EF2XITM1102,A13 Bologna - Padova,44.622627,11.419865,0.0,44.622627,11.419865,0.0,3.0,30.0,0.0,0.0,0.0,0.0,0.0,0.0,0.0,0.0,0.0,0.0,0.0,0.0,0.0,0.0,0.0,0.0,no
IT*F2X*EF2XITM1151,A13 Bologna - Padova,1398.719,742.0092290959636,349.67975,125.0,,,4973.0,IT*F2X*EF2XITM1151,A13 Bologna - Padova,44.622771,11.420098,0.0,44.622771,11.420098,0.0,3.0,30.0,0.0,0.0,0.0,0.0,0.0,0.0,0.0,0.0,0.0,0.0,0.0,0.0,0.0,0.0,0.0,0.0,no
IT*F2X*EF2XITM2001,A13 Bologna - Padova,50471.816,34320.550829086475,12617.954,1771.0,,,2588.0,IT*F2X*EF2XITM2001,A13 Bologna - Padova,44.879309,11.570733,0.0,44.879309,11.570733,0.0,2.0,27.0,0.0,0.0,0.0,0.0,2.0,0.0,0.0,0.0,0.0,0.0,0.0,0.0,0.0,0.0,0.0,0.0,no
IT*F2X*EF2XITM2002,A13 Bologna - Padova,46800.746,31824.28935852617,11700.1865,1605.0,,,2541.0,IT*F2X*EF2XITM2002,A13 Bologna - Padova,44.879309,11.570733,0.0,44.879309,11.570733,0.0,2.0,27.0,0.0,0.0,0.0,0.0,2.0,0.0,0.0,0.0,0.0,0.0,0.0,0.0,0.0,0.0,0.0,0.0,no
,,,,,,,,1595.0,IT*F2X*EF2XITM2003,A13 Bologna - Padova,44.879328,11.570735,0.0,44.879328,11.570735,0.0,2.0,27.0,0.0,0.0,0.0,0.0,2.0,0.0,0.0,0.0,0.0,0.0,0.0,0.0,0.0,0.0,0.0,0.0,no
,,,,,,,,1597.0,IT*F2X*EF2XITM2004,A13 Bologna - Padova,44.879328,11.570781,0.0,44.879328,11.570781,0.0,2.0,27.0,0.0,0.0,0.0,0.0,2.0,0.0,0.0,0.0,0.0,0.0,0.0,0.0,0.0,0.0,0.0,0.0,no
IT*F2X*EF2XITM2051,A13 Bologna - Padova,4081.389,2158.5688432235997,1020.34725,323.0,,,1304.0,IT*F2X*EF2XITM2051,A13 Bologna - Padova,44.879292,11.570791,0.0,44.879292,11.570791,0.0,2.0,27.0,0.0,0.0,0.0,0.0,2.0,0.0,0.0,0.0,0.0,0.0,0.0,0.0,0.0,0.0,0.0,0.0,no
IT*F2X*EF2XITM2101,A13 Bologna - Padova,40203.1,27337.81201279961,10050.775,1350.0,,,2599.0,IT*F2X*EF2XITM2101,A13 Bologna - Padova,44.880125,11.569063,0.0,44.880125,11.569063,0.0,2.0,26.0,0.0,0.0,0.0,0.0,2.0,0.0,0.0,0.0,0.0,0.0,0.0,0.0,0.0,0.0,0.0,0.0,no
IT*F2X*EF2XITM2102,A13 Bologna - Padova,25260.849,17177.488649797015,6315.21225,813.0,,,2601.0,IT*F2X*EF2XITM2102,A13 Bologna - Padova,44.88008,11.569063,0.0,44.88008,11.569063,0.0,2.0,26.0,0.0,0.0,0.0,0.0,2.0,0.0,0.0,0.0,0.0,0.0,0.0,0.0,0.0,0.0,0.0,0.0,no
,,,,,,,,2495.0,IT*F2X*EF2XITM2103,A13 Bologna - Padova,44.88008,11.569063,0.0,44.88008,11.569063,0.0,2.0,26.0,0.0,0.0,0.0,0.0,2.0,0.0,0.0,0.0,0.0,0.0,0.0,0.0,0.0,0.0,0.0,0.0,no
,,,,,,,,2497.0,IT*F2X*EF2XITM2104,A13 Bologna - Padova,44.880125,11.569063,0.0,44.880125,11.569063,0.0,2.0,26.0,0.0,0.0,0.0,0.0,2.0,0.0,0.0,0.0,0.0,0.0,0.0,0.0,0.0,0.0,0.0,0.0,no
IT*F2X*EF2XITM2151,A13 Bologna - Padova,2442.79,1287.9379455169403,610.6975,215.0,,,4930.0,IT*F2X*EF2XITM2151,A13 Bologna - Padova,44.880209,11.568843,0.0,44.880209,11.568843,0.0,2.0,26.0,0.0,0.0,0.0,0.0,2.0,0.0,0.0,0.0,0.0,0.0,0.0,0.0,0.0,0.0,0.0,0.0,no
IT*F2X*EF2XITM3001,"A13, Bologna - Padova",6935.964,4716.46,1733.991,234.0,,,4903.0,IT*F2X*EF2XITM3001,"A13, Bologna - Padova",45.041112,11.710366,0.0,45.041112,11.710366,0.0,2.0,9.0,0.0,0.0,0.0,0.0,0.0,0.0,0.0,0.0,0.0,0.0,0.0,0.0,0.0,0.0,0.0,0.0,no
IT*F2X*EF2XITM3002,"A13, Bologna - Padova",4921.039,3346.36,1230.25975,177.0,,,4905.0,IT*F2X*EF2XITM3002,"A13, Bologna - Padova",45.041157,11.7104,0.0,45.041157,11.7104,0.0,2.0,9.0,0.0,0.0,0.0,0.0,0.0,0.0,0.0,0.0,0.0,0.0,0.0,0.0,0.0,0.0,0.0,0.0,no
IT*F2X*EF2XITM3051,"A13, Bologna - Padova",204.084,109.17999999999999,51.021,20.0,,,4907.0,IT*F2X*EF2XITM3051,"A13, Bologna - Padova",45.041064,11.710312,0.0,45.041064,11.710312,0.0,2.0,9.0,0.0,0.0,0.0,0.0,0.0,0.0,0.0,0.0,0.0,0.0,0.0,0.0,0.0,0.0,0.0,0.0,no
IT*F2X*EF2XITM3101,"A13, Bologna - Padova",33802.797,22985.8468810402,8450.69925,1110.0,,,2420.0,IT*F2X*EF2XITM3101,"A13, Bologna - Padova",45.042081,11.709672,0.0,45.042081,11.709672,0.0,2.0,9.0,0.0,0.0,0.0,0.0,0.0,0.0,0.0,0.0,0.0,0.0,0.0,1.0,0.0,0.0,0.0,0.0,no
IT*F2X*EF2XITM3102,"A13, Bologna - Padova",15828.445,10763.34,3957.11125,517.0,,,2422.0,IT*F2X*EF2XITM3102,"A13, Bologna - Padova",45.042081,11.709672,0.0,45.042081,11.709672,0.0,2.0,9.0,0.0,0.0,0.0,0.0,0.0,0.0,0.0,0.0,0.0,0.0,0.0,1.0,0.0,0.0,0.0,0.0,no
IT*F2X*EF2XITM3151,"A13, Bologna - Padova",2131.252,1144.425087588497,532.813,157.0,,,3483.0,IT*F2X*EF2XITM3151,"A13, Bologna - Padova",45.04199,11.709883,0.0,45.04199,11.709883,0.0,2.0,9.0,0.0,0.0,0.0,0.0,0.0,0.0,0.0,0.0,0.0,0.0,0.0,1.0,0.0,0.0,0.0,0.0,no
IT*F2X*EF2XITMPXP01,Aeroporto Milano Malpensa PRIME,1855.853,1262.0,463.96325,79.0,,,,,,,,,,,,,,,,,,,,,,,,,,,,,,
IT*F2X*EF2XITMPXP51,Aeroporto Milano Malpensa PRIME,73.574,33.1,18.3935,10.0,,,,,,,,,,,,,,,,,,,,,,,,,,,,,,
IT*F2X*EF2XITMXPC01,Malpensa Aeroporto,43763.439,29758.984420753804,10940.85975,1426.0,,,3546.0,IT*F2X*EF2XITMXPC01,Malpensa Aeroporto,45.624652,8.711917,0.0,45.624652,8.711917,1.0,0.0,25.0,1.0,0.0,0.0,0.0,4.0,0.0,0.0,0.0,0.0,0.0,0.0,0.0,0.0,1.0,0.0,0.0,no
IT*F2X*EF2XITMXPC02,Malpensa Aeroporto,52779.023,35889.75987684038,13194.75575,1772.0,,,3600.0,IT*F2X*EF2XITMXPC02,Malpensa Aeroporto,45.62473,8.711995,0.0,45.62473,8.711995,1.0,0.0,25.0,1.0,0.0,0.0,0.0,4.0,0.0,0.0,0.0,0.0,0.0,0.0,0.0,0.0,1.0,0.0,0.0,no
IT*F2X*EF2XITMXPC03,Malpensa Aeroporto,48300.778,32844.507527243346,12075.1945,1622.0,,,3654.0,IT*F2X*EF2XITMXPC03,Malpensa Aeroporto,45.624778,8.712048,0.0,45.624778,8.712048,1.0,0.0,25.0,1.0,0.0,0.0,0.0,4.0,0.0,0.0,0.0,0.0,0.0,0.0,0.0,0.0,1.0,0.0,0.0,no
IT*F2X*EF2XITMXPC51,Malpensa Aeroporto,4187.617,2141.691899622778,1046.90425,351.0,,,3708.0,IT*F2X*EF2XITMXPC51,Malpensa Aeroporto,45.624853,8.712122,0.0,45.624853,8.712122,1.0,0.0,24.0,1.0,0.0,0.0,0.0,4.0,0.0,0.0,0.0,0.0,0.0,0.0,0.0,0.0,1.0,0.0,0.0,no
IT*F2X*EF2XITMXPP01,Aeroporto Milano Malpensa PRIME,5903.213,4014.2599999999998,1475.80325,226.0,,,5213.0,IT*F2X*EF2XITMXPP01,Aeroporto Milano Malpensa PRIME,45.636207,8.712917,0.0,45.636207,8.712917,3.0,1.0,30.0,0.0,0.0,0.0,0.0,2.0,0.0,0.0,0.0,0.0,0.0,0.0,0.0,0.0,1.0,0.0,0.0,no
IT*F2X*EF2XITMXPP51,Aeroporto Milano Malpensa PRIME,215.227,96.85067524160809,53.80675,20.0,,,5203.0,IT*F2X*EF2XITMXPP51,Aeroporto Milano Malpensa PRIME,45.636198,8.712838,0.0,45.636198,8.712838,3.0,1.0,30.0,0.0,0.0,0.0,0.0,2.0,0.0,0.0,0.0,0.0,0.0,0.0,0.0,0.0,1.0,0.0,0.0,no
IT*F2X*EF2XITN0501,A14 - Autostrada Adriatica,72520.156,49313.613215462916,18130.039,2129.0,,,4572.0,IT*F2X*EF2XITN0501,A14 - Autostrada Adriatica,44.51957,11.21374,0.0,44.51957,11.21374,2.0,2.0,17.0,1.0,0.0,0.0,0.0,2.0,0.0,0.0,0.0,0.0,0.0,0.0,0.0,0.0,0.0,0.0,0.0,no
IT*F2X*EF2XITN0502,A14 - Autostrada Adriatica,48853.724,33220.442018404225,12213.431,1443.0,,,4568.0,IT*F2X*EF2XITN0502,A14 - Autostrada Adriatica,44.51956,11.21367,0.0,44.51956,11.21367,2.0,2.0,17.0,1.0,0.0,0.0,0.0,2.0,0.0,0.0,0.0,0.0,0.0,0.0,0.0,0.0,0.0,0.0,0.0,no
,,,,,,,,1964.0,IT*F2X*EF2XITN0503,A14 - Autostrada Adriatica,44.519363,11.214104,0.0,44.519363,11.214104,2.0,2.0,17.0,1.0,0.0,0.0,0.0,2.0,0.0,0.0,0.0,0.0,0.0,0.0,0.0,0.0,0.0,0.0,0.0,no
,,,,,,,,2109.0,IT*F2X*EF2XITN0504,A14 - Autostrada Adriatica,44.519366,11.214183,0.0,44.519366,11.214183,2.0,2.0,17.0,1.0,0.0,0.0,0.0,2.0,0.0,0.0,0.0,0.0,0.0,0.0,0.0,0.0,0.0,0.0,0.0,no
IT*F2X*EF2XITN0551,A14 - Autostrada Adriatica,4398.073,2342.71649895095,1099.51825,303.0,,,2431.0,IT*F2X*EF2XITN0551,A14 - Autostrada Adriatica,44.51962,11.21388,0.0,44.51962,11.21388,2.0,2.0,17.0,1.0,0.0,0.0,0.0,2.0,0.0,0.0,0.0,0.0,0.0,0.0,0.0,0.0,0.0,0.0,0.0,no
IT*F2X*EF2XITN0601,Autostrada Adriatica,59201.36,40256.96520920686,14800.34,1726.0,,,4560.0,IT*F2X*EF2XITN0601,Autostrada Adriatica,44.5183,11.21429,0.0,44.5183,11.21429,2.0,2.0,15.0,1.0,0.0,0.0,0.0,2.0,0.0,0.0,0.0,0.0,0.0,0.0,0.0,0.0,0.0,0.0,0.0,no
IT*F2X*EF2XITN0602,Autostrada Adriatica,77842.576,52933.07286185167,19460.644,2454.0,,,4564.0,IT*F2X*EF2XITN0602,Autostrada Adriatica,44.51834,11.21432,0.0,44.51834,11.21432,2.0,2.0,15.0,1.0,0.0,0.0,0.0,2.0,0.0,0.0,0.0,0.0,0.0,0.0,0.0,0.0,0.0,0.0,0.0,no
,,,,,,,,2113.0,IT*F2X*EF2XITN0603,Autostrada Adriatica,44.518367,11.214225,0.0,44.518367,11.214225,2.0,2.0,15.0,1.0,0.0,0.0,0.0,2.0,0.0,0.0,0.0,0.0,0.0,0.0,0.0,0.0,0.0,0.0,0.0,no
,,,,,,,,2117.0,IT*F2X*EF2XITN0604,Autostrada Adriatica,44.518376,11.214226,0.0,44.518376,11.214226,2.0,2.0,15.0,1.0,0.0,0.0,0.0,2.0,0.0,0.0,0.0,0.0,0.0,0.0,0.0,0.0,0.0,0.0,0.0,no
IT*F2X*EF2XITN0651,Autostrada Adriatica,3677.811,1932.4756646456024,919.45275,304.0,,,2424.0,IT*F2X*EF2XITN0651,Autostrada Adriatica,44.51833,11.21339,0.0,44.51833,11.21339,2.0,2.0,15.0,1.0,0.0,0.0,0.0,2.0,0.0,0.0,0.0,0.0,0.0,0.0,0.0,0.0,0.0,0.0,0.0,no
IT*F2X*EF2XITN1001,A14 - Autostrada Adriatica,61617.936,41900.18945338251,15404.484,1881.0,,,1607.0,IT*F2X*EF2XITN1001,A14 - Autostrada Adriatica,44.42926,11.600198,0.0,44.42926,11.600198,6.0,2.0,45.0,1.0,0.0,0.0,0.0,1.0,0.0,0.0,0.0,0.0,0.0,0.0,0.0,0.0,0.0,0.0,0.0,no
IT*F2X*EF2XITN1002,A14 - Autostrada Adriatica,64659.615,43968.59228297307,16164.90375,2130.0,,,1613.0,IT*F2X*EF2XITN1002,A14 - Autostrada Adriatica,44.429218,11.600174,0.0,44.429218,11.600174,6.0,2.0,44.0,1.0,0.0,0.0,0.0,1.0,0.0,0.0,0.0,0.0,0.0,0.0,0.0,0.0,0.0,0.0,0.0,no
,,,,,,,,5189.0,IT*F2X*EF2XITN1003,A14 - Autostrada Adriatica,44.429238,11.600258,0.0,44.429238,11.600258,6.0,2.0,45.0,1.0,0.0,0.0,0.0,1.0,0.0,0.0,0.0,0.0,0.0,0.0,0.0,0.0,0.0,0.0,0.0,no
,,,,,,,,5195.0,IT*F2X*EF2XITN1004,A14 - Autostrada Adriatica,44.429191,11.600233,0.0,44.429191,11.600233,6.0,2.0,45.0,1.0,0.0,0.0,0.0,1.0,0.0,0.0,0.0,0.0,0.0,0.0,0.0,0.0,0.0,0.0,0.0,no
IT*F2X*EF2XITN1051,A14 - Autostrada Adriatica,5299.302,2827.3413423219235,1324.8255,360.0,,,1598.0,IT*F2X*EF2XITN1051,A14 - Autostrada Adriatica,44.429416,11.600241,0.0,44.429416,11.600241,6.0,2.0,45.0,1.0,0.0,0.0,0.0,1.0,0.0,0.0,0.0,0.0,0.0,0.0,0.0,0.0,0.0,0.0,0.0,no
IT*F2X*EF2XITN1101,A14 - Autostrada Adriatica,52989.093,36032.700836126845,13247.27325,1678.0,,,1665.0,IT*F2X*EF2XITN1101,A14 - Autostrada Adriatica,44.427775,11.599347,0.0,44.427775,11.599347,6.0,2.0,39.0,1.0,0.0,0.0,0.0,1.0,0.0,0.0,0.0,0.0,0.0,0.0,0.0,0.0,0.0,0.0,0.0,no
IT*F2X*EF2XITN1102,A14 - Autostrada Adriatica,74437.342,50617.38562720022,18609.3355,2450.0,,,1671.0,IT*F2X*EF2XITN1102,A14 - Autostrada Adriatica,44.4278,11.599364,0.0,44.4278,11.599364,6.0,2.0,40.0,1.0,0.0,0.0,0.0,1.0,0.0,0.0,0.0,0.0,0.0,0.0,0.0,0.0,0.0,0.0,0.0,no
IT*F2X*EF2XITN1151,A14 - Autostrada Adriatica,7071.336,3784.10395816918,1767.834,492.0,,,1677.0,IT*F2X*EF2XITN1151,A14 - Autostrada Adriatica,44.427628,11.599236,0.0,44.427628,11.599236,6.0,2.0,39.0,1.0,0.0,0.0,0.0,1.0,0.0,0.0,0.0,0.0,0.0,0.0,0.0,0.0,0.0,0.0,0.0,no
,,,,,,,,3883.0,IT*F2X*EF2XITN2501,A14 - Autostrada Adriatica,44.217531,12.177971,0.0,44.217531,12.177971,1.0,2.0,16.0,0.0,0.0,0.0,0.0,0.0,0.0,0.0,0.0,0.0,0.0,0.0,0.0,0.0,0.0,0.0,0.0,no
,,,,,,,,3887.0,IT*F2X*EF2XITN2502,A14 - Autostrada Adriatica,44.217507,12.177961,0.0,44.217507,12.177961,1.0,2.0,16.0,0.0,0.0,0.0,0.0,0.0,0.0,0.0,0.0,0.0,0.0,0.0,0.0,0.0,0.0,0.0,0.0,no
,,,,,,,,3891.0,IT*F2X*EF2XITN2503,A14 - Autostrada Adriatica,44.217488,12.177955,0.0,44.217488,12.177955,1.0,2.0,16.0,0.0,0.0,0.0,0.0,0.0,0.0,0.0,0.0,0.0,0.0,0.0,0.0,0.0,0.0,0.0,0.0,no
,,,,,,,,3895.0,IT*F2X*EF2XITN2504,A14 - Autostrada Adriatica,44.217474,12.177943,0.0,44.217474,12.177943,1.0,2.0,16.0,0.0,0.0,0.0,0.0,0.0,0.0,0.0,0.0,0.0,0.0,0.0,0.0,0.0,0.0,0.0,0.0,no
IT*F2X*EF2XITN3001,A14 - Autostrada Adriatica,62130.198,42248.03893941188,15532.5495,1851.0,,,9.0,IT*F2X*EF2XITN3001,A14 - Autostrada Adriatica,44.116922,12.409015,0.0,44.116922,12.409015,3.0,3.0,30.0,1.0,0.0,0.0,0.0,0.0,0.0,0.0,1.0,0.0,0.0,0.0,4.0,0.0,0.0,0.0,1.0,no
IT*F2X*EF2XITN3002,A14 - Autostrada Adriatica,58672.893,39897.412829590554,14668.22325,1756.0,,,16.0,IT*F2X*EF2XITN3002,A14 - Autostrada Adriatica,44.11693,12.408955,0.0,44.11693,12.408955,3.0,3.0,30.0,1.0,0.0,0.0,0.0,0.0,0.0,0.0,1.0,0.0,0.0,0.0,4.0,0.0,0.0,0.0,1.0,no
IT*F2X*EF2XITN3051,A14 - Autostrada Adriatica,2898.53,1561.5054019328647,724.6325,229.0,,,97.0,IT*F2X*EF2XITN3051,A14 - Autostrada Adriatica,44.116774,12.408953,0.0,44.116774,12.408953,3.0,4.0,32.0,1.0,0.0,0.0,0.0,0.0,0.0,0.0,1.0,0.0,0.0,0.0,4.0,0.0,0.0,0.0,1.0,no
IT*F2X*EF2XITN3601,Autostrada Adriatica,59131.798,40209.275460675766,14782.9495,1801.0,,,3065.0,IT*F2X*EF2XITN3601,Autostrada Adriatica,43.994348,12.618521,0.0,43.994348,12.618521,0.0,4.0,45.0,0.0,0.0,0.0,0.0,6.0,0.0,0.0,0.0,0.0,0.0,0.0,2.0,0.0,1.0,0.0,0.0,no
IT*F2X*EF2XITN3602,Autostrada Adriatica,69006.576,46924.0156775016,17251.644,2154.0,,,3067.0,IT*F2X*EF2XITN3602,Autostrada Adriatica,43.994373,12.618548,0.0,43.994373,12.618548,0.0,4.0,45.0,0.0,0.0,0.0,0.0,6.0,0.0,0.0,0.0,0.0,0.0,0.0,2.0,0.0,1.0,0.0,0.0,no
,,,,,,,,2247.0,IT*F2X*EF2XITN3603,Autostrada Adriatica,43.994391,12.618461,0.0,43.994391,12.618461,0.0,4.0,45.0,0.0,0.0,0.0,0.0,6.0,0.0,0.0,0.0,0.0,0.0,0.0,2.0,0.0,1.0,0.0,0.0,no
,,,,,,,,1594.0,IT*F2X*EF2XITN3604,Autostrada Adriatica,43.994404,12.618473,0.0,43.994404,12.618473,0.0,4.0,45.0,0.0,0.0,0.0,0.0,6.0,0.0,0.0,0.0,0.0,0.0,0.0,2.0,0.0,1.0,0.0,0.0,no
IT*F2X*EF2XITN3651,Autostrada Adriatica,3833.5969999999998,2051.381738457309,958.3992499999999,307.0,,,1662.0,IT*F2X*EF2XITN3651,Autostrada Adriatica,43.994228,12.61838,0.0,43.994228,12.61838,0.0,4.0,45.0,0.0,0.0,0.0,0.0,6.0,0.0,0.0,0.0,0.0,0.0,0.0,2.0,0.0,1.0,0.0,0.0,no
IT*F2X*EF2XITN5001,Autostrada Adriatica,50580.684,34394.75281162119,12645.171,1445.0,,,3189.0,IT*F2X*EF2XITN5001,Autostrada Adriatica,43.62697,13.33526,0.0,43.62697,13.33526,2.0,3.0,9.0,0.0,0.0,0.0,0.0,0.0,0.0,0.0,0.0,0.0,0.0,0.0,0.0,0.0,0.0,0.0,0.0,no
IT*F2X*EF2XITN5002,Autostrada Adriatica,62879.494,42757.84791073375,15719.8735,1886.0,,,3271.0,IT*F2X*EF2XITN5002,Autostrada Adriatica,43.62697,13.33516,0.0,43.62697,13.33516,2.0,3.0,9.0,0.0,0.0,0.0,0.0,0.0,0.0,0.0,0.0,0.0,0.0,0.0,0.0,0.0,0.0,0.0,0.0,no
,,,,,,,,3185.0,IT*F2X*EF2XITN5003,Autostrada Adriatica,43.626918,13.334995,0.0,43.626918,13.334995,2.0,3.0,9.0,0.0,0.0,0.0,0.0,0.0,0.0,0.0,0.0,0.0,0.0,0.0,0.0,0.0,0.0,0.0,0.0,no
,,,,,,,,3187.0,IT*F2X*EF2XITN5004,Autostrada Adriatica,43.626851,13.334995,0.0,43.626851,13.334995,2.0,3.0,9.0,0.0,0.0,0.0,0.0,0.0,0.0,0.0,0.0,0.0,0.0,0.0,0.0,0.0,0.0,0.0,0.0,no
IT*F2X*EF2XITN5051,Autostrada Adriatica,4726.469,2552.924565946134,1181.61725,301.0,,,900.0,IT*F2X*EF2XITN5051,Autostrada Adriatica,43.626774,13.334975,0.0,43.626774,13.334975,2.0,3.0,9.0,0.0,0.0,0.0,0.0,0.0,0.0,0.0,0.0,0.0,0.0,0.0,0.0,0.0,0.0,0.0,0.0,no
IT*F2X*EF2XITN5101,Autostrada Adriatica,8518.653,5792.57975003775,2129.66325,261.0,,,3993.0,IT*F2X*EF2XITN5101,Autostrada Adriatica,43.627041,13.333977,0.0,43.627041,13.333977,2.0,3.0,9.0,0.0,0.0,0.0,0.0,0.0,0.0,0.0,0.0,0.0,0.0,0.0,0.0,0.0,0.0,0.0,0.0,no
IT*F2X*EF2XITN5102,Autostrada Adriatica,9732.371,6617.86384131474,2433.09275,302.0,,,3995.0,IT*F2X*EF2XITN5102,Autostrada Adriatica,43.627042,13.334019,0.0,43.627042,13.334019,2.0,3.0,9.0,0.0,0.0,0.0,0.0,0.0,0.0,0.0,0.0,0.0,0.0,0.0,0.0,0.0,0.0,0.0,0.0,no
IT*F2X*EF2XITN5151,Autostrada Adriatica,493.92,264.1376588098861,123.48,46.0,,,899.0,IT*F2X*EF2XITN5151,Autostrada Adriatica,43.627101,13.333993,0.0,43.627101,13.333993,2.0,3.0,9.0,0.0,0.0,0.0,0.0,0.0,0.0,0.0,0.0,0.0,0.0,0.0,0.0,0.0,0.0,0.0,0.0,no
IT*F2X*EF2XITN5601,A14 - Autostrada Adriatica,32009.206,21766.012695607445,8002.3015,988.0,,,219.0,IT*F2X*EF2XITN5601,A14 - Autostrada Adriatica,43.481229,13.594777,0.0,43.481229,13.594777,3.0,2.0,16.0,0.0,0.0,0.0,0.0,0.0,0.0,0.0,0.0,0.0,0.0,0.0,0.0,0.0,0.0,0.0,0.0,no
IT*F2X*EF2XITN5602,A14 - Autostrada Adriatica,51111.874,34755.93874756117,12777.9685,1561.0,,,286.0,IT*F2X*EF2XITN5602,A14 - Autostrada Adriatica,43.481183,13.594838,0.0,43.481183,13.594838,3.0,2.0,16.0,0.0,0.0,0.0,0.0,0.0,0.0,0.0,0.0,0.0,0.0,0.0,0.0,0.0,0.0,0.0,0.0,no
IT*F2X*EF2XITN5651,A14 - Autostrada Adriatica,2645.741,1407.7371382884448,661.43525,246.0,,,352.0,IT*F2X*EF2XITN5651,A14 - Autostrada Adriatica,43.481079,13.594935,0.0,43.481079,13.594935,3.0,2.0,16.0,0.0,0.0,0.0,0.0,0.0,0.0,0.0,0.0,0.0,0.0,0.0,0.0,0.0,0.0,0.0,0.0,no
IT*F2X*EF2XITN6501,Autostrada Adriatica,29943.069,20361.30967921033,7485.76725,938.0,,,2430.0,IT*F2X*EF2XITN6501,Autostrada Adriatica,43.075081,13.844133,0.0,43.075081,13.844133,5.0,4.0,12.0,0.0,0.0,0.0,0.0,1.0,0.0,0.0,0.0,0.0,0.0,0.0,0.0,0.0,0.0,0.0,0.0,no
IT*F2X*EF2XITN6502,Autostrada Adriatica,30543.082,20768.8859013678,7635.7705,931.0,,,2441.0,IT*F2X*EF2XITN6502,Autostrada Adriatica,43.075146,13.844111,0.0,43.075146,13.844111,5.0,4.0,12.0,0.0,0.0,0.0,0.0,1.0,0.0,0.0,0.0,0.0,0.0,0.0,0.0,0.0,0.0,0.0,0.0,no
IT*F2X*EF2XITN6551,Autostrada Adriatica,1834.705,980.7544373220124,458.67625,159.0,,,2443.0,IT*F2X*EF2XITN6551,Autostrada Adriatica,43.07504,13.844353,0.0,43.07504,13.844353,5.0,4.0,12.0,0.0,0.0,0.0,0.0,1.0,0.0,0.0,0.0,0.0,0.0,0.0,0.0,0.0,0.0,0.0,0.0,no
IT*F2X*EF2XITN6601,Autostrada Adriatica,35463.132,24114.238141256268,8865.783,1095.0,,,2559.0,IT*F2X*EF2XITN6601,Autostrada Adriatica,43.075092,13.842841,0.0,43.075092,13.842841,5.0,4.0,12.0,0.0,0.0,0.0,0.0,1.0,0.0,0.0,0.0,0.0,0.0,0.0,0.0,0.0,0.0,0.0,0.0,no
IT*F2X*EF2XITN6602,Autostrada Adriatica,23404.499,15915.017266912566,5851.12475,746.0,,,2561.0,IT*F2X*EF2XITN6602,Autostrada Adriatica,43.074984,13.842805,0.0,43.074984,13.842805,5.0,4.0,12.0,0.0,0.0,0.0,0.0,1.0,0.0,0.0,0.0,0.0,0.0,0.0,0.0,0.0,0.0,0.0,0.0,no
IT*F2X*EF2XITN6651,Autostrada Adriatica,2103.104,1128.430385872364,525.776,176.0,,,896.0,IT*F2X*EF2XITN6651,Autostrada Adriatica,43.075143,13.842842,0.0,43.075143,13.842842,5.0,4.0,12.0,0.0,0.0,0.0,0.0,1.0,0.0,0.0,0.0,0.0,0.0,0.0,0.0,0.0,0.0,0.0,0.0,no
IT*F2X*EF2XITN8001,Autostrada Adriatica,44217.73,30068.32836014754,11054.4325,1323.0,,,1680.0,IT*F2X*EF2XITN8001,Autostrada Adriatica,42.531713,14.12447,0.0,42.531713,14.12447,6.0,4.0,44.0,0.0,0.0,0.0,0.0,0.0,0.0,3.0,2.0,0.0,0.0,0.0,1.0,0.0,2.0,0.0,1.0,no
IT*F2X*EF2XITN8002,Autostrada Adriatica,24338.155,16549.864726691256,6084.53875,735.0,,,1682.0,IT*F2X*EF2XITN8002,Autostrada Adriatica,42.531736,14.124386,0.0,42.531736,14.124386,6.0,4.0,44.0,0.0,0.0,0.0,0.0,0.0,0.0,3.0,2.0,0.0,0.0,0.0,1.0,0.0,2.0,0.0,1.0,no
IT*F2X*EF2XITN8051,Autostrada Adriatica,2272.076,1214.004630328252,568.019,189.0,,,1620.0,IT*F2X*EF2XITN8051,Autostrada Adriatica,42.531791,14.124218,0.0,42.531791,14.124218,6.0,4.0,42.0,0.0,0.0,0.0,0.0,0.0,0.0,2.0,2.0,0.0,0.0,0.0,1.0,0.0,2.0,0.0,1.0,no
IT*F2X*EF2XITN8101,Autostrada Adriatica,22349.996,15198.18,5587.499,693.0,,,2249.0,IT*F2X*EF2XITN8101,Autostrada Adriatica,42.53075,14.12417,0.0,42.53075,14.12417,7.0,4.0,42.0,0.0,0.0,0.0,0.0,0.0,0.0,3.0,2.0,0.0,0.0,0.0,1.0,0.0,2.0,0.0,1.0,no
IT*F2X*EF2XITN8102,Autostrada Adriatica,32874.604,22354.485585797003,8218.651,1131.0,,,2251.0,IT*F2X*EF2XITN8102,Autostrada Adriatica,42.53072,14.12426,0.0,42.53072,14.12426,7.0,4.0,42.0,0.0,0.0,0.0,0.0,0.0,0.0,3.0,2.0,0.0,0.0,0.0,1.0,0.0,2.0,0.0,1.0,no
IT*F2X*EF2XITN8151,Autostrada Adriatica,2382.645,1276.541350483216,595.66125,174.0,,,1377.0,IT*F2X*EF2XITN8151,Autostrada Adriatica,42.530677,14.124067,0.0,42.530677,14.124067,7.0,4.0,41.0,0.0,0.0,0.0,0.0,0.0,0.0,3.0,2.0,0.0,0.0,0.0,1.0,0.0,2.0,0.0,1.0,no
IT*F2X*EF2XITN9001,A14 - Autostrada Adriatica,9822.634,6679.407533828761,2455.6585,272.0,,,4415.0,IT*F2X*EF2XITN9001,A14 - Autostrada Adriatica,42.200565,14.563543,0.0,42.200565,14.563543,0.0,3.0,16.0,0.0,0.0,0.0,0.0,0.0,0.0,0.0,0.0,0.0,0.0,0.0,0.0,0.0,0.0,0.0,0.0,no
IT*F2X*EF2XITN9002,A14 - Autostrada Adriatica,5458.615,3711.670753214906,1364.65375,144.0,,,4452.0,IT*F2X*EF2XITN9002,A14 - Autostrada Adriatica,42.200441,14.56358,0.0,42.200441,14.56358,0.0,3.0,16.0,0.0,0.0,0.0,0.0,0.0,0.0,0.0,0.0,0.0,0.0,0.0,0.0,0.0,0.0,0.0,0.0,no
IT*F2X*EF2XITN9051,A14 - Autostrada Adriatica,508.453,276.9522250362504,127.11325,41.0,,,4484.0,IT*F2X*EF2XITN9051,A14 - Autostrada Adriatica,42.200565,14.563543,0.0,42.200565,14.563543,0.0,3.0,16.0,0.0,0.0,0.0,0.0,0.0,0.0,0.0,0.0,0.0,0.0,0.0,0.0,0.0,0.0,0.0,0.0,no
IT*F2X*EF2XITN9101,Autostrada Adriatica,20933.467,14234.7,5233.36675,607.0,,,3191.0,IT*F2X*EF2XITN9101,Autostrada Adriatica,42.200133,14.561535,0.0,42.200133,14.561535,0.0,3.0,16.0,0.0,0.0,0.0,0.0,0.0,0.0,0.0,0.0,0.0,0.0,0.0,0.0,0.0,0.0,0.0,0.0,no
IT*F2X*EF2XITN9102,Autostrada Adriatica,20199.331,13735.586978243899,5049.83275,604.0,,,3223.0,IT*F2X*EF2XITN9102,Autostrada Adriatica,42.200133,14.561535,0.0,42.200133,14.561535,0.0,3.0,16.0,0.0,0.0,0.0,0.0,0.0,0.0,0.0,0.0,0.0,0.0,0.0,0.0,0.0,0.0,0.0,0.0,no
IT*F2X*EF2XITN9151,Autostrada Adriatica,1758.911,945.6140514496485,439.72775,136.0,,,3255.0,IT*F2X*EF2XITN9151,Autostrada Adriatica,42.200133,14.561535,0.0,42.200133,14.561535,0.0,3.0,16.0,0.0,0.0,0.0,0.0,0.0,0.0,0.0,0.0,0.0,0.0,0.0,0.0,0.0,0.0,0.0,0.0,no
IT*F2X*EF2XITO1001,A14 - Autostrada Adriatica,26530.132,18040.457524160807,6632.533,741.0,,,903.0,IT*F2X*EF2XITO1001,A14 - Autostrada Adriatica,41.909717,15.168962,0.0,41.909717,15.168962,0.0,2.0,11.0,0.0,0.0,0.0,0.0,1.0,0.0,0.0,0.0,0.0,0.0,0.0,0.0,0.0,0.0,0.0,0.0,no
IT*F2X*EF2XITO1002,A14 - Autostrada Adriatica,35245.235,23966.120673911355,8811.30875,1006.0,,,933.0,IT*F2X*EF2XITO1002,A14 - Autostrada Adriatica,41.909686,15.168951,0.0,41.909686,15.168951,0.0,2.0,11.0,0.0,0.0,0.0,0.0,1.0,0.0,0.0,0.0,0.0,0.0,0.0,0.0,0.0,0.0,0.0,0.0,no
IT*F2X*EF2XITO1051,A14 - Autostrada Adriatica,1727.308,916.9072513251649,431.827,133.0,,,963.0,IT*F2X*EF2XITO1051,A14 - Autostrada Adriatica,41.909717,15.168884,0.0,41.909717,15.168884,0.0,2.0,11.0,0.0,0.0,0.0,0.0,1.0,0.0,0.0,0.0,0.0,0.0,0.0,0.0,0.0,0.0,0.0,0.0,no
IT*F2X*EF2XITO1101,A14 - Autostrada Adriatica,19920.34,13545.830643961299,4980.085,623.0,,,1711.0,IT*F2X*EF2XITO1101,A14 - Autostrada Adriatica,41.908914,15.168433,0.0,41.908914,15.168433,0.0,2.0,11.0,0.0,0.0,0.0,0.0,1.0,0.0,0.0,0.0,0.0,0.0,0.0,0.0,0.0,0.0,0.0,0.0,no
IT*F2X*EF2XITO1102,A14 - Autostrada Adriatica,26672.705,18137.46,6668.17625,799.0,,,1741.0,IT*F2X*EF2XITO1102,A14 - Autostrada Adriatica,41.908932,15.168601,0.0,41.908932,15.168601,0.0,2.0,11.0,0.0,0.0,0.0,0.0,1.0,0.0,0.0,0.0,0.0,0.0,0.0,0.0,0.0,0.0,0.0,0.0,no
IT*F2X*EF2XITO1151,A14 - Autostrada Adriatica,1239.607,644.2883601475397,309.90175,126.0,,,1771.0,IT*F2X*EF2XITO1151,A14 - Autostrada Adriatica,41.908973,15.168712,0.0,41.908973,15.168712,0.0,2.0,11.0,0.0,0.0,0.0,0.0,1.0,0.0,0.0,0.0,0.0,0.0,0.0,0.0,0.0,0.0,0.0,0.0,no
IT*F2X*EF2XITO2001,A14 - Autostrada Adriatica,651.896,443.16923806334006,162.974,22.0,,,5234.0,IT*F2X*EF2XITO2001,A14 - Autostrada Adriatica,41.591279,15.5017,0.0,41.591279,15.5017,0.0,4.0,10.0,0.0,0.0,0.0,0.0,2.0,0.0,0.0,0.0,0.0,0.0,0.0,0.0,0.0,0.0,0.0,0.0,no
IT*F2X*EF2XITO2002,A14 - Autostrada Adriatica,1011.5260000000001,687.7267928038825,252.88150000000002,34.0,,,5236.0,IT*F2X*EF2XITO2002,A14 - Autostrada Adriatica,41.591304,15.501731,0.0,41.591304,15.501731,0.0,4.0,10.0,0.0,0.0,0.0,0.0,2.0,0.0,0.0,0.0,0.0,0.0,0.0,0.0,0.0,0.0,0.0,0.0,no
IT*F2X*EF2XITO2051,A14 - Autostrada Adriatica,4.973,2.947139689597382,1.24325,5.0,,,5239.0,IT*F2X*EF2XITO2051,A14 - Autostrada Adriatica,41.591331,15.501649,0.0,41.591331,15.501649,0.0,4.0,10.0,0.0,0.0,0.0,0.0,2.0,0.0,0.0,0.0,0.0,0.0,0.0,0.0,0.0,0.0,0.0,0.0,no
IT*F2X*EF2XITO2101,A14 - Autostrada Adriatica,3871.782,2632.83,967.9455,113.0,,,5242.0,IT*F2X*EF2XITO2101,A14 - Autostrada Adriatica,41.590938,15.500337,0.0,41.590938,15.500337,0.0,4.0,10.0,0.0,0.0,0.0,0.0,2.0,0.0,0.0,0.0,0.0,0.0,0.0,0.0,0.0,0.0,0.0,0.0,no
IT*F2X*EF2XITO2102,A14 - Autostrada Adriatica,3987.065,2711.19,996.76625,112.0,,,5244.0,IT*F2X*EF2XITO2102,A14 - Autostrada Adriatica,41.590956,15.500268,0.0,41.590956,15.500268,0.0,4.0,10.0,0.0,0.0,0.0,0.0,2.0,0.0,0.0,0.0,0.0,0.0,0.0,0.0,0.0,0.0,0.0,0.0,no
IT*F2X*EF2XITO2151,A14 - Autostrada Adriatica,159.071,86.25,39.76775,12.0,,,5246.0,IT*F2X*EF2XITO2151,A14 - Autostrada Adriatica,41.590898,15.500381,0.0,41.590898,15.500381,0.0,4.0,10.0,0.0,0.0,0.0,0.0,2.0,0.0,0.0,0.0,0.0,0.0,0.0,0.0,0.0,0.0,0.0,0.0,no
IT*F2X*EF2XITO3501,Autostrada Adriatica,37277.172,25348.4537299594,9319.293,1055.0,,,4829.0,IT*F2X*EF2XITO3501,Autostrada Adriatica,41.251814,16.220186,0.0,41.251814,16.220186,0.0,2.0,1.0,0.0,0.0,0.0,0.0,0.0,0.0,0.0,0.0,0.0,0.0,0.0,0.0,0.0,0.0,0.0,0.0,no
IT*F2X*EF2XITO3502,Autostrada Adriatica,41870.356,28471.810901629888,10467.589,1252.0,,,4849.0,IT*F2X*EF2XITO3502,Autostrada Adriatica,41.251814,16.220104,0.0,41.251814,16.220104,0.0,2.0,1.0,0.0,0.0,0.0,0.0,0.0,0.0,0.0,0.0,0.0,0.0,0.0,0.0,0.0,0.0,0.0,0.0,no
IT*F2X*EF2XITO3551,Autostrada Adriatica,2057.899,1108.0068810402022,514.47475,151.0,,,2446.0,IT*F2X*EF2XITO3551,Autostrada Adriatica,41.251762,16.220455,0.0,41.251762,16.220455,0.0,2.0,1.0,0.0,0.0,0.0,0.0,0.0,0.0,0.0,0.0,0.0,0.0,0.0,0.0,0.0,0.0,0.0,0.0,no
IT*F2X*EF2XITO3601,Autostrada Adriatica,33430.758,22732.93,8357.6895,956.0,,,4920.0,IT*F2X*EF2XITO3601,Autostrada Adriatica,41.25078,16.218864,0.0,41.25078,16.218864,0.0,2.0,1.0,0.0,0.0,0.0,0.0,0.0,0.0,0.0,0.0,0.0,0.0,0.0,0.0,0.0,0.0,0.0,0.0,no
IT*F2X*EF2XITO3602,Autostrada Adriatica,50685.694,34465.884995288834,12671.4235,1446.0,,,4922.0,IT*F2X*EF2XITO3602,Autostrada Adriatica,41.250745,16.21894,0.0,41.250745,16.21894,0.0,2.0,1.0,0.0,0.0,0.0,0.0,0.0,0.0,0.0,0.0,0.0,0.0,0.0,0.0,0.0,0.0,0.0,0.0,no
IT*F2X*EF2XITO3651,Autostrada Adriatica,2047.331,1092.5806109996051,511.83275,153.0,,,2437.0,IT*F2X*EF2XITO3651,Autostrada Adriatica,41.250764,16.218878,0.0,41.250764,16.218878,0.0,2.0,1.0,0.0,0.0,0.0,0.0,0.0,0.0,0.0,0.0,0.0,0.0,0.0,0.0,0.0,0.0,0.0,0.0,no
IT*F2X*EF2XITO4501,A14 - Autostrada Adriatica,27299.565,18563.197537857497,6824.89125,809.0,,,4543.0,IT*F2X*EF2XITO4501,A14 - Autostrada Adriatica,41.095737,16.769807,0.0,41.095737,16.769807,1.0,4.0,24.0,0.0,0.0,0.0,0.0,0.0,0.0,0.0,0.0,0.0,0.0,0.0,1.0,0.0,1.0,0.0,1.0,no
IT*F2X*EF2XITO4502,A14 - Autostrada Adriatica,19060.747,12961.0380066418,4765.18675,580.0,,,3899.0,IT*F2X*EF2XITO4502,A14 - Autostrada Adriatica,41.095803,16.769734,0.0,41.095803,16.769734,1.0,4.0,23.0,0.0,0.0,0.0,0.0,0.0,0.0,0.0,0.0,0.0,0.0,0.0,1.0,0.0,1.0,0.0,1.0,no
IT*F2X*EF2XITO4551,A14 - Autostrada Adriatica,665.307,356.4617425206514,166.32675,56.0,,,3437.0,IT*F2X*EF2XITO4551,A14 - Autostrada Adriatica,41.095756,16.76955,0.0,41.095756,16.76955,1.0,4.0,24.0,0.0,0.0,0.0,0.0,0.0,0.0,0.0,0.0,0.0,0.0,0.0,1.0,0.0,1.0,0.0,1.0,no
IT*F2X*EF2XITO4601,A14 - Autostrada Adriatica,10939.562,7438.565860279424,2734.8905,447.0,,,4946.0,IT*F2X*EF2XITO4601,A14 - Autostrada Adriatica,41.095542,16.768485,0.0,41.095542,16.768485,1.0,4.0,22.0,0.0,0.0,0.0,0.0,0.0,0.0,0.0,0.0,0.0,0.0,0.0,1.0,0.0,1.0,0.0,1.0,no
,,,,,,,,4938.0,IT*F2X*EF2XITO4602,A14 - Autostrada Adriatica,41.095284,16.768513,0.0,41.095284,16.768513,1.0,4.0,22.0,0.0,0.0,0.0,0.0,0.0,0.0,0.0,0.0,0.0,0.0,0.0,1.0,0.0,1.0,0.0,1.0,no
IT*F2X*EF2XITP2001,Autostrada dei due Mari,18339.638,12470.886271021403,4584.9095,592.0,,,2144.0,IT*F2X*EF2XITP2001,Autostrada dei due Mari,40.926673,14.783092,0.0,40.926673,14.783092,3.0,6.0,13.0,0.0,0.0,0.0,0.0,0.0,0.0,0.0,1.0,0.0,0.0,0.0,14.0,0.0,0.0,0.0,1.0,yes
IT*F2X*EF2XITP2002,Autostrada dei due Mari,27662.251,18810.261389890213,6915.56275,898.0,,,2142.0,IT*F2X*EF2XITP2002,Autostrada dei due Mari,40.926719,14.783162,0.0,40.926719,14.783162,3.0,6.0,13.0,0.0,0.0,0.0,0.0,0.0,0.0,0.0,1.0,0.0,0.0,0.0,14.0,0.0,0.0,0.0,1.0,yes
IT*F2X*EF2XITP2051,Autostrada dei due Mari,931.759,494.20646304683675,232.93975,78.0,,,3097.0,IT*F2X*EF2XITP2051,Autostrada dei due Mari,40.926719,14.783162,0.0,40.926719,14.783162,3.0,6.0,13.0,0.0,0.0,0.0,0.0,0.0,0.0,0.0,1.0,0.0,0.0,0.0,14.0,0.0,0.0,0.0,1.0,yes
IT*F2X*EF2XITP2101,Autostrada dei due Mari,24257.692,16495.26974331222,6064.423,779.0,,,572.0,IT*F2X*EF2XITP2101,Autostrada dei due Mari,40.925431,14.783183,0.0,40.925431,14.783183,3.0,6.0,14.0,0.0,0.0,0.0,0.0,1.0,0.0,0.0,1.0,0.0,0.0,0.0,15.0,1.0,0.0,0.0,1.0,yes
IT*F2X*EF2XITP2102,Autostrada dei due Mari,23700.322,16115.678608779535,5925.0805,747.0,,,570.0,IT*F2X*EF2XITP2102,Autostrada dei due Mari,40.92538,14.7831,0.0,40.92538,14.7831,3.0,6.0,14.0,0.0,0.0,0.0,0.0,1.0,0.0,0.0,1.0,0.0,0.0,0.0,15.0,1.0,0.0,0.0,1.0,yes
IT*F2X*EF2XITP2151,Autostrada dei due Mari,1506.364,802.8937741303164,376.591,135.0,,,2253.0,IT*F2X*EF2XITP2151,Autostrada dei due Mari,40.925533,14.783258,0.0,40.925533,14.783258,3.0,6.0,14.0,0.0,0.0,0.0,0.0,1.0,0.0,0.0,1.0,0.0,0.0,0.0,16.0,1.0,0.0,0.0,1.0,yes
IT*F2X*EF2XITP3101,A16 - Autostrada dei Due Mari,7185.379,4885.869203700495,1796.34475,244.0,,,3409.0,IT*F2X*EF2XITP3101,A16 - Autostrada dei Due Mari,41.06018,15.013467,0.0,41.06018,15.013467,2.0,3.0,4.0,0.0,0.0,0.0,0.0,3.0,0.0,0.0,0.0,0.0,0.0,0.0,0.0,0.0,0.0,0.0,0.0,no
IT*F2X*EF2XITP3102,A16 - Autostrada dei Due Mari,8767.263,5961.565031753409,2191.81575,269.0,,,3411.0,IT*F2X*EF2XITP3102,A16 - Autostrada dei Due Mari,41.060238,15.013405,0.0,41.060238,15.013405,2.0,3.0,4.0,0.0,0.0,0.0,0.0,3.0,0.0,0.0,0.0,0.0,0.0,0.0,0.0,0.0,0.0,0.0,0.0,no
IT*F2X*EF2XITP3151,A16 - Autostrada dei Due Mari,330.078,168.57620579859412,82.5195,40.0,,,3413.0,IT*F2X*EF2XITP3151,A16 - Autostrada dei Due Mari,41.060126,15.013521,0.0,41.060126,15.013521,2.0,3.0,4.0,0.0,0.0,0.0,0.0,3.0,0.0,0.0,0.0,0.0,0.0,0.0,0.0,0.0,0.0,0.0,0.0,no
IT*F2X*EF2XITP4001,A16 Autostrada dei due Mari,20616.2,14018.975659181107,5154.05,612.0,,,3496.0,IT*F2X*EF2XITP4001,A16 Autostrada dei due Mari,41.066689,15.315982,0.0,41.066689,15.315982,1.0,2.0,0.0,0.0,0.0,0.0,0.0,0.0,0.0,0.0,0.0,0.0,0.0,0.0,0.0,0.0,0.0,0.0,0.0,no
IT*F2X*EF2XITP4002,A16 Autostrada dei due Mari,25195.977,17132.978243993675,6298.99425,784.0,,,3498.0,IT*F2X*EF2XITP4002,A16 Autostrada dei due Mari,41.066723,15.316047,0.0,41.066723,15.316047,1.0,2.0,0.0,0.0,0.0,0.0,0.0,0.0,0.0,0.0,0.0,0.0,0.0,0.0,0.0,0.0,0.0,0.0,0.0,no
IT*F2X*EF2XITP4051,A16 Autostrada dei due Mari,2100.165,1096.7122508520654,525.04125,155.0,,,5224.0,IT*F2X*EF2XITP4051,A16 Autostrada dei due Mari,41.06671,15.315796,0.0,41.06671,15.315796,1.0,2.0,0.0,0.0,0.0,0.0,0.0,0.0,0.0,0.0,0.0,0.0,0.0,0.0,0.0,0.0,0.0,0.0,0.0,no
IT*F2X*EF2XITP4101,A16 Autostrada dei due Mari,14272.488,9705.0880240507,3568.122,465.0,,,2349.0,IT*F2X*EF2XITP4101,A16 Autostrada dei due Mari,41.064711,15.314124,0.0,41.064711,15.314124,1.0,2.0,0.0,0.0,0.0,0.0,0.0,0.0,0.0,0.0,0.0,0.0,0.0,0.0,0.0,0.0,0.0,0.0,0.0,no
IT*F2X*EF2XITP4102,A16 Autostrada dei due Mari,19338.146,13149.78634759355,4834.5365,636.0,,,3494.0,IT*F2X*EF2XITP4102,A16 Autostrada dei due Mari,41.064701,15.314212,0.0,41.064701,15.314212,1.0,2.0,0.0,0.0,0.0,0.0,0.0,0.0,0.0,0.0,0.0,0.0,0.0,0.0,0.0,0.0,0.0,0.0,0.0,no
IT*F2X*EF2XITP4151,A16 Autostrada dei due Mari,1397.166,735.2386580638145,349.2915,139.0,,,1426.0,IT*F2X*EF2XITP4151,A16 Autostrada dei due Mari,41.064668,15.314502,0.0,41.064668,15.314502,1.0,2.0,0.0,0.0,0.0,0.0,0.0,0.0,0.0,0.0,0.0,0.0,0.0,0.0,0.0,0.0,0.0,0.0,0.0,no
IT*F2X*EF2XITT0101,A56 Ramo Capodichino,4924.9130000000005,3348.860385872364,1231.2282500000001,221.0,,,4861.0,IT*F2X*EF2XITT0101,A56 Ramo Capodichino,40.837613,14.119611,0.0,40.837613,14.119611,12.0,6.0,17.0,0.0,5.0,0.0,1.0,0.0,0.0,0.0,0.0,0.0,0.0,0.0,2.0,1.0,2.0,0.0,0.0,no
IT*F2X*EF2XITT0102,A56 Ramo Capodichino,2881.9610000000002,1959.74,720.4902500000001,121.0,,,4873.0,IT*F2X*EF2XITT0102,A56 Ramo Capodichino,40.837674,14.11955,0.0,40.837674,14.11955,12.0,6.0,17.0,0.0,5.0,0.0,1.0,0.0,0.0,0.0,0.0,0.0,0.0,0.0,2.0,1.0,2.0,0.0,0.0,no
IT*F2X*EF2XITT0151,A56 Ramo Capodichino,189.719,97.34688104020219,47.42975,17.0,,,4885.0,IT*F2X*EF2XITT0151,A56 Ramo Capodichino,40.837704,14.119489,0.0,40.837704,14.119489,12.0,6.0,17.0,0.0,5.0,0.0,1.0,0.0,0.0,0.0,0.0,0.0,0.0,0.0,2.0,1.0,2.0,0.0,0.0,no
IT*F2X*EF2XITT0201,A56,43775.736,29766.877417780404,10943.934,1494.0,,,5225.0,IT*F2X*EF2XITT0201,A56,40.873302,14.279745,0.0,40.873302,14.279745,4.0,10.0,44.0,3.0,0.0,3.0,0.0,6.0,0.0,0.0,2.0,0.0,0.0,0.0,3.0,1.0,3.0,0.0,1.0,no
IT*F2X*EF2XITT0202,A56,39137.909,26613.721575610456,9784.47725,1305.0,,,5229.0,IT*F2X*EF2XITT0202,A56,40.873302,14.279745,0.0,40.873302,14.279745,4.0,10.0,44.0,3.0,0.0,3.0,0.0,6.0,0.0,0.0,2.0,0.0,0.0,0.0,3.0,1.0,3.0,0.0,1.0,no
IT*F2X*EF2XITW1101,A23 Autostrada Palmanova-Tarvisio,4930.283,3352.4802412404956,1232.57075,170.0,,,2965.0,IT*F2X*EF2XITW1101,A23 Autostrada Palmanova-Tarvisio,46.18619,13.118897,0.0,46.18619,13.118897,1.0,2.0,0.0,0.0,0.0,0.0,0.0,0.0,0.0,0.0,0.0,0.0,0.0,0.0,0.0,0.0,0.0,0.0,0.0,no
IT*F2X*EF2XITW1102,A23 Autostrada Palmanova-Tarvisio,8247.865,5608.2116699772405,2061.96625,284.0,,,3015.0,IT*F2X*EF2XITW1102,A23 Autostrada Palmanova-Tarvisio,46.186181,13.118957,0.0,46.186181,13.118957,1.0,2.0,0.0,0.0,0.0,0.0,0.0,0.0,0.0,0.0,0.0,0.0,0.0,0.0,0.0,0.0,0.0,0.0,0.0,no
IT*F2X*EF2XITW3001,A23 Autostrada Palmanova-Tarvisio,9249.393,6289.435181849773,2312.34825,282.0,,,22.0,IT*F2X*EF2XITW3001,A23 Autostrada Palmanova-Tarvisio,46.498992,13.375473,0.0,46.498992,13.375473,2.0,1.0,5.0,0.0,0.0,0.0,0.0,0.0,0.0,0.0,0.0,0.0,0.0,0.0,0.0,0.0,0.0,0.0,0.0,no
IT*F2X*EF2XITW3002,A23 Autostrada Palmanova-Tarvisio,7266.661,4941.215543587705,1816.66525,222.0,,,72.0,IT*F2X*EF2XITW3002,A23 Autostrada Palmanova-Tarvisio,46.498977,13.375566,0.0,46.498977,13.375566,2.0,1.0,5.0,0.0,0.0,0.0,0.0,0.0,0.0,0.0,0.0,0.0,0.0,0.0,0.0,0.0,0.0,0.0,0.0,no
IT*F2X*EF2XITW3051,A23 Autostrada Palmanova-Tarvisio,300.421,162.69383332817023,75.10525,25.0,,,123.0,IT*F2X*EF2XITW3051,A23 Autostrada Palmanova-Tarvisio,46.499013,13.3754,0.0,46.499013,13.3754,2.0,1.0,5.0,0.0,0.0,0.0,0.0,0.0,0.0,0.0,0.0,0.0,0.0,0.0,0.0,0.0,0.0,0.0,0.0,no
IT*F2X*EF2XITX2001,A26 - Autostrada dei Trafori,58125.199,39524.949532476734,14531.29975,1979.0,,,1125.0,IT*F2X*EF2XITX2001,A26 - Autostrada dei Trafori,44.591343,8.665681,0.0,44.591343,8.665681,2.0,2.0,6.0,0.0,0.0,0.0,0.0,0.0,0.0,0.0,0.0,0.0,0.0,0.0,0.0,0.0,0.0,0.0,0.0,no
IT*F2X*EF2XITX2002,A26 - Autostrada dei Trafori,49286.794,33515.22279873059,12321.6985,1744.0,,,1151.0,IT*F2X*EF2XITX2002,A26 - Autostrada dei Trafori,44.59141,8.665706,0.0,44.59141,8.665706,2.0,2.0,6.0,0.0,0.0,0.0,0.0,0.0,0.0,0.0,0.0,0.0,0.0,0.0,0.0,0.0,0.0,0.0,0.0,no
,,,,,,,,1908.0,IT*F2X*EF2XITX2003,A26 - Autostrada dei Trafori,44.591463,8.665741,0.0,44.591463,8.665741,2.0,2.0,6.0,0.0,0.0,0.0,0.0,0.0,0.0,0.0,0.0,0.0,0.0,0.0,0.0,0.0,0.0,0.0,0.0,no
,,,,,,,,1934.0,IT*F2X*EF2XITX2004,A26 - Autostrada dei Trafori,44.591528,8.66577,0.0,44.591528,8.66577,2.0,2.0,6.0,0.0,0.0,0.0,0.0,0.0,0.0,0.0,0.0,0.0,0.0,0.0,0.0,0.0,0.0,0.0,0.0,no
IT*F2X*EF2XITX2051,A26 - Autostrada dei Trafori,4084.516,2161.0829260936734,1021.129,347.0,,,577.0,IT*F2X*EF2XITX2051,A26 - Autostrada dei Trafori,44.591275,8.665651,0.0,44.591275,8.665651,2.0,2.0,6.0,0.0,0.0,0.0,0.0,0.0,0.0,0.0,0.0,0.0,0.0,0.0,0.0,0.0,0.0,0.0,0.0,no
IT*F2X*EF2XITX2101,A26 - Autostrada dei Trafori,55529.37,37759.89472669126,13882.3425,1704.0,,,3912.0,IT*F2X*EF2XITX2101,A26 - Autostrada dei Trafori,44.59224,8.664714,0.0,44.59224,8.664714,2.0,2.0,6.0,0.0,0.0,0.0,0.0,0.0,0.0,0.0,0.0,0.0,0.0,0.0,0.0,0.0,0.0,0.0,0.0,no
IT*F2X*EF2XITX2102,A26 - Autostrada dei Trafori,75912.174,51620.29620579859,18978.0435,2355.0,,,3938.0,IT*F2X*EF2XITX2102,A26 - Autostrada dei Trafori,44.592282,8.664741,0.0,44.592282,8.664741,2.0,2.0,6.0,0.0,0.0,0.0,0.0,0.0,0.0,0.0,0.0,0.0,0.0,0.0,0.0,0.0,0.0,0.0,0.0,no
,,,,,,,,2159.0,IT*F2X*EF2XITX2103,A26 - Autostrada dei Trafori,44.592331,8.664828,0.0,44.592331,8.664828,2.0,2.0,6.0,0.0,0.0,0.0,0.0,0.0,0.0,0.0,0.0,0.0,0.0,0.0,0.0,0.0,0.0,0.0,0.0,no
,,,,,,,,2185.0,IT*F2X*EF2XITX2104,A26 - Autostrada dei Trafori,44.592393,8.664861,0.0,44.592393,8.664861,2.0,2.0,6.0,0.0,0.0,0.0,0.0,0.0,0.0,0.0,0.0,0.0,0.0,0.0,0.0,0.0,0.0,0.0,0.0,no
IT*F2X*EF2XITX2151,A26 - Autostrada dei Trafori,4572.986,2438.3838912649867,1143.2465,327.0,,,5017.0,IT*F2X*EF2XITX2151,A26 - Autostrada dei Trafori,44.592173,8.664706,0.0,44.592173,8.664706,2.0,2.0,6.0,0.0,0.0,0.0,0.0,0.0,0.0,0.0,0.0,0.0,0.0,0.0,0.0,0.0,0.0,0.0,0.0,no
IT*F2X*EF2XITX5001,A26 Autostrada dei Trafori,35351.4,24038.779615388674,8837.85,1198.0,,,682.0,IT*F2X*EF2XITX5001,A26 Autostrada dei Trafori,45.07469,8.51101,0.0,45.07469,8.51101,1.0,2.0,8.0,0.0,0.0,0.0,0.0,0.0,0.0,0.0,0.0,0.0,0.0,0.0,0.0,0.0,0.0,0.0,0.0,no
IT*F2X*EF2XITX5002,A26 Autostrada dei Trafori,39789.156,27056.592456328563,9947.289,1355.0,,,616.0,IT*F2X*EF2XITX5002,A26 Autostrada dei Trafori,45.07462,8.51099,0.0,45.07462,8.51099,1.0,2.0,8.0,0.0,0.0,0.0,0.0,0.0,0.0,0.0,0.0,0.0,0.0,0.0,0.0,0.0,0.0,0.0,0.0,no
IT*F2X*EF2XITX5051,A26 Autostrada dei Trafori,2261.383,1221.4416865454484,565.34575,168.0,,,364.0,IT*F2X*EF2XITX5051,A26 Autostrada dei Trafori,45.07458,8.511,0.0,45.07458,8.511,1.0,2.0,8.0,0.0,0.0,0.0,0.0,0.0,0.0,0.0,0.0,0.0,0.0,0.0,0.0,0.0,0.0,0.0,0.0,no
IT*F2X*EF2XITX5101,A26 Autostrada dei Trafori,39175.056,26638.92405144965,9793.764,1258.0,,,751.0,IT*F2X*EF2XITX5101,A26 Autostrada dei Trafori,45.0749,8.50907,0.0,45.0749,8.50907,1.0,2.0,8.0,0.0,0.0,0.0,0.0,0.0,0.0,0.0,0.0,0.0,0.0,0.0,0.0,0.0,0.0,0.0,0.0,no
IT*F2X*EF2XITX5102,A26 Autostrada dei Trafori,42617.474,28979.67318092535,10654.3685,1310.0,,,817.0,IT*F2X*EF2XITX5102,A26 Autostrada dei Trafori,45.07489,8.50897,0.0,45.07489,8.50897,1.0,2.0,8.0,0.0,0.0,0.0,0.0,0.0,0.0,0.0,0.0,0.0,0.0,0.0,0.0,0.0,0.0,0.0,0.0,no
IT*F2X*EF2XITX5151,A26 Autostrada dei Trafori,3197.731,1712.409244088296,799.43275,226.0,,,465.0,IT*F2X*EF2XITX5151,A26 Autostrada dei Trafori,45.074825,8.508883,0.0,45.074825,8.508883,1.0,2.0,8.0,0.0,0.0,0.0,0.0,0.0,0.0,0.0,0.0,0.0,0.0,0.0,0.0,0.0,0.0,0.0,0.0,no
IT*F2X*EF2XITY3001,A27 - Autostrada d'Alemagna,38492.483,26174.314935075567,9623.12075,1263.0,,,1697.0,IT*F2X*EF2XITY3001,A27 - Autostrada d'Alemagna,45.607796,12.298567,0.0,45.607796,12.298567,3.0,4.0,16.0,0.0,0.0,0.0,0.0,0.0,0.0,0.0,0.0,0.0,0.0,0.0,0.0,0.0,0.0,0.0,0.0,no
IT*F2X*EF2XITY3002,A27 - Autostrada d'Alemagna,19634.235,13351.031278500266,4908.55875,680.0,,,1701.0,IT*F2X*EF2XITY3002,A27 - Autostrada d'Alemagna,45.607797,12.298652,0.0,45.607797,12.298652,3.0,4.0,16.0,0.0,0.0,0.0,0.0,0.0,0.0,0.0,0.0,0.0,0.0,0.0,0.0,0.0,0.0,0.0,0.0,no
IT*F2X*EF2XITY3051,A27 - Autostrada d'Alemagna,2047.254,1101.3794888662808,511.8135,149.0,,,1705.0,IT*F2X*EF2XITY3051,A27 - Autostrada d'Alemagna,45.607532,12.298706,0.0,45.607532,12.298706,3.0,4.0,16.0,0.0,0.0,0.0,0.0,0.0,0.0,0.0,0.0,0.0,0.0,0.0,0.0,0.0,0.0,0.0,0.0,no
IT*F2X*EF2XITY3101,A27 - Autostrada d'Alemagna,27811.057,18911.43,6952.76425,1008.0,,,4534.0,IT*F2X*EF2XITY3101,A27 - Autostrada d'Alemagna,45.60822,12.29714,0.0,45.60822,12.29714,3.0,4.0,17.0,0.0,0.0,0.0,0.0,0.0,0.0,0.0,0.0,0.0,0.0,0.0,1.0,0.0,0.0,0.0,0.0,no
IT*F2X*EF2XITY3102,A27 - Autostrada d'Alemagna,23375.072,15895.132572902772,5843.768,832.0,,,4538.0,IT*F2X*EF2XITY3102,A27 - Autostrada d'Alemagna,45.608097,12.297046,0.0,45.608097,12.297046,3.0,4.0,16.0,0.0,0.0,0.0,0.0,0.0,0.0,0.0,0.0,0.0,0.0,0.0,1.0,0.0,0.0,0.0,0.0,no
IT*F2X*EF2XITY3151,A27 - Autostrada d'Alemagna,1247.266,677.7892694837652,311.8165,109.0,,,3522.0,IT*F2X*EF2XITY3151,A27 - Autostrada d'Alemagna,45.608516,12.29713,0.0,45.608516,12.29713,3.0,4.0,17.0,0.0,0.0,0.0,0.0,0.0,0.0,0.0,0.0,0.0,0.0,0.0,1.0,0.0,0.0,0.0,0.0,no
IT*F2X*EF2XITZ9901,A1 - Autostrada del Sole,67645.576,45998.66740587061,16911.394,2053.0,,,4936.0,IT*F2X*EF2XITZ9901,A1 - Autostrada del Sole,43.58293,11.52257,0.0,43.58293,11.52257,0.0,2.0,11.0,0.0,0.0,0.0,0.0,1.0,0.0,0.0,0.0,0.0,0.0,0.0,1.0,0.0,0.0,0.0,0.0,no
IT*F2X*EF2XITZ9902,A1 - Autostrada del Sole,50754.908,34513.22935729974,12688.727,1515.0,,,3835.0,IT*F2X*EF2XITZ9902,A1 - Autostrada del Sole,43.58289,11.52261,0.0,43.58289,11.52261,0.0,2.0,11.0,0.0,0.0,0.0,0.0,1.0,0.0,0.0,0.0,0.0,0.0,0.0,1.0,0.0,0.0,0.0,0.0,no
,,,,,,,,4965.0,IT*F2X*EF2XITZ9903,A1 - Autostrada del Sole,43.582888,11.522525,0.0,43.582888,11.522525,0.0,2.0,11.0,0.0,0.0,0.0,0.0,1.0,0.0,0.0,0.0,0.0,0.0,0.0,1.0,0.0,0.0,0.0,0.0,no
,,,,,,,,4967.0,IT*F2X*EF2XITZ9904,A1 - Autostrada del Sole,43.582876,11.522547,0.0,43.582876,11.522547,0.0,2.0,11.0,0.0,0.0,0.0,0.0,1.0,0.0,0.0,0.0,0.0,0.0,0.0,1.0,0.0,0.0,0.0,0.0,no
IT*F2X*EF2XITZ9951,A1 - Autostrada del Sole,3542.2,1873.8684775278327,885.55,293.0,,,4951.0,IT*F2X*EF2XITZ9951,A1 - Autostrada del Sole,43.58295,11.52266,0.0,43.58295,11.52266,0.0,2.0,11.0,0.0,0.0,0.0,0.0,1.0,0.0,0.0,0.0,0.0,0.0,0.0,1.0,0.0,0.0,0.0,0.0,no
IT*F2X*EITDGRM00001,Via Alberto Bergamini,0.033,0.022282973066892135,0.00825,2.0,,,,,,,,,,,,,,,,,,,,,,,,,,,,,,
